feature_id,name,category,latitude,longitude,amenity,shop,highway,query_center_lat,query_center_lon
node/7161554509,sri vidya mandir school,other,11.4532638,78.1810046,language_school,,,11.4512338,78.1809576
way/232497136,Unnamed Feature,road,11.4542395,78.1808097,,,residential,11.4512338,78.1809576
way/345715126,Unnamed Feature,road,11.4470942,78.1944276,,,tertiary,11.4512338,78.1809576
way/1013260876,Unnamed Feature,road,11.4529891,78.1820367,,,residential,11.4512338,78.1809576
way/1111536591,Railway Station Rd,road,11.4549139,78.179868,,,residential,11.4512338,78.1809576
way/1222149544,Unnamed Feature,road,11.453098,78.176136,,,residential,11.4512338,78.1809576
way/1222153438,Unnamed Feature,road,11.453924,78.1792104,,,residential,11.4512338,78.1809576
way/1222153439,Unnamed Feature,road,11.4548396,78.1795958,,,residential,11.4512338,78.1809576
way/1222153440,Unnamed Feature,road,11.4538046,78.1800901,,,residential,11.4512338,78.1809576
way/1222153580,Unnamed Feature,road,11.4533042,78.1829984,,,residential,11.4512338,78.1809576
way/1222153581,Unnamed Feature,road,11.4542176,78.1842099,,,residential,11.4512338,78.1809576
way/1222153582,Unnamed Feature,road,11.4545969,78.1835152,,,residential,11.4512338,78.1809576
way/1222153583,Unnamed Feature,road,11.4545996,78.1834213,,,residential,11.4512338,78.1809576
way/1222153584,Unnamed Feature,road,11.4546087,78.1835146,,,residential,11.4512338,78.1809576
way/1222153585,Unnamed Feature,road,11.4546376,78.1826428,,,residential,11.4512338,78.1809576
way/1222153586,Unnamed Feature,road,11.4547967,78.1827882,,,residential,11.4512338,78.1809576
way/1222153587,Unnamed Feature,road,11.4552843,78.182486,,,residential,11.4512338,78.1809576
way/1222153588,Unnamed Feature,road,11.4536058,78.1844433,,,residential,11.4512338,78.1809576
way/1222153589,Unnamed Feature,road,11.4534349,78.1847351,,,residential,11.4512338,78.1809576
way/1222153590,Unnamed Feature,road,11.4532088,78.1845849,,,residential,11.4512338,78.1809576
way/1222162712,Unnamed Feature,road,11.4495338,78.180503,,,residential,11.4512338,78.1809576
way/1222162713,Unnamed Feature,road,11.4521451,78.1807339,,,residential,11.4512338,78.1809576
way/1222162714,Unnamed Feature,road,11.4522713,78.1800499,,,residential,11.4512338,78.1809576
way/1222162715,Unnamed Feature,road,11.4523143,78.1816914,,,residential,11.4512338,78.1809576
way/1222162716,Unnamed Feature,road,11.4525042,78.1821286,,,residential,11.4512338,78.1809576
way/1222162717,Unnamed Feature,road,11.452529,78.1828103,,,residential,11.4512338,78.1809576
way/1222162718,Unnamed Feature,road,11.4521794,78.1824175,,,residential,11.4512338,78.1809576
way/1222162719,Unnamed Feature,road,11.4521816,78.1821306,,,residential,11.4512338,78.1809576
way/1222162720,Unnamed Feature,road,11.450862,78.1824931,,,residential,11.4512338,78.1809576
way/1222162721,Unnamed Feature,road,11.4509712,78.1809597,,,residential,11.4512338,78.1809576
way/1222162722,Unnamed Feature,road,11.4513002,78.1809089,,,residential,11.4512338,78.1809576
way/1222162723,Unnamed Feature,road,11.4505403,78.1816333,,,residential,11.4512338,78.1809576
node/13394874186,SONA College of Technology,education,11.6777737,78.1242606,college,,,11.680273699999999,78.1217606
way/31857637,Unnamed Feature,road,11.6757129,78.1181754,,,residential,11.680273699999999,78.1217606
way/31857652,Unnamed Feature,road,11.6825341,78.119444,,,residential,11.680273699999999,78.1217606
way/31857665,Unnamed Feature,road,11.6819304,78.1224712,,,residential,11.680273699999999,78.1217606
way/31857689,Unnamed Feature,road,11.6757439,78.1217414,,,tertiary,11.680273699999999,78.1217606
way/101252198,Unnamed Feature,road,11.6769829,78.1266928,,,trunk,11.680273699999999,78.1217606
way/207905955,Unnamed Feature,road,11.6796416,78.1220969,,,residential,11.680273699999999,78.1217606
way/207905962,Unnamed Feature,road,11.679078,78.1231313,,,residential,11.680273699999999,78.1217606
way/207905973,Unnamed Feature,road,11.6801464,78.1233308,,,residential,11.680273699999999,78.1217606
way/207905974,Unnamed Feature,road,11.6782501,78.1201454,,,residential,11.680273699999999,78.1217606
way/207905980,Unnamed Feature,road,11.6802808,78.1229632,,,residential,11.680273699999999,78.1217606
way/207905982,Unnamed Feature,road,11.67918,78.1227533,,,residential,11.680273699999999,78.1217606
way/207905985,Unnamed Feature,road,11.6756272,78.1218944,,,residential,11.680273699999999,78.1217606
way/207905989,Unnamed Feature,road,11.6783313,78.1225929,,,residential,11.680273699999999,78.1217606
way/207906003,Unnamed Feature,road,11.6806171,78.1211234,,,residential,11.680273699999999,78.1217606
way/207906006,Unnamed Feature,road,11.6810247,78.1228191,,,residential,11.680273699999999,78.1217606
way/207906012,Unnamed Feature,road,11.6775757,78.1238929,,,residential,11.680273699999999,78.1217606
way/208361886,Unnamed Feature,road,11.6772362,78.1198565,,,residential,11.680273699999999,78.1217606
way/208361911,Unnamed Feature,road,11.6807195,78.1192911,,,residential,11.680273699999999,78.1217606
way/208361964,Unnamed Feature,road,11.6796011,78.118764,,,residential,11.680273699999999,78.1217606
way/208362009,Unnamed Feature,road,11.6802332,78.1187912,,,residential,11.680273699999999,78.1217606
way/208362016,Unnamed Feature,road,11.6792326,78.1165726,,,residential,11.680273699999999,78.1217606
way/208362037,Unnamed Feature,road,11.6830961,78.1191386,,,residential,11.680273699999999,78.1217606
way/208362039,Unnamed Feature,road,11.6800956,78.1204171,,,residential,11.680273699999999,78.1217606
way/238321918,Unnamed Feature,road,11.6769723,78.1266332,,,trunk,11.680273699999999,78.1217606
way/374690845,Unnamed Feature,road,11.6796077,78.1265929,,,tertiary,11.680273699999999,78.1217606
way/481329162,Unnamed Feature,road,11.6791248,78.1199225,,,residential,11.680273699999999,78.1217606
way/481329163,Unnamed Feature,road,11.6812078,78.1217243,,,residential,11.680273699999999,78.1217606
way/481329166,Unnamed Feature,road,11.6781092,78.1232749,,,residential,11.680273699999999,78.1217606
way/481329167,Unnamed Feature,road,11.6789668,78.1221597,,,residential,11.680273699999999,78.1217606
way/481329169,Unnamed Feature,road,11.6814125,78.1222315,,,residential,11.680273699999999,78.1217606
way/481329170,Unnamed Feature,road,11.6793428,78.1195046,,,residential,11.680273699999999,78.1217606
way/481329171,Unnamed Feature,road,11.6821462,78.1200812,,,residential,11.680273699999999,78.1217606
way/481329173,Unnamed Feature,road,11.6795924,78.1214704,,,residential,11.680273699999999,78.1217606
way/481329174,Unnamed Feature,road,11.6768068,78.120648,,,residential,11.680273699999999,78.1217606
way/481329177,Unnamed Feature,road,11.678525,78.1203997,,,residential,11.680273699999999,78.1217606
way/481329178,Unnamed Feature,road,11.6807452,78.1210173,,,residential,11.680273699999999,78.1217606
way/481329179,Unnamed Feature,road,11.6770778,78.1183871,,,residential,11.680273699999999,78.1217606
way/481329181,Unnamed Feature,road,11.6810185,78.1246294,,,residential,11.680273699999999,78.1217606
way/481329182,Unnamed Feature,road,11.6820186,78.1212988,,,residential,11.680273699999999,78.1217606
way/481329183,Unnamed Feature,road,11.683379,78.1238761,,,residential,11.680273699999999,78.1217606
way/481329184,Unnamed Feature,road,11.6803814,78.1183514,,,residential,11.680273699999999,78.1217606
way/481329186,Unnamed Feature,road,11.6809554,78.1258586,,,residential,11.680273699999999,78.1217606
way/481329187,Unnamed Feature,road,11.6825551,78.1205893,,,residential,11.680273699999999,78.1217606
way/481329188,Unnamed Feature,road,11.6817256,78.1252496,,,residential,11.680273699999999,78.1217606
way/481329189,Unnamed Feature,road,11.680014,78.1235978,,,residential,11.680273699999999,78.1217606
way/481329190,Unnamed Feature,road,11.6791246,78.1209252,,,residential,11.680273699999999,78.1217606
way/481329191,Unnamed Feature,road,11.6808364,78.1210032,,,residential,11.680273699999999,78.1217606
way/481329193,Unnamed Feature,road,11.6791491,78.1179071,,,residential,11.680273699999999,78.1217606
way/481329206,Unnamed Feature,road,11.679573,78.1251486,,,residential,11.680273699999999,78.1217606
way/481329207,Unnamed Feature,road,11.6847871,78.1208688,,,residential,11.680273699999999,78.1217606
way/481329208,Unnamed Feature,road,11.6833669,78.1205543,,,residential,11.680273699999999,78.1217606
way/481329210,Unnamed Feature,road,11.6836639,78.1201777,,,residential,11.680273699999999,78.1217606
way/481329214,Unnamed Feature,road,11.6801057,78.1223002,,,residential,11.680273699999999,78.1217606
way/481329215,Unnamed Feature,road,11.6795642,78.1211656,,,residential,11.680273699999999,78.1217606
way/481329217,Unnamed Feature,road,11.680919,78.1230688,,,residential,11.680273699999999,78.1217606
way/481329218,Unnamed Feature,road,11.683405,78.1217783,,,residential,11.680273699999999,78.1217606
way/481329219,Unnamed Feature,road,11.6791923,78.1184461,,,residential,11.680273699999999,78.1217606
way/481329221,Unnamed Feature,road,11.6835434,78.1220321,,,residential,11.680273699999999,78.1217606
way/481329222,Unnamed Feature,road,11.6778702,78.121435,,,residential,11.680273699999999,78.1217606
way/481329224,Unnamed Feature,road,11.6819675,78.1244649,,,residential,11.680273699999999,78.1217606
way/481329226,Unnamed Feature,road,11.6808773,78.122293,,,residential,11.680273699999999,78.1217606
way/481329227,Unnamed Feature,road,11.6797294,78.121605,,,residential,11.680273699999999,78.1217606
way/481329228,Unnamed Feature,road,11.6810167,78.1201019,,,residential,11.680273699999999,78.1217606
way/481329229,Unnamed Feature,road,11.679744,78.1246158,,,residential,11.680273699999999,78.1217606
way/481329230,Unnamed Feature,road,11.6781169,78.1178949,,,residential,11.680273699999999,78.1217606
way/481329232,Unnamed Feature,road,11.6759343,78.1203263,,,residential,11.680273699999999,78.1217606
way/481329233,Unnamed Feature,road,11.679836,78.1222655,,,residential,11.680273699999999,78.1217606
way/481329236,Unnamed Feature,road,11.6756752,78.1215964,,,residential,11.680273699999999,78.1217606
way/481329237,Unnamed Feature,road,11.6803331,78.1216846,,,residential,11.680273699999999,78.1217606
way/481329239,Unnamed Feature,road,11.6848434,78.1223092,,,residential,11.680273699999999,78.1217606
way/481329240,Unnamed Feature,road,11.6829648,78.1207915,,,residential,11.680273699999999,78.1217606
way/481329243,Unnamed Feature,road,11.6812077,78.1214822,,,residential,11.680273699999999,78.1217606
way/481329245,Unnamed Feature,road,11.6795683,78.125446,,,residential,11.680273699999999,78.1217606
way/481329249,Unnamed Feature,road,11.6781194,78.1226941,,,residential,11.680273699999999,78.1217606
way/481329250,Unnamed Feature,road,11.6811893,78.1246878,,,residential,11.680273699999999,78.1217606
way/481329251,Unnamed Feature,road,11.678846,78.1193741,,,residential,11.680273699999999,78.1217606
way/481329255,Unnamed Feature,road,11.6785936,78.1200073,,,residential,11.680273699999999,78.1217606
way/481329256,Unnamed Feature,road,11.6842936,78.1198545,,,residential,11.680273699999999,78.1217606
way/481329257,Unnamed Feature,road,11.6826418,78.1212116,,,residential,11.680273699999999,78.1217606
way/481329258,Unnamed Feature,road,11.6780112,78.1184479,,,residential,11.680273699999999,78.1217606
way/481329262,Unnamed Feature,road,11.6817164,78.1242546,,,residential,11.680273699999999,78.1217606
way/481329263,Unnamed Feature,road,11.6821388,78.121229,,,residential,11.680273699999999,78.1217606
way/481329265,Unnamed Feature,road,11.6801178,78.1240433,,,residential,11.680273699999999,78.1217606
way/481329266,Unnamed Feature,road,11.6825854,78.11982,,,residential,11.680273699999999,78.1217606
way/481329267,Unnamed Feature,road,11.6818136,78.1202094,,,residential,11.680273699999999,78.1217606
way/481329268,Unnamed Feature,road,11.6833957,78.1210889,,,residential,11.680273699999999,78.1217606
way/481329269,Unnamed Feature,road,11.676023,78.1201233,,,residential,11.680273699999999,78.1217606
way/481329270,Unnamed Feature,road,11.6789505,78.1198538,,,residential,11.680273699999999,78.1217606
way/481329272,Unnamed Feature,road,11.6789688,78.1210046,,,residential,11.680273699999999,78.1217606
way/481329274,Unnamed Feature,road,11.6831168,78.1195891,,,residential,11.680273699999999,78.1217606
way/481329275,Unnamed Feature,road,11.6760542,78.1225135,,,residential,11.680273699999999,78.1217606
way/481329276,Unnamed Feature,road,11.6813678,78.125694,,,residential,11.680273699999999,78.1217606
way/481329277,Unnamed Feature,road,11.6799713,78.1215615,,,residential,11.680273699999999,78.1217606
way/481329279,Unnamed Feature,road,11.6795732,78.1199631,,,residential,11.680273699999999,78.1217606
way/481329280,Unnamed Feature,road,11.677014,78.1204078,,,residential,11.680273699999999,78.1217606
way/481329281,Unnamed Feature,road,11.6763553,78.1202086,,,residential,11.680273699999999,78.1217606
way/481329282,Unnamed Feature,road,11.6823994,78.1210964,,,residential,11.680273699999999,78.1217606
way/481329285,Unnamed Feature,road,11.6780734,78.1216086,,,residential,11.680273699999999,78.1217606
way/481329286,Unnamed Feature,road,11.6781103,78.1193445,,,residential,11.680273699999999,78.1217606
way/481329288,Unnamed Feature,road,11.6846721,78.1200714,,,residential,11.680273699999999,78.1217606
way/481329289,Unnamed Feature,road,11.6807296,78.1200535,,,residential,11.680273699999999,78.1217606
way/481329290,Unnamed Feature,road,11.6802159,78.1222729,,,residential,11.680273699999999,78.1217606
way/481329291,Unnamed Feature,road,11.6801767,78.1218434,,,residential,11.680273699999999,78.1217606
way/481329292,Unnamed Feature,road,11.6801927,78.1203923,,,residential,11.680273699999999,78.1217606
way/481329293,Unnamed Feature,road,11.6817764,78.1249284,,,residential,11.680273699999999,78.1217606
way/481329295,Unnamed Feature,road,11.6797779,78.1198965,,,residential,11.680273699999999,78.1217606
way/481329296,Unnamed Feature,road,11.6778676,78.1222406,,,residential,11.680273699999999,78.1217606
way/481329297,Unnamed Feature,road,11.6800746,78.125324,,,residential,11.680273699999999,78.1217606
way/481329303,Unnamed Feature,road,11.6851249,78.1205695,,,residential,11.680273699999999,78.1217606
way/481329307,Unnamed Feature,road,11.6773193,78.1183203,,,residential,11.680273699999999,78.1217606
way/481329309,Unnamed Feature,road,11.679964,78.1190135,,,residential,11.680273699999999,78.1217606
way/481329310,Unnamed Feature,road,11.6761907,78.1219965,,,residential,11.680273699999999,78.1217606
way/481329312,Unnamed Feature,road,11.6802042,78.1243289,,,residential,11.680273699999999,78.1217606
way/481329314,Unnamed Feature,road,11.6784423,78.1206972,,,residential,11.680273699999999,78.1217606
way/481329316,Unnamed Feature,road,11.6807575,78.1247862,,,residential,11.680273699999999,78.1217606
way/481329317,Unnamed Feature,road,11.6814069,78.1233424,,,residential,11.680273699999999,78.1217606
way/481329318,Unnamed Feature,road,11.6805536,78.1225206,,,residential,11.680273699999999,78.1217606
way/481329319,Unnamed Feature,road,11.6810414,78.1203852,,,residential,11.680273699999999,78.1217606
way/481329320,Unnamed Feature,road,11.6797888,78.1192377,,,residential,11.680273699999999,78.1217606
way/481329321,Unnamed Feature,road,11.677314,78.1204096,,,residential,11.680273699999999,78.1217606
way/481329322,Unnamed Feature,road,11.6781804,78.1187379,,,residential,11.680273699999999,78.1217606
way/481329323,Unnamed Feature,road,11.6836603,78.122946,,,residential,11.680273699999999,78.1217606
way/481329328,Unnamed Feature,road,11.6824448,78.1201423,,,residential,11.680273699999999,78.1217606
way/481329330,Unnamed Feature,road,11.6821446,78.1180318,,,residential,11.680273699999999,78.1217606
way/481329331,Unnamed Feature,road,11.681531,78.1184317,,,residential,11.680273699999999,78.1217606
way/481329332,Unnamed Feature,road,11.6836642,78.1189093,,,residential,11.680273699999999,78.1217606
way/481329333,Unnamed Feature,road,11.681593,78.1217135,,,residential,11.680273699999999,78.1217606
way/481329334,Unnamed Feature,road,11.681316,78.1213065,,,residential,11.680273699999999,78.1217606
way/481329335,Unnamed Feature,road,11.6777399,78.121375,,,residential,11.680273699999999,78.1217606
way/481329337,Unnamed Feature,road,11.6765892,78.1195528,,,residential,11.680273699999999,78.1217606
way/481329338,Unnamed Feature,road,11.6804761,78.1215605,,,residential,11.680273699999999,78.1217606
way/481329339,Unnamed Feature,road,11.6791289,78.123488,,,residential,11.680273699999999,78.1217606
way/481329340,Unnamed Feature,road,11.6846445,78.1208999,,,residential,11.680273699999999,78.1217606
way/481329342,Unnamed Feature,road,11.6780559,78.1182356,,,residential,11.680273699999999,78.1217606
way/481329344,Unnamed Feature,road,11.678927,78.1189311,,,residential,11.680273699999999,78.1217606
way/481329345,Unnamed Feature,road,11.6832041,78.1206873,,,residential,11.680273699999999,78.1217606
way/481329347,Unnamed Feature,road,11.6762346,78.1193516,,,residential,11.680273699999999,78.1217606
way/481329348,Unnamed Feature,road,11.6836969,78.1203413,,,residential,11.680273699999999,78.1217606
way/481329350,Unnamed Feature,road,11.6843767,78.1215918,,,residential,11.680273699999999,78.1217606
way/481329351,Unnamed Feature,road,11.6777597,78.1193186,,,residential,11.680273699999999,78.1217606
way/482588294,Unnamed Feature,road,11.6815804,78.1178542,,,residential,11.680273699999999,78.1217606
way/482588301,Unnamed Feature,road,11.6827745,78.117953,,,residential,11.680273699999999,78.1217606
way/482588306,Unnamed Feature,road,11.6836916,78.1196264,,,residential,11.680273699999999,78.1217606
way/482588334,Unnamed Feature,road,11.6834166,78.1208747,,,residential,11.680273699999999,78.1217606
way/979995705,Unnamed Feature,road,11.6791191,78.125032,,,unclassified,11.680273699999999,78.1217606
way/979995706,Unnamed Feature,road,11.6763734,78.1256032,,,unclassified,11.680273699999999,78.1217606
way/979995707,Unnamed Feature,road,11.6772096,78.125428,,,unclassified,11.680273699999999,78.1217606
way/979995711,Unnamed Feature,road,11.6779029,78.1257303,,,unclassified,11.680273699999999,78.1217606
way/1017058815,Unnamed Feature,road,11.6847749,78.1231151,,,tertiary,11.680273699999999,78.1217606
way/1017058816,Unnamed Feature,road,11.6848782,78.1226546,,,tertiary,11.680273699999999,78.1217606
way/1043789702,Unnamed Feature,road,11.6847081,78.1231538,,,trunk,11.680273699999999,78.1217606
way/1043789703,Unnamed Feature,road,11.6848296,78.1228657,,,trunk,11.680273699999999,78.1217606
way/1192973394,Unnamed Feature,road,11.683534,78.1245436,,,tertiary,11.680273699999999,78.1217606
way/1192973395,Unnamed Feature,road,11.6833382,78.1251174,,,tertiary_link,11.680273699999999,78.1217606
way/1192973396,Unnamed Feature,road,11.6835108,78.1244996,,,tertiary_link,11.680273699999999,78.1217606
way/1196872474,Unnamed Feature,road,11.6797329,78.1260934,,,residential,11.680273699999999,78.1217606
way/1214253913,Unnamed Feature,road,11.6784911,78.1212754,,,residential,11.680273699999999,78.1217606
way/1214253914,Unnamed Feature,road,11.6773908,78.1192032,,,residential,11.680273699999999,78.1217606
way/1230261747,Unnamed Feature,road,11.6825034,78.1256377,,,tertiary,11.680273699999999,78.1217606
way/1287584644,Unnamed Feature,road,11.6841968,78.1229249,,,residential,11.680273699999999,78.1217606
way/1301980865,Unnamed Feature,road,11.6807619,78.1232466,,,residential,11.680273699999999,78.1217606
way/1318366844,Unnamed Feature,road,11.6831623,78.1252138,,,trunk,11.680273699999999,78.1217606
way/1318366845,Unnamed Feature,road,11.683282,78.1249313,,,trunk,11.680273699999999,78.1217606
node/4273581391,Avin Store,restaurant,11.0064076,76.9606716,cafe,,,11.0043115,76.9603425
node/4878934413,Sri Vaari pharmacy,pharmacy,11.0037607,76.9560947,pharmacy,,,11.0043115,76.9603425
node/4878934414,State Bank of India,bank,11.0043615,76.9557815,bank,,,11.0043115,76.9603425
node/5281168121,Unnamed Feature,shop_bakery,11.0026468,76.956196,,bakery,,11.0043115,76.9603425
node/6110273268,Lifestyle,shop_clothes,11.00821,76.95994,,clothes,,11.0043115,76.9603425
node/6110273269,Roasted Sand,shop_yes,11.0078526,76.9604445,,yes,,11.0043115,76.9603425
node/6110273270,Tomy Hilfiger Store,shop_yes,11.0084502,76.9599287,,yes,,11.0043115,76.9603425
node/6110273271,Puma,shop_clothes,11.0085823,76.9598585,,clothes,,11.0043115,76.9603425
node/6110273272,The Body Shop,shop_cosmetics,11.0085228,76.9596081,,cosmetics,,11.0043115,76.9603425
node/6110273273,Zimson Watches,shop_watches,11.0086829,76.9594792,,watches,,11.0043115,76.9603425
node/6403590387,Xiaomi,shop_mobile_phone,11.0086869,76.9597238,,mobile_phone,,11.0043115,76.9603425
node/6403593226,Apple Store,shop_electronics,11.008764,76.9596835,,electronics,,11.0043115,76.9603425
node/6886497234,IMA Rotary Midtown Mahaveer Blood Bank,other,11.0061691,76.9605938,blood_bank,,,11.0043115,76.9603425
node/7844131964,Vishnu Hospital,healthcare,11.0076298,76.9576345,hospital,,,11.0043115,76.9603425
node/7844131987,Seethalakshmi Maternity Hospital,healthcare,11.0065379,76.9600631,hospital,,,11.0043115,76.9603425
way/22964201,Goods Shed Road Flyover,road,11.0008265,76.9631902,,,secondary,11.0043115,76.9603425
way/25842789,Station Flyover,road,11.0014605,76.9627241,,,trunk,11.0043115,76.9603425
way/26321627,Sukrawarpettai Mill Road,road,11.0005353,76.9590026,,,trunk,11.0043115,76.9603425
way/27041519,"Chellappa Gounder Street, Katoor",road,11.0081685,76.963302,,,unclassified,11.0043115,76.9603425
way/27041532,Vivekanada Road,road,11.0099791,76.9616569,,,tertiary,11.0043115,76.9603425
way/29980764,Unnamed Feature,road,11.0057772,76.9596274,,,residential,11.0043115,76.9603425
way/29980765,Unnamed Feature,road,11.005306,76.9584938,,,residential,11.0043115,76.9603425
way/29980767,Unnamed Feature,road,11.007198,76.9578123,,,residential,11.0043115,76.9603425
way/29980768,Unnamed Feature,road,11.0052428,76.9569427,,,residential,11.0043115,76.9603425
way/29980769,Unnamed Feature,road,11.0068167,76.9580276,,,tertiary,11.0043115,76.9603425
way/29980784,Unnamed Feature,road,11.0042476,76.9516422,,,residential,11.0043115,76.9603425
way/29980785,Arunachalam Street,road,11.0031319,76.9521783,,,residential,11.0043115,76.9603425
way/29980786,Venkatakrishna Street,road,11.0027738,76.9545378,,,residential,11.0043115,76.9603425
way/29980789,Langarkana Road,road,11.0040349,76.9544068,,,residential,11.0043115,76.9603425
way/29980792,Unnamed Feature,road,11.0022373,76.9555259,,,residential,11.0043115,76.9603425
way/29980822,Unnamed Feature,road,11.0079433,76.9570524,,,residential,11.0043115,76.9603425
way/29982714,Ranga Konar Street,road,11.0059149,76.9646765,,,residential,11.0043115,76.9603425
way/29982715,Mariappa Konnar Street,road,11.0061876,76.9640624,,,residential,11.0043115,76.9603425
way/29982716,Unnamed Feature,road,11.0041551,76.9638995,,,unclassified,11.0043115,76.9603425
way/29982718,Unnamed Feature,road,11.0024603,76.9644704,,,residential,11.0043115,76.9603425
way/29994511,Mettupalayam Road,road,11.0024939,76.956285,,,trunk,11.0043115,76.9603425
way/30919011,Oppanakara Street,road,10.9968864,76.9589955,,,trunk,11.0043115,76.9603425
way/62288250,N.H. Road,road,10.9979702,76.9602436,,,trunk,11.0043115,76.9603425
way/62288294,Unnamed Feature,road,11.0059021,76.9568755,,,residential,11.0043115,76.9603425
way/62289816,Unnamed Feature,road,11.0059614,76.9586916,,,residential,11.0043115,76.9603425
way/66058391,Station Flyover,road,11.0014055,76.9623923,,,trunk,11.0043115,76.9603425
way/66058394,Station Flyover,road,11.0013491,76.9624121,,,trunk,11.0043115,76.9603425
way/66058401,Unnamed Feature,road,11.0032832,76.9572084,,,residential,11.0043115,76.9603425
way/66239973,Avinashi Road Railway Flyover,road,11.0017518,76.9636,,,trunk,11.0043115,76.9603425
way/66239975,Unnamed Feature,road,11.0078793,76.962953,,,residential,11.0043115,76.9603425
way/66297870,Station Flyover,road,11.00134,76.9621965,,,trunk,11.0043115,76.9603425
way/134823126,Unnamed Feature,road,11.0010525,76.9596497,,,residential,11.0043115,76.9603425
way/134823127,Unnamed Feature,road,11.0018518,76.9584473,,,residential,11.0043115,76.9603425
way/134923580,Unnamed Feature,road,11.0037301,76.9565924,,,residential,11.0043115,76.9603425
way/134923583,Unnamed Feature,road,11.0008909,76.9584591,,,residential,11.0043115,76.9603425
way/134923587,Unnamed Feature,road,11.0028089,76.9569757,,,residential,11.0043115,76.9603425
way/134923588,Unnamed Feature,road,11.0019489,76.9594699,,,residential,11.0043115,76.9603425
way/134923589,Unnamed Feature,road,11.0039185,76.9571026,,,residential,11.0043115,76.9603425
way/134923592,Unnamed Feature,road,11.0034358,76.958341,,,residential,11.0043115,76.9603425
way/134923594,Unnamed Feature,road,10.9988605,76.9607166,,,residential,11.0043115,76.9603425
way/134923596,Unnamed Feature,road,11.0034519,76.9591722,,,residential,11.0043115,76.9603425
way/134923598,Unnamed Feature,road,11.0021658,76.9579097,,,residential,11.0043115,76.9603425
way/155817946,Unnamed Feature,road,11.0021861,76.9654029,,,tertiary,11.0043115,76.9603425
way/206609405,ESIC Staff Quarters,road,11.0067384,76.9628325,,,residential,11.0043115,76.9603425
way/206609406,ESIC Staff Quarters,road,11.0069439,76.9625165,,,residential,11.0043115,76.9603425
way/206609407,ESIC Staff Quarters,road,11.0069138,76.9620741,,,residential,11.0043115,76.9603425
way/206609416,Unnamed Feature,road,11.0072051,76.9629656,,,residential,11.0043115,76.9603425
way/206609417,Unnamed Feature,road,11.0069977,76.963453,,,residential,11.0043115,76.9603425
way/206609419,Unnamed Feature,road,11.0084601,76.9609112,,,residential,11.0043115,76.9603425
way/206609432,ranga konar st,road,11.0066578,76.9652705,,,residential,11.0043115,76.9603425
way/241418557,Sukrawarpettai Mill Road,road,11.0008884,76.9605899,,,trunk,11.0043115,76.9603425
way/255924992,Patel Road,road,11.0125106,76.9593727,,,unclassified,11.0043115,76.9603425
way/293066627,Devanga High School,education,11.0080335,76.9590833,school,,,11.0043115,76.9603425
way/293066628,Krishnasamy Road,road,11.0065012,76.9608422,,,secondary,11.0043115,76.9603425
way/293066642,Unnamed Feature,road,11.0024229,76.9634161,,,service,11.0043115,76.9603425
way/293066646,Unnamed Feature,road,11.0008439,76.9631771,,,secondary_link,11.0043115,76.9603425
way/293066647,Unnamed Feature,road,11.0014769,76.9627283,,,secondary_link,11.0043115,76.9603425
way/293066649,Unnamed Feature,road,11.0013119,76.9620317,,,secondary_link,11.0043115,76.9603425
way/293066650,Unnamed Feature,road,11.0008666,76.9632081,,,secondary_link,11.0043115,76.9603425
way/293066651,Unnamed Feature,road,11.0012707,76.9620389,,,secondary_link,11.0043115,76.9603425
way/293066652,Krishnasamy Road,road,11.001698,76.9633227,,,secondary,11.0043115,76.9603425
way/374785131,Unnamed Feature,road,11.0032732,76.9577367,,,residential,11.0043115,76.9603425
way/374785133,Unnamed Feature,road,11.0040746,76.9572215,,,residential,11.0043115,76.9603425
way/374785135,Unnamed Feature,road,11.0046032,76.9572908,,,residential,11.0043115,76.9603425
way/374785141,Unnamed Feature,road,11.004062,76.9579446,,,residential,11.0043115,76.9603425
way/374785142,Unnamed Feature,road,11.0039949,76.9573817,,,residential,11.0043115,76.9603425
way/374785143,Unnamed Feature,road,10.9996121,76.9610809,,,residential,11.0043115,76.9603425
way/374785145,Unnamed Feature,road,11.0010361,76.957962,,,unclassified,11.0043115,76.9603425
way/377992177,Unnamed Feature,road,11.0030082,76.9575372,,,unclassified,11.0043115,76.9603425
way/377992178,Unnamed Feature,road,11.0030658,76.958097,,,unclassified,11.0043115,76.9603425
way/405629529,Krishnasamy Road,road,11.0018221,76.9632204,,,secondary,11.0043115,76.9603425
way/415421216,Unnamed Feature,road,11.0024741,76.9619211,,,service,11.0043115,76.9603425
way/581645042,Unnamed Feature,road,11.0049958,76.9569791,,,residential,11.0043115,76.9603425
way/593359215,Mettupalayam Road,road,11.0053245,76.9558542,,,trunk,11.0043115,76.9603425
way/593359224,Shanmuga Theatre Road,road,11.007423,76.9570677,,,residential,11.0043115,76.9603425
way/651640776,Seventh Day Adventist Matriculation School,education,11.0078041,76.9617807,school,,,11.0043115,76.9603425
way/671975741,Avinashi Road Railway Flyover,road,11.0018902,76.9647811,,,trunk,11.0043115,76.9603425
way/742068531,Unnamed Feature,road,11.0089559,76.9594277,,,service,11.0043115,76.9603425
way/908257261,Unnamed Feature,road,11.0016055,76.9583648,,,residential,11.0043115,76.9603425
way/908257536,Unnamed Feature,road,11.0015913,76.9572015,,,residential,11.0043115,76.9603425
way/910711556,Unnamed Feature,road,11.0002609,76.960392,,,residential,11.0043115,76.9603425
way/910711557,Unnamed Feature,road,10.9999908,76.9604047,,,living_street,11.0043115,76.9603425
way/914542950,Unnamed Feature,road,11.0019932,76.9614239,,,residential,11.0043115,76.9603425
way/914571615,Unnamed Feature,road,11.0041782,76.9568427,,,residential,11.0043115,76.9603425
way/993568905,Unnamed Feature,road,11.0020199,76.9569714,,,residential,11.0043115,76.9603425
way/993568906,Unnamed Feature,road,11.0010763,76.9573196,,,residential,11.0043115,76.9603425
way/993568907,Unnamed Feature,road,11.0016144,76.9608134,,,residential,11.0043115,76.9603425
way/993568918,Unnamed Feature,road,11.0062955,76.9569809,,,residential,11.0043115,76.9603425
way/1013948616,Sukrawarpettai Mill Road,road,11.0004039,76.9581545,,,trunk,11.0043115,76.9603425
way/1015184556,Mettupalayam Road,road,11.0044662,76.9559609,,,trunk,11.0043115,76.9603425
way/1015184557,Mettupalayam Road,road,11.0045531,76.9558713,,,trunk,11.0043115,76.9603425
way/1015184558,Mettupalayam Road,road,11.0047759,76.9559274,,,trunk,11.0043115,76.9603425
way/1054205836,Krishnasamy Road,road,11.0039934,76.9624094,,,secondary,11.0043115,76.9603425
way/1054205839,Unnamed Feature,road,11.0090452,76.9588854,,,secondary,11.0043115,76.9603425
way/1054205840,Unnamed Feature,road,11.0071439,76.9603843,,,tertiary,11.0043115,76.9603425
way/1055460321,Unnamed Feature,road,11.0077369,76.9600362,,,service,11.0043115,76.9603425
way/1102562550,Unnamed Feature,road,11.0002314,76.9620714,,,residential,11.0043115,76.9603425
way/1118327653,Mettupalayam Road,road,11.0038741,76.9560156,,,trunk,11.0043115,76.9603425
way/1118700045,Unnamed Feature,road,11.0032067,76.9586842,,,residential,11.0043115,76.9603425
way/1190165372,Unnamed Feature,road,11.0055065,76.9594485,,,residential,11.0043115,76.9603425
way/1225590818,Unnamed Feature,road,11.0074666,76.9603674,,,service,11.0043115,76.9603425
way/1225590819,Unnamed Feature,road,11.0073946,76.9604606,,,service,11.0043115,76.9603425
way/1266001055,Unnamed Feature,road,10.9996717,76.959457,,,living_street,11.0043115,76.9603425
way/1266001056,Unnamed Feature,road,11.000038,76.9591325,,,living_street,11.0043115,76.9603425
way/1266001678,Unnamed Feature,road,10.9998452,76.9600535,,,residential,11.0043115,76.9603425
way/1308557062,Underpass,road,11.0018313,76.9641503,,,secondary_link,11.0043115,76.9603425
way/1308559393,Unnamed Feature,road,11.0040511,76.9615146,,,path,11.0043115,76.9603425
way/1308559394,Unnamed Feature,road,11.0034486,76.962124,,,path,11.0043115,76.9603425
way/1316883071,Station Flyover,road,11.0012189,76.9617547,,,trunk,11.0043115,76.9603425
way/1327811950,Underpass,road,11.0015121,76.9628661,,,secondary_link,11.0043115,76.9603425
way/1338144766,Unnamed Feature,road,11.0062373,76.9636009,,,residential,11.0043115,76.9603425
way/1338144772,Unnamed Feature,road,11.0089041,76.9607837,,,residential,11.0043115,76.9603425
way/1338514079,Unnamed Feature,road,11.0013342,76.9581058,,,residential,11.0043115,76.9603425
way/1338514080,Unnamed Feature,road,11.0013452,76.9590267,,,residential,11.0043115,76.9603425
way/1338514081,Unnamed Feature,road,11.0017396,76.9589629,,,residential,11.0043115,76.9603425
way/1338514082,Unnamed Feature,road,11.0024724,76.9572151,,,residential,11.0043115,76.9603425
way/1338534552,Unnamed Feature,road,11.0010431,76.9626701,,,residential,11.0043115,76.9603425
way/1338534553,Unnamed Feature,road,11.0008923,76.9627665,,,residential,11.0043115,76.9603425
way/1338534554,Unnamed Feature,road,11.0008092,76.9630148,,,residential,11.0043115,76.9603425
way/1340278107,Unnamed Feature,road,11.0038591,76.9625322,,,service,11.0043115,76.9603425
way/1350085630,Unnamed Feature,road,11.0020592,76.9654438,,,tertiary,11.0043115,76.9603425
way/1350085631,Unnamed Feature,road,11.0018379,76.9640475,,,tertiary,11.0043115,76.9603425
way/1393551484,Unnamed Feature,road,11.0065236,76.9608875,,,secondary,11.0043115,76.9603425
way/1393551485,Krishnasamy Road,road,11.0090278,76.9587813,,,secondary,11.0043115,76.9603425
way/1393551486,Unnamed Feature,road,11.0072158,76.9603883,,,secondary,11.0043115,76.9603425
way/1393838219,Krishnasamy Road,road,11.0071711,76.9603014,,,secondary,11.0043115,76.9603425
way/1476844017,Krishnasamy Road,road,11.0070703,76.9603804,,,secondary,11.0043115,76.9603425
way/1476844018,Unnamed Feature,road,11.0071169,76.9604682,,,secondary,11.0043115,76.9603425
way/28562266,Hasthampatti - Kannankurichi Road,road,11.68682,78.1703653,,,secondary,11.680308799999999,78.1670798
way/186675286,Unnamed Feature,road,11.6747819,78.1695093,,,residential,11.680308799999999,78.1670798
way/186675297,Unnamed Feature,road,11.6734493,78.1662491,,,tertiary_link,11.680308799999999,78.1670798
way/207574578,Unnamed Feature,road,11.6801849,78.165284,,,residential,11.680308799999999,78.1670798
way/207574583,Unnamed Feature,road,11.6799956,78.1651521,,,residential,11.680308799999999,78.1670798
way/207574585,Unnamed Feature,road,11.6727973,78.1673789,,,residential,11.680308799999999,78.1670798
way/207574589,Unnamed Feature,road,11.6774933,78.1698294,,,residential,11.680308799999999,78.1670798
way/207574593,Unnamed Feature,road,11.677777,78.1696952,,,residential,11.680308799999999,78.1670798
way/207574598,Unnamed Feature,road,11.6800641,78.1626911,,,residential,11.680308799999999,78.1670798
way/207574599,Unnamed Feature,road,11.6811277,78.1657474,,,residential,11.680308799999999,78.1670798
way/207574602,Unnamed Feature,road,11.6781346,78.1685461,,,residential,11.680308799999999,78.1670798
way/207574605,Unnamed Feature,road,11.680103,78.1652687,,,residential,11.680308799999999,78.1670798
way/207574610,Unnamed Feature,road,11.6808012,78.1656777,,,residential,11.680308799999999,78.1670798
way/207574615,Unnamed Feature,road,11.6797832,78.165177,,,residential,11.680308799999999,78.1670798
way/207574616,Unnamed Feature,road,11.6767335,78.1693999,,,residential,11.680308799999999,78.1670798
way/207574623,Unnamed Feature,road,11.6805567,78.1622449,,,residential,11.680308799999999,78.1670798
way/207574634,Unnamed Feature,road,11.6799602,78.1713857,,,residential,11.680308799999999,78.1670798
way/207574635,Unnamed Feature,road,11.6772322,78.1684731,,,residential,11.680308799999999,78.1670798
way/207574636,Unnamed Feature,road,11.6817274,78.1642024,,,residential,11.680308799999999,78.1670798
way/207574640,Unnamed Feature,road,11.678183,78.1685888,,,residential,11.680308799999999,78.1670798
way/207574652,Unnamed Feature,road,11.6815154,78.1636482,,,residential,11.680308799999999,78.1670798
way/207574654,Unnamed Feature,road,11.679857,78.1657293,,,residential,11.680308799999999,78.1670798
way/207574656,Unnamed Feature,road,11.6771925,78.1699392,,,residential,11.680308799999999,78.1670798
way/207574663,Unnamed Feature,road,11.6808251,78.1634753,,,residential,11.680308799999999,78.1670798
way/207574665,Unnamed Feature,road,11.676912,78.166961,,,residential,11.680308799999999,78.1670798
way/207574682,Unnamed Feature,road,11.6813428,78.1643132,,,residential,11.680308799999999,78.1670798
way/207574683,Unnamed Feature,road,11.6801631,78.1678227,,,residential,11.680308799999999,78.1670798
way/207574692,Unnamed Feature,road,11.6808569,78.1628901,,,residential,11.680308799999999,78.1670798
way/208184746,Unnamed Feature,road,11.6832054,78.1698395,,,residential,11.680308799999999,78.1670798
way/208184757,Unnamed Feature,road,11.6805785,78.1693099,,,residential,11.680308799999999,78.1670798
way/208184758,Unnamed Feature,road,11.6822913,78.1631781,,,residential,11.680308799999999,78.1670798
way/208184764,Unnamed Feature,road,11.6856546,78.1626038,,,residential,11.680308799999999,78.1670798
way/208184772,Unnamed Feature,road,11.6813138,78.1704299,,,residential,11.680308799999999,78.1670798
way/208184775,Unnamed Feature,road,11.681081,78.16708,,,residential,11.680308799999999,78.1670798
way/208184776,Unnamed Feature,road,11.684322,78.164782,,,residential,11.680308799999999,78.1670798
way/208184779,Unnamed Feature,road,11.6806996,78.1684286,,,residential,11.680308799999999,78.1670798
way/208184788,Unnamed Feature,road,11.6814594,78.16715,,,residential,11.680308799999999,78.1670798
way/208184791,Unnamed Feature,road,11.6818778,78.1680761,,,residential,11.680308799999999,78.1670798
way/208184796,Unnamed Feature,road,11.685227,78.1690472,,,residential,11.680308799999999,78.1670798
way/208184798,Unnamed Feature,road,11.6850526,78.1657273,,,residential,11.680308799999999,78.1670798
way/208184805,Unnamed Feature,road,11.6820674,78.1693714,,,residential,11.680308799999999,78.1670798
way/208184809,Unnamed Feature,road,11.6833271,78.1706397,,,residential,11.680308799999999,78.1670798
way/208184818,Unnamed Feature,road,11.6844924,78.1678053,,,residential,11.680308799999999,78.1670798
way/208184819,Unnamed Feature,road,11.6820537,78.1670219,,,residential,11.680308799999999,78.1670798
way/208184825,Unnamed Feature,road,11.6824298,78.1629755,,,residential,11.680308799999999,78.1670798
way/208184826,Unnamed Feature,road,11.6803956,78.1683767,,,residential,11.680308799999999,78.1670798
way/208184828,Unnamed Feature,road,11.684125,78.1672222,,,residential,11.680308799999999,78.1670798
way/208184831,Unnamed Feature,road,11.680697,78.167119,,,residential,11.680308799999999,78.1670798
way/208184837,Unnamed Feature,road,11.6845637,78.1661965,,,residential,11.680308799999999,78.1670798
way/208184844,Unnamed Feature,road,11.6821949,78.1626689,,,residential,11.680308799999999,78.1670798
way/208184850,Unnamed Feature,road,11.6809885,78.1700659,,,residential,11.680308799999999,78.1670798
way/208184851,Unnamed Feature,road,11.6848376,78.1655017,,,residential,11.680308799999999,78.1670798
way/208184858,Unnamed Feature,road,11.6846913,78.1658508,,,residential,11.680308799999999,78.1670798
way/208184864,Unnamed Feature,road,11.6833139,78.163187,,,residential,11.680308799999999,78.1670798
way/208184865,Unnamed Feature,road,11.6829485,78.169778,,,residential,11.680308799999999,78.1670798
way/208184869,Unnamed Feature,road,11.6820647,78.1674034,,,residential,11.680308799999999,78.1670798
way/208184874,Unnamed Feature,road,11.6823278,78.1656739,,,residential,11.680308799999999,78.1670798
way/208184876,Unnamed Feature,road,11.6851917,78.165148,,,residential,11.680308799999999,78.1670798
way/208184880,Unnamed Feature,road,11.6829861,78.1646723,,,residential,11.680308799999999,78.1670798
way/208184888,Unnamed Feature,road,11.6798189,78.1683764,,,residential,11.680308799999999,78.1670798
way/208184889,Unnamed Feature,road,11.6830528,78.1698662,,,residential,11.680308799999999,78.1670798
way/208184896,Unnamed Feature,road,11.6816679,78.1697197,,,residential,11.680308799999999,78.1670798
way/356373962,Unnamed Feature,road,11.6791337,78.1678948,,,residential,11.680308799999999,78.1670798
way/356373966,Unnamed Feature,road,11.6805667,78.1688909,,,residential,11.680308799999999,78.1670798
way/356373972,Unnamed Feature,road,11.680358,78.1698603,,,residential,11.680308799999999,78.1670798
way/356373974,Unnamed Feature,road,11.6796499,78.1678736,,,residential,11.680308799999999,78.1670798
way/356373977,Unnamed Feature,road,11.6827638,78.1646969,,,residential,11.680308799999999,78.1670798
way/356373981,Unnamed Feature,road,11.6794993,78.1641684,,,residential,11.680308799999999,78.1670798
way/356373982,Unnamed Feature,road,11.6813294,78.1686316,,,residential,11.680308799999999,78.1670798
way/356373983,Unnamed Feature,road,11.679915,78.1683632,,,residential,11.680308799999999,78.1670798
way/356373988,Unnamed Feature,road,11.6846823,78.167141,,,residential,11.680308799999999,78.1670798
way/356373989,Unnamed Feature,road,11.6843721,78.1674962,,,residential,11.680308799999999,78.1670798
way/356373991,Unnamed Feature,road,11.6794062,78.1667084,,,residential,11.680308799999999,78.1670798
way/356373996,Unnamed Feature,road,11.6792809,78.1683639,,,residential,11.680308799999999,78.1670798
way/356373998,Unnamed Feature,road,11.6802348,78.1667958,,,residential,11.680308799999999,78.1670798
way/356373999,Unnamed Feature,road,11.6806712,78.1693327,,,residential,11.680308799999999,78.1670798
way/356374000,Unnamed Feature,road,11.6791848,78.1669695,,,residential,11.680308799999999,78.1670798
way/356374001,Unnamed Feature,road,11.6800784,78.1691838,,,residential,11.680308799999999,78.1670798
way/356374003,Unnamed Feature,road,11.6830645,78.1693545,,,residential,11.680308799999999,78.1670798
way/356374006,Unnamed Feature,road,11.681951,78.1711648,,,residential,11.680308799999999,78.1670798
way/356374008,Unnamed Feature,road,11.6811456,78.1684933,,,residential,11.680308799999999,78.1670798
way/356374009,Unnamed Feature,road,11.6792461,78.1681344,,,residential,11.680308799999999,78.1670798
way/356374010,Unnamed Feature,road,11.6829532,78.1707036,,,residential,11.680308799999999,78.1670798
way/356374012,Unnamed Feature,road,11.683786,78.1689128,,,residential,11.680308799999999,78.1670798
way/356374014,Unnamed Feature,road,11.6819502,78.1659141,,,residential,11.680308799999999,78.1670798
way/356374017,Unnamed Feature,road,11.6814855,78.1679411,,,residential,11.680308799999999,78.1670798
way/356374020,Unnamed Feature,road,11.6826534,78.1708345,,,residential,11.680308799999999,78.1670798
way/356374025,Unnamed Feature,road,11.681998,78.167863,,,residential,11.680308799999999,78.1670798
way/356374029,Unnamed Feature,road,11.679533,78.1668891,,,residential,11.680308799999999,78.1670798
way/356374030,Unnamed Feature,road,11.6812943,78.162813,,,residential,11.680308799999999,78.1670798
way/356374031,Unnamed Feature,road,11.6793578,78.1649757,,,residential,11.680308799999999,78.1670798
way/356374032,Unnamed Feature,road,11.6793885,78.1678606,,,residential,11.680308799999999,78.1670798
way/356374040,Unnamed Feature,road,11.6796612,78.1649867,,,residential,11.680308799999999,78.1670798
way/356374041,Unnamed Feature,road,11.6810444,78.1635918,,,residential,11.680308799999999,78.1670798
way/356374043,Unnamed Feature,road,11.6803896,78.168796,,,residential,11.680308799999999,78.1670798
way/356374046,Unnamed Feature,road,11.6819403,78.1688912,,,residential,11.680308799999999,78.1670798
way/356374048,Unnamed Feature,road,11.6831711,78.1642666,,,residential,11.680308799999999,78.1670798
way/356374049,Unnamed Feature,road,11.6835474,78.1685836,,,residential,11.680308799999999,78.1670798
way/356374051,Unnamed Feature,road,11.6830857,78.1676618,,,residential,11.680308799999999,78.1670798
way/356374054,Unnamed Feature,road,11.6805905,78.1699857,,,residential,11.680308799999999,78.1670798
way/356374055,Unnamed Feature,road,11.6798364,78.1678649,,,residential,11.680308799999999,78.1670798
way/356374059,Unnamed Feature,road,11.6805155,78.1667676,,,residential,11.680308799999999,78.1670798
way/356374060,Unnamed Feature,road,11.6828846,78.1656933,,,residential,11.680308799999999,78.1670798
way/356374061,Unnamed Feature,road,11.6809199,78.1684681,,,residential,11.680308799999999,78.1670798
way/356374062,Unnamed Feature,road,11.6812141,78.1712779,,,residential,11.680308799999999,78.1670798
way/356374063,Unnamed Feature,road,11.6852128,78.1668763,,,residential,11.680308799999999,78.1670798
way/356374065,Unnamed Feature,road,11.6829243,78.1685777,,,residential,11.680308799999999,78.1670798
way/356374066,Unnamed Feature,road,11.6790667,78.1682173,,,residential,11.680308799999999,78.1670798
way/356374074,Unnamed Feature,road,11.6818181,78.1700024,,,residential,11.680308799999999,78.1670798
way/356374076,Unnamed Feature,road,11.6795891,78.1653194,,,residential,11.680308799999999,78.1670798
way/356374077,Unnamed Feature,road,11.6820069,78.1655694,,,residential,11.680308799999999,78.1670798
way/356374079,Unnamed Feature,road,11.6816829,78.1671184,,,residential,11.680308799999999,78.1670798
way/356374086,Unnamed Feature,road,11.6844181,78.1665738,,,residential,11.680308799999999,78.1670798
way/356374090,Unnamed Feature,road,11.6831796,78.1633115,,,residential,11.680308799999999,78.1670798
way/356374094,Unnamed Feature,road,11.6797727,78.1683565,,,residential,11.680308799999999,78.1670798
way/356374104,Unnamed Feature,road,11.6846662,78.167762,,,residential,11.680308799999999,78.1670798
way/356374107,Unnamed Feature,road,11.6828182,78.1681729,,,residential,11.680308799999999,78.1670798
way/356374109,Unnamed Feature,road,11.6831003,78.1671082,,,residential,11.680308799999999,78.1670798
way/356374112,Unnamed Feature,road,11.6832002,78.1667408,,,residential,11.680308799999999,78.1670798
way/356374116,Unnamed Feature,road,11.6827977,78.1660459,,,residential,11.680308799999999,78.1670798
way/356374127,Unnamed Feature,road,11.6799125,78.1688627,,,residential,11.680308799999999,78.1670798
way/356374130,Unnamed Feature,road,11.6799661,78.1661575,,,residential,11.680308799999999,78.1670798
way/356374131,Unnamed Feature,road,11.6791007,78.1685989,,,residential,11.680308799999999,78.1670798
way/356374133,Unnamed Feature,road,11.6798888,78.167372,,,residential,11.680308799999999,78.1670798
way/356374135,Unnamed Feature,road,11.6803876,78.1692525,,,residential,11.680308799999999,78.1670798
way/356374145,Unnamed Feature,road,11.6797877,78.1687563,,,residential,11.680308799999999,78.1670798
way/356374150,Unnamed Feature,road,11.6832396,78.169696,,,residential,11.680308799999999,78.1670798
way/356374153,Unnamed Feature,road,11.6816042,78.1713224,,,residential,11.680308799999999,78.1670798
way/356401587,Unnamed Feature,road,11.6770223,78.1662793,,,residential,11.680308799999999,78.1670798
way/356401590,Unnamed Feature,road,11.6790199,78.1712987,,,residential,11.680308799999999,78.1670798
way/356401595,Unnamed Feature,road,11.6758825,78.1669919,,,residential,11.680308799999999,78.1670798
way/356401598,Unnamed Feature,road,11.6783273,78.169424,,,residential,11.680308799999999,78.1670798
way/356401603,Unnamed Feature,road,11.684227,78.1642275,,,residential,11.680308799999999,78.1670798
way/356401605,Unnamed Feature,road,11.6779367,78.1654626,,,residential,11.680308799999999,78.1670798
way/356401627,Unnamed Feature,road,11.6775024,78.1646956,,,residential,11.680308799999999,78.1670798
way/356401628,Unnamed Feature,road,11.6806105,78.1635469,,,residential,11.680308799999999,78.1670798
way/356401629,Unnamed Feature,road,11.6791962,78.1648358,,,residential,11.680308799999999,78.1670798
way/356401631,Unnamed Feature,road,11.6808203,78.1646257,,,residential,11.680308799999999,78.1670798
way/356401632,Unnamed Feature,road,11.6789122,78.1692723,,,residential,11.680308799999999,78.1670798
way/356401633,Unnamed Feature,road,11.6772605,78.1644047,,,residential,11.680308799999999,78.1670798
way/356401634,Unnamed Feature,road,11.6758916,78.1649648,,,residential,11.680308799999999,78.1670798
way/356401642,Unnamed Feature,road,11.6761483,78.1685722,,,residential,11.680308799999999,78.1670798
way/356401651,Unnamed Feature,road,11.6768471,78.1668183,,,residential,11.680308799999999,78.1670798
way/356401657,Unnamed Feature,road,11.6795112,78.171043,,,residential,11.680308799999999,78.1670798
way/356401663,Unnamed Feature,road,11.6777107,78.1649816,,,residential,11.680308799999999,78.1670798
way/356401664,Unnamed Feature,road,11.6767671,78.1681023,,,residential,11.680308799999999,78.1670798
way/356401666,Unnamed Feature,road,11.6790831,78.1708709,,,residential,11.680308799999999,78.1670798
way/356401667,Unnamed Feature,road,11.6769853,78.1642614,,,residential,11.680308799999999,78.1670798
way/356401670,Unnamed Feature,road,11.6786624,78.1704812,,,residential,11.680308799999999,78.1670798
way/356401679,Unnamed Feature,road,11.6775464,78.1685113,,,residential,11.680308799999999,78.1670798
way/356401682,Unnamed Feature,road,11.6766994,78.1683762,,,residential,11.680308799999999,78.1670798
way/356401692,Unnamed Feature,road,11.6781316,78.1710886,,,residential,11.680308799999999,78.1670798
way/356401698,Unnamed Feature,road,11.6781656,78.1677814,,,residential,11.680308799999999,78.1670798
way/356401700,Unnamed Feature,road,11.6777868,78.1679259,,,residential,11.680308799999999,78.1670798
way/356401704,Unnamed Feature,road,11.6813501,78.1649851,,,residential,11.680308799999999,78.1670798
way/356401709,Unnamed Feature,road,11.6781184,78.1710159,,,residential,11.680308799999999,78.1670798
way/356401718,Unnamed Feature,road,11.6784163,78.1670517,,,residential,11.680308799999999,78.1670798
way/356401724,Unnamed Feature,road,11.6762301,78.1676988,,,residential,11.680308799999999,78.1670798
way/356401729,Unnamed Feature,road,11.6783949,78.1644957,,,residential,11.680308799999999,78.1670798
way/356588739,Unnamed Feature,road,11.6766338,78.1648482,,,residential,11.680308799999999,78.1670798
way/980466384,Unnamed Feature,road,11.678599,78.1623377,,,residential,11.680308799999999,78.1670798
way/980466386,Unnamed Feature,road,11.6792651,78.1629015,,,residential,11.680308799999999,78.1670798
way/1066306519,Unnamed Feature,road,11.6833085,78.1662345,,,residential,11.680308799999999,78.1670798
way/1066306520,Unnamed Feature,road,11.6837304,78.1661303,,,residential,11.680308799999999,78.1670798
way/1066306521,Unnamed Feature,road,11.683605,78.1649034,,,residential,11.680308799999999,78.1670798
way/1066306522,Unnamed Feature,road,11.6823818,78.1638507,,,residential,11.680308799999999,78.1670798
way/1066306523,Unnamed Feature,road,11.6820979,78.165181,,,residential,11.680308799999999,78.1670798
way/1066306524,Unnamed Feature,road,11.680968,78.1649429,,,residential,11.680308799999999,78.1670798
way/1066306527,Unnamed Feature,road,11.6801657,78.1641188,,,residential,11.680308799999999,78.1670798
way/1066306528,Unnamed Feature,road,11.679899,78.1666429,,,residential,11.680308799999999,78.1670798
way/1066306531,Unnamed Feature,road,11.6810181,78.167912,,,residential,11.680308799999999,78.1670798
way/1066306532,Unnamed Feature,road,11.68048,78.1702824,,,residential,11.680308799999999,78.1670798
way/1066309105,Unnamed Feature,road,11.6769101,78.164758,,,residential,11.680308799999999,78.1670798
way/1066309106,Unnamed Feature,road,11.6767476,78.1642053,,,residential,11.680308799999999,78.1670798
way/1066310413,Unnamed Feature,road,11.6783076,78.1702246,,,residential,11.680308799999999,78.1670798
way/1133446800,Unnamed Feature,road,11.6846121,78.1673733,,,residential,11.680308799999999,78.1670798
way/1133446801,Unnamed Feature,road,11.683786,78.1663628,,,residential,11.680308799999999,78.1670798
way/175237506,Rasipuram - Pudupatti -Namagiripettai Road,road,11.47655,78.2345347,,,secondary,11.480836,78.270055
way/1333385330,Unnamed Feature,road,11.4779472,78.2713557,,,unclassified,11.480836,78.270055
way/1333385331,Unnamed Feature,road,11.4828863,78.2693333,,,unclassified,11.480836,78.270055
way/1333385332,Unnamed Feature,road,11.4793517,78.2697539,,,unclassified,11.480836,78.270055
way/1333385333,Unnamed Feature,road,11.4800391,78.2762201,,,unclassified,11.480836,78.270055
way/1333385337,Unnamed Feature,road,11.4860693,78.2796498,,,unclassified,11.480836,78.270055
way/1333391448,Unnamed Feature,road,11.4852656,78.2681257,,,unclassified,11.480836,78.270055
way/1333391451,Unnamed Feature,road,11.4833087,78.2674574,,,unclassified,11.480836,78.270055
way/1333391452,Unnamed Feature,road,11.4803779,78.2665239,,,unclassified,11.480836,78.270055
node/4984239822,Paavai Engineering College,office,11.3989494,78.1606289,,,,11.3992039,78.160763
node/7160380583,Paavai Group of schools,education,11.3994676,78.1594685,school,,,11.3992039,78.160763
node/9126161307,Paavai School,bus_stop,11.3992458,78.1599341,,,bus_stop,11.3992039,78.160763
node/9126172848,Paavai College,bus_stop,11.4005834,78.1601894,,,bus_stop,11.3992039,78.160763
way/22837388,Kanyakumari Varanasi,road,11.3742696,78.1641383,,,trunk,11.3992039,78.160763
way/197120579,Unnamed Feature,road,11.3990084,78.160006,,,trunk_link,11.3992039,78.160763
way/197120580,பாவை கல்லூரி சாலை,road,11.3947788,78.1606799,,,unclassified,11.3992039,78.160763
way/345749245,Unnamed Feature,road,11.3997674,78.1235219,,,secondary,11.3992039,78.160763
way/367631248,Kanyakumari Varanasi,road,11.3742787,78.1642461,,,trunk,11.3992039,78.160763
way/1185661638,Unnamed Feature,road,11.3995539,78.1583459,,,service,11.3992039,78.160763
way/1185661639,Unnamed Feature,road,11.3996578,78.1591964,,,service,11.3992039,78.160763
way/1185661640,Unnamed Feature,road,11.398806,78.1593058,,,service,11.3992039,78.160763
way/1185661641,Unnamed Feature,road,11.3997174,78.1594487,,,service,11.3992039,78.160763
way/1185661642,Unnamed Feature,road,11.3996788,78.1594558,,,service,11.3992039,78.160763
way/1185661643,Unnamed Feature,road,11.4009438,78.1588076,,,service,11.3992039,78.160763
way/1185661644,Unnamed Feature,road,11.4009587,78.1581197,,,service,11.3992039,78.160763
way/1336418928,Unnamed Feature,road,11.397596,78.1660775,,,unclassified,11.3992039,78.160763
way/1338533155,Unnamed Feature,road,11.3944211,78.1546719,,,unclassified,11.3992039,78.160763
way/1347260991,Unnamed Feature,road,11.4000477,78.1606441,,,service,11.3992039,78.160763
way/1347260992,Unnamed Feature,road,11.4000188,78.1606443,,,service,11.3992039,78.160763
way/1347260993,Unnamed Feature,road,11.4000604,78.1610232,,,service,11.3992039,78.160763
way/1347260994,Unnamed Feature,road,11.4000062,78.1602305,,,service,11.3992039,78.160763
way/1347260995,Unnamed Feature,road,11.3997245,78.1597364,,,service,11.3992039,78.160763
way/345710127,Unnamed Feature,road,11.4104543,78.1680893,,,tertiary_link,11.4042039,78.165763
way/345710128,Pachal Road,road,11.4182521,78.1839828,,,tertiary,11.4042039,78.165763
way/207574584,Unnamed Feature,road,11.6749023,78.1699514,,,residential,11.670308799999999,78.17207979999999
way/207574591,Unnamed Feature,road,11.6690162,78.1708398,,,residential,11.670308799999999,78.17207979999999
way/207574608,Unnamed Feature,road,11.6711224,78.1677622,,,residential,11.670308799999999,78.17207979999999
way/207574611,Unnamed Feature,road,11.6680735,78.1722609,,,residential,11.670308799999999,78.17207979999999
way/207574620,Unnamed Feature,road,11.6701579,78.1699429,,,residential,11.670308799999999,78.17207979999999
way/207574624,Unnamed Feature,road,11.6681948,78.1716464,,,residential,11.670308799999999,78.17207979999999
way/207574629,Unnamed Feature,road,11.6734944,78.1720334,,,residential,11.670308799999999,78.17207979999999
way/207574631,Unnamed Feature,road,11.6731726,78.1715041,,,residential,11.670308799999999,78.17207979999999
way/207574632,Unnamed Feature,road,11.6705652,78.1696695,,,residential,11.670308799999999,78.17207979999999
way/207574639,Unnamed Feature,road,11.6740347,78.1739038,,,tertiary,11.670308799999999,78.17207979999999
way/207574641,Unnamed Feature,road,11.673754,78.1686377,,,residential,11.670308799999999,78.17207979999999
way/207574642,Unnamed Feature,road,11.6677609,78.1681708,,,residential,11.670308799999999,78.17207979999999
way/207574645,Unnamed Feature,road,11.671096,78.170486,,,residential,11.670308799999999,78.17207979999999
way/207574653,Unnamed Feature,road,11.6685023,78.1703672,,,residential,11.670308799999999,78.17207979999999
way/207574661,Unnamed Feature,road,11.6714546,78.1697208,,,residential,11.670308799999999,78.17207979999999
way/207574666,Unnamed Feature,road,11.6735637,78.1696605,,,residential,11.670308799999999,78.17207979999999
way/207574685,Unnamed Feature,road,11.6690572,78.1715342,,,residential,11.670308799999999,78.17207979999999
way/207574687,Unnamed Feature,road,11.6679022,78.1685672,,,residential,11.670308799999999,78.17207979999999
way/207579745,Vasaga Salai 4th,road,11.6660372,78.1737674,,,residential,11.670308799999999,78.17207979999999
way/207579754,Morden Builders Colony,road,11.6691791,78.1762312,,,residential,11.670308799999999,78.17207979999999
way/207579755,Vasaga Salai 5th Cross,road,11.6666549,78.1732329,,,residential,11.670308799999999,78.17207979999999
way/207579759,Unnamed Feature,road,11.6682316,78.1767312,,,residential,11.670308799999999,78.17207979999999
way/207579764,Unnamed Feature,road,11.6685274,78.1752611,,,residential,11.670308799999999,78.17207979999999
way/207579767,Vasaga Salai 3rd,road,11.6663621,78.1743376,,,residential,11.670308799999999,78.17207979999999
way/207579768,Unnamed Feature,road,11.6685207,78.1764207,,,residential,11.670308799999999,78.17207979999999
way/207579772,Thillai Nagar Main Road,road,11.66465,78.1721831,,,tertiary,11.670308799999999,78.17207979999999
way/232493217,Unnamed Feature,road,11.671573,78.1687893,,,residential,11.670308799999999,78.17207979999999
way/232493225,Unnamed Feature,road,11.6698737,78.1688183,,,residential,11.670308799999999,78.17207979999999
way/356401576,Unnamed Feature,road,11.6676333,78.1680313,,,residential,11.670308799999999,78.17207979999999
way/356401579,Unnamed Feature,road,11.6708011,78.170289,,,residential,11.670308799999999,78.17207979999999
way/356401585,Unnamed Feature,road,11.6711602,78.1720699,,,residential,11.670308799999999,78.17207979999999
way/356401588,Unnamed Feature,road,11.668656,78.168062,,,residential,11.670308799999999,78.17207979999999
way/356401594,Unnamed Feature,road,11.6672046,78.1708799,,,residential,11.670308799999999,78.17207979999999
way/356401596,Unnamed Feature,road,11.6696348,78.1716036,,,residential,11.670308799999999,78.17207979999999
way/356401599,Unnamed Feature,road,11.6714565,78.1705648,,,residential,11.670308799999999,78.17207979999999
way/356401601,Unnamed Feature,road,11.6710723,78.1706771,,,residential,11.670308799999999,78.17207979999999
way/356401602,Unnamed Feature,road,11.6698949,78.1742541,,,residential,11.670308799999999,78.17207979999999
way/356401606,Unnamed Feature,road,11.6720282,78.1697453,,,residential,11.670308799999999,78.17207979999999
way/356401607,Unnamed Feature,road,11.6706803,78.1741512,,,residential,11.670308799999999,78.17207979999999
way/356401608,Unnamed Feature,road,11.6692125,78.1738446,,,residential,11.670308799999999,78.17207979999999
way/356401610,Unnamed Feature,road,11.6704581,78.1675492,,,residential,11.670308799999999,78.17207979999999
way/356401615,Unnamed Feature,road,11.6696499,78.1737971,,,residential,11.670308799999999,78.17207979999999
way/356401618,Unnamed Feature,road,11.6730582,78.169979,,,residential,11.670308799999999,78.17207979999999
way/356401619,Unnamed Feature,road,11.6718875,78.1682312,,,residential,11.670308799999999,78.17207979999999
way/356401621,Unnamed Feature,road,11.6707591,78.1719578,,,residential,11.670308799999999,78.17207979999999
way/356401624,Unnamed Feature,road,11.6696995,78.1693793,,,residential,11.670308799999999,78.17207979999999
way/356401636,Unnamed Feature,road,11.6717564,78.167773,,,residential,11.670308799999999,78.17207979999999
way/356401637,Unnamed Feature,road,11.6717043,78.1742991,,,residential,11.670308799999999,78.17207979999999
way/356401641,Unnamed Feature,road,11.670386,78.1718369,,,residential,11.670308799999999,78.17207979999999
way/356401643,Unnamed Feature,road,11.6678679,78.1730525,,,residential,11.670308799999999,78.17207979999999
way/356401644,Unnamed Feature,road,11.6719958,78.1697938,,,residential,11.670308799999999,78.17207979999999
way/356401645,Unnamed Feature,road,11.668873,78.173736,,,residential,11.670308799999999,78.17207979999999
way/356401646,Unnamed Feature,road,11.6713598,78.1743014,,,residential,11.670308799999999,78.17207979999999
way/356401647,Unnamed Feature,road,11.6745835,78.1731673,,,residential,11.670308799999999,78.17207979999999
way/356401652,Unnamed Feature,road,11.6735186,78.172776,,,residential,11.670308799999999,78.17207979999999
way/356401661,Unnamed Feature,road,11.6683755,78.1701748,,,residential,11.670308799999999,78.17207979999999
way/356401665,Unnamed Feature,road,11.6695873,78.1699442,,,residential,11.670308799999999,78.17207979999999
way/356401668,Unnamed Feature,road,11.6709978,78.1742334,,,residential,11.670308799999999,78.17207979999999
way/356401669,Unnamed Feature,road,11.6688795,78.1699361,,,residential,11.670308799999999,78.17207979999999
way/356401672,Unnamed Feature,road,11.6685315,78.1735807,,,residential,11.670308799999999,78.17207979999999
way/356401674,Unnamed Feature,road,11.6674798,78.1714549,,,residential,11.670308799999999,78.17207979999999
way/356401677,Unnamed Feature,road,11.671304,78.1696927,,,residential,11.670308799999999,78.17207979999999
way/356401680,Unnamed Feature,road,11.6703244,78.1718081,,,residential,11.670308799999999,78.17207979999999
way/356401681,Unnamed Feature,road,11.6664211,78.1709658,,,residential,11.670308799999999,78.17207979999999
way/356401687,Unnamed Feature,road,11.673144,78.1702836,,,residential,11.670308799999999,78.17207979999999
way/356401689,Unnamed Feature,road,11.6702282,78.1688576,,,residential,11.670308799999999,78.17207979999999
way/356401694,Unnamed Feature,road,11.6745091,78.1755705,,,residential,11.670308799999999,78.17207979999999
way/356401702,Unnamed Feature,road,11.6685189,78.1685638,,,residential,11.670308799999999,78.17207979999999
way/356401703,Unnamed Feature,road,11.6690381,78.1706984,,,residential,11.670308799999999,78.17207979999999
way/356401705,Unnamed Feature,road,11.6722214,78.169157,,,residential,11.670308799999999,78.17207979999999
way/356401707,Unnamed Feature,road,11.670036,78.1718499,,,residential,11.670308799999999,78.17207979999999
way/356401708,Unnamed Feature,road,11.6744527,78.1705199,,,residential,11.670308799999999,78.17207979999999
way/356401710,Unnamed Feature,road,11.6746472,78.1705799,,,residential,11.670308799999999,78.17207979999999
way/356401711,Unnamed Feature,road,11.6683204,78.1712122,,,residential,11.670308799999999,78.17207979999999
way/356401713,Unnamed Feature,road,11.6687612,78.1676819,,,residential,11.670308799999999,78.17207979999999
way/356401717,Unnamed Feature,road,11.6682013,78.1733415,,,residential,11.670308799999999,78.17207979999999
way/356401719,Unnamed Feature,road,11.6729938,78.1743662,,,residential,11.670308799999999,78.17207979999999
way/356401722,Unnamed Feature,road,11.6703697,78.1744367,,,residential,11.670308799999999,78.17207979999999
way/356401723,Unnamed Feature,road,11.6750899,78.1734511,,,residential,11.670308799999999,78.17207979999999
way/356401725,Unnamed Feature,road,11.6698115,78.1674661,,,residential,11.670308799999999,78.17207979999999
way/356401728,Unnamed Feature,road,11.6662203,78.1697027,,,residential,11.670308799999999,78.17207979999999
way/356404308,Unnamed Feature,road,11.66586,78.1730328,,,residential,11.670308799999999,78.17207979999999
way/356404318,Unnamed Feature,road,11.6682876,78.1758706,,,residential,11.670308799999999,78.17207979999999
way/356404322,Unnamed Feature,road,11.6682011,78.1760158,,,residential,11.670308799999999,78.17207979999999
way/356404341,PL Gopal St,road,11.6667889,78.1755218,,,residential,11.670308799999999,78.17207979999999
way/356404345,Unnamed Feature,road,11.6674026,78.1737208,,,residential,11.670308799999999,78.17207979999999
way/356404364,Unnamed Feature,road,11.6685396,78.1752168,,,residential,11.670308799999999,78.17207979999999
way/356404367,Unnamed Feature,road,11.6716439,78.171282,,,residential,11.670308799999999,78.17207979999999
way/356404372,Ramana Nagar,road,11.6676091,78.17425,,,residential,11.670308799999999,78.17207979999999
way/356404382,Vasaga Salai Last,road,11.6674682,78.1740331,,,residential,11.670308799999999,78.17207979999999
way/356404404,PL Gopal St,road,11.6673303,78.1758124,,,residential,11.670308799999999,78.17207979999999
way/356404405,Unnamed Feature,road,11.6695183,78.1756147,,,residential,11.670308799999999,78.17207979999999
way/356404412,Unnamed Feature,road,11.6664073,78.1746266,,,living_street,11.670308799999999,78.17207979999999
way/356404415,Ramana Nagar,road,11.6678356,78.1746683,,,residential,11.670308799999999,78.17207979999999
way/356404416,Unnamed Feature,road,11.6693421,78.1762604,,,residential,11.670308799999999,78.17207979999999
way/356404422,Unnamed Feature,road,11.6696102,78.175278,,,residential,11.670308799999999,78.17207979999999
way/460989324,Thillai Nagar Main Road,road,11.6664562,78.1724078,,,tertiary,11.670308799999999,78.17207979999999
way/1066309089,Unnamed Feature,road,11.6677091,78.1721388,,,residential,11.670308799999999,78.17207979999999
way/1066309090,Unnamed Feature,road,11.6675373,78.1709547,,,residential,11.670308799999999,78.17207979999999
way/1066309091,Unnamed Feature,road,11.6677913,78.1702559,,,residential,11.670308799999999,78.17207979999999
way/1066310416,Unnamed Feature,road,11.674194,78.1700774,,,residential,11.670308799999999,78.17207979999999
way/1190746895,Unnamed Feature,road,11.6685355,78.1682656,,,residential,11.670308799999999,78.17207979999999
way/1190746896,Unnamed Feature,road,11.6682304,78.1681907,,,residential,11.670308799999999,78.17207979999999
way/1198844522,Unnamed Feature,road,11.6671733,78.1748736,,,living_street,11.670308799999999,78.17207979999999
way/1322868786,Unnamed Feature,road,11.6677198,78.1764229,,,residential,11.670308799999999,78.17207979999999
way/1322868794,Vasaga Salai 5th,road,11.6666678,78.1729769,,,residential,11.670308799999999,78.17207979999999
way/1322868795,Vasaga Salai 4th Cross,road,11.6670897,78.1736037,,,residential,11.670308799999999,78.17207979999999
way/1322868805,Unnamed Feature,road,11.6673257,78.1752163,,,residential,11.670308799999999,78.17207979999999
way/1322868806,Ramna Nagar,road,11.6674401,78.1747927,,,residential,11.670308799999999,78.17207979999999
way/1484694369,Unnamed Feature,road,11.6673014,78.1675476,,,tertiary,11.670308799999999,78.17207979999999
node/330069938,Corporation Boys High School,education,11.0049837,76.9474178,school,,,11.0080177,76.9501661
node/330069956,Corporaton School for Deaf,education,11.0056048,76.9494051,school,,,11.0080177,76.9501661
node/330069972,Vidya Vriksha Play School,education,11.0106805,76.9486042,school,,,11.0080177,76.9501661
node/346037148,RS Puram Corporation Girls High School,education,11.0102989,76.9469568,school,,,11.0080177,76.9501661
node/1314032284,Bon Bon Ice Creams,restaurant,11.0068841,76.9508118,restaurant,,,11.0080177,76.9501661
node/1464770544,Cafe Coffee Day,restaurant,11.0095371,76.9475317,cafe,,,11.0080177,76.9501661
node/1472216491,Peking,restaurant,11.0095746,76.9501279,restaurant,,,11.0080177,76.9501661
node/1472216492,Brocade,shop_clothes,11.0095879,76.9503693,,clothes,,11.0080177,76.9501661
node/1472216493,DanielHechter,shop_clothes,11.0099817,76.9501269,,clothes,,11.0080177,76.9501661
node/1472216494,Crocodile,shop_clothes,11.0100389,76.9503052,,clothes,,11.0080177,76.9501661
node/1472230495,P. & R.R. Sons - Multi Brand Watch Outlet,shop_hifi,11.0091583,76.9505028,,hifi,,11.0080177,76.9501661
node/1472230498,State Bank of India,bank,11.0083883,76.9503748,bank,,,11.0080177,76.9501661
node/1472230499,CATMOSS,shop_hifi,11.0090551,76.951028,,hifi,,11.0080177,76.9501661
node/1472230500,Metro,shop_shoes,11.0087816,76.9510283,,shoes,,11.0080177,76.9501661
node/1472230508,State Bank of India,bank,11.008562,76.9505786,bank,,,11.0080177,76.9501661
node/1472230510,Bombay Dyeing,shop_clothes,11.0089248,76.9508404,,clothes,,11.0080177,76.9501661
node/1472230513,Woodland,shop_shoes,11.0080002,76.9507267,,shoes,,11.0080177,76.9501661
node/1472230514,Titan World,shop_watches,11.0090278,76.9505426,,watches,,11.0080177,76.9501661
node/1472230522,Rasi Hospital,healthcare,11.0097731,76.9503293,hospital,,,11.0080177,76.9501661
node/1472230524,Aroma bakery,shop_bakery,11.0085602,76.9510389,,bakery,,11.0080177,76.9501661
node/1472230527,Ayyar & Co Pure Veg Bakery & Cake Shop,shop_bakery,11.0087727,76.9504929,,bakery,,11.0080177,76.9501661
node/1472230529,Tamilnad Mercantile Bank Limited,bank,11.0083882,76.9506101,bank,,,11.0080177,76.9501661
node/1472230531,SKC-Sri Krishna Collection cloth store,shop_clothes,11.0089111,76.9502917,,clothes,,11.0080177,76.9501661
node/1472230537,Tanishq,shop_jewelry,11.0093535,76.9507983,,jewelry,,11.0080177,76.9501661
node/1472230540,Aroma Bakery,shop_bakery,11.0097345,76.9506846,,bakery,,11.0080177,76.9501661
node/1472231431,BASICS LIFE,shop_hifi,11.0084988,76.9508844,,hifi,,11.0080177,76.9501661
node/1472231440,Unnamed Feature,pharmacy,11.0083777,76.9510775,pharmacy,,,11.0080177,76.9501661
node/1472237759,VANDHANA,shop_clothes,11.0078372,76.9509568,,clothes,,11.0080177,76.9501661
node/1472237760,BRIGHT FOOTWEAR,shop_hifi,11.0075826,76.9509759,,hifi,,11.0080177,76.9501661
node/1472237761,INDIGO NATION,shop_clothes,11.0081881,76.9511418,,clothes,,11.0080177,76.9501661
node/1472237762,ZIMSON-watch showroom,shop_hifi,11.0070824,76.9507503,,hifi,,11.0080177,76.9501661
node/1472237763,WALK-A-WAY-footwears,shop_hifi,11.007214,76.9505732,,hifi,,11.0080177,76.9501661
node/1472237764,JOHN PLAYERS,shop_clothes,11.0079406,76.9511901,,clothes,,11.0080177,76.9501661
node/1472237765,K.R.S BAKERY,shop_bakery,11.007372,76.9507503,,bakery,,11.0080177,76.9501661
node/1472237766,SUGAM HOTELS,restaurant,11.0077385,76.9512534,restaurant,,,11.0080177,76.9501661
node/1472237767,ANANDHAS,restaurant,11.0085515,76.9512706,restaurant,,,11.0080177,76.9501661
node/1472237768,MILOU,shop_clothes,11.0080723,76.950938,,clothes,,11.0080177,76.9501661
node/1472237769,Standard Chartered,bank,11.0069823,76.9505732,bank,,,11.0080177,76.9501661
node/1472237770,LENS AND FRAMES,shop_hifi,11.0082829,76.950922,,hifi,,11.0080177,76.9501661
node/1472617902,ZAVERI,shop_jewelry,11.007139,76.9511148,,jewelry,,11.0080177,76.9501661
node/1472617903,HIDESIGN,shop_hifi,11.0073391,76.9511041,,hifi,,11.0080177,76.9501661
node/1472617905,PAZHAMUDIR NILAYAM,grocery_store,11.0070126,76.9513299,,supermarket,,11.0080177,76.9501661
node/1472618252,LEE & WRANGLER,shop_clothes,11.0067493,76.9513508,,clothes,,11.0080177,76.9501661
node/1472618253,HOTCHIPS,restaurant,11.0068225,76.9511475,fast_food,,,11.0080177,76.9501661
node/1472618254,ODYSSEY,shop_gift,11.006802,76.9506427,,gift,,11.0080177,76.9501661
node/1472619292,Sri Krishna Sweets,shop_confectionery,11.0056646,76.9513186,,confectionery,,11.0080177,76.9501661
node/1472619293,Indian Overseas Bank,bank,11.0063886,76.9513969,bank,,,11.0080177,76.9501661
node/1472619294,ANNAPOORNA,restaurant,11.0069705,76.9516839,restaurant,,,11.0080177,76.9501661
node/1472619295,RAMRAJ COTTONS,shop_clothes,11.0062406,76.9512038,,clothes,,11.0080177,76.9501661
node/1472619296,Puma,shop_clothes,11.006526,76.9516544,,clothes,,11.0080177,76.9501661
node/1472619297,A1 CHIPS,restaurant,11.0065592,76.9512011,fast_food,,,11.0080177,76.9501661
node/1472619298,Bata,shop_shoes,11.0057572,76.9515252,,shoes,,11.0080177,76.9501661
node/1472619299,AARYAS,restaurant,11.0058963,76.9509109,restaurant,,,11.0080177,76.9501661
node/1472619301,FAST TRACK,shop_hifi,11.006149,76.9508895,,hifi,,11.0080177,76.9501661
node/1472619302,@HOME,shop_hifi,11.0058436,76.9513401,,hifi,,11.0080177,76.9501661
node/1472619303,BENWOODS,shop_clothes,11.0061153,76.9514179,,clothes,,11.0080177,76.9501661
node/1472619304,AGARWAL SWEETS PALACE,shop_confectionery,11.0055593,76.950986,,confectionery,,11.0080177,76.9501661
node/1472620153,United Colors of Benetton,shop_clothes,11.0052538,76.9513723,,clothes,,11.0080177,76.9501661
node/1472620585,iPLANET-APPLE store,shop_hifi,11.004801,76.9514903,,hifi,,11.0080177,76.9501661
node/1472620586,CO-OPTEX,shop_clothes,11.0048431,76.9511041,,clothes,,11.0080177,76.9501661
node/1472620588,Indian Bank,bank,11.0050959,76.9507929,bank,,,11.0080177,76.9501661
node/1472620589,ICICI Bank,bank,11.005296,76.9511041,bank,,,11.0080177,76.9501661
node/1472620619,JACK & JILL,shop_clothes,11.0040638,76.9515868,,clothes,,11.0080177,76.9501661
node/1472620620,Araya Vaidya Pharmacy,pharmacy,11.0038847,76.951619,pharmacy,,,11.0080177,76.9501661
node/1472620621,WEEKENDER,shop_clothes,11.0042112,76.9516083,,clothes,,11.0080177,76.9501661
node/1472703562,ING,bank,11.0038637,76.9512328,bank,,,11.0080177,76.9501661
node/1472703568,Allen Solly,shop_clothes,11.0042533,76.9511684,,clothes,,11.0080177,76.9501661
node/1472703571,Peter England,shop_clothes,11.0040638,76.9512006,,clothes,,11.0080177,76.9501661
node/1472707365,THE MEN AND WOMEN,shop_clothes,11.0106459,76.9509753,,clothes,,11.0080177,76.9501661
node/1472707367,ABILASHA,shop_clothes,11.0108671,76.9522413,,clothes,,11.0080177,76.9501661
node/1472707376,THAT'S Y FOOD,restaurant,11.0105303,76.9533949,restaurant,,,11.0080177,76.9501661
node/1472707377,Kotak Mahindra Bank,bank,11.0111093,76.9532713,bank,,,11.0080177,76.9501661
node/1472707378,BORN BABES,shop_clothes,11.0102773,76.951383,,clothes,,11.0080177,76.9501661
node/1472707380,JKK CAR SALES,shop_car,11.0107618,76.9514259,,car,,11.0080177,76.9501661
node/1473821562,ORRA,shop_jewelry,11.010177,76.9501321,,jewelry,,11.0080177,76.9501661
node/1473821563,NALLI SILKS,shop_clothes,11.0102981,76.9493971,,clothes,,11.0080177,76.9501661
node/1473821565,MUSIC GALLERY,shop_music,11.0102928,76.9492845,,music,,11.0080177,76.9501661
node/1473821566,Pepe Jeans,shop_clothes,11.0100559,76.9492845,,clothes,,11.0080177,76.9501661
node/1473821567,COLOR PLUS,shop_clothes,11.0103982,76.9499229,,clothes,,11.0080177,76.9501661
node/1473821569,United Colors of Benetton,shop_clothes,11.0103192,76.9495152,,clothes,,11.0080177,76.9501661
node/1473821572,JUS BORN,shop_toys,11.0103876,76.9500784,,toys,,11.0080177,76.9501661
node/1473821573,CITIZEN,shop_hifi,11.0102718,76.9491557,,hifi,,11.0080177,76.9501661
node/1473821575,HOTEL CHERAN,restaurant,11.010077,76.9496225,restaurant,,,11.0080177,76.9501661
node/1473821576,MAPLE,shop_clothes,11.0103613,76.9496171,,clothes,,11.0080177,76.9501661
node/1473821578,RICH LOOK,shop_hifi,11.00994,76.9488714,,hifi,,11.0080177,76.9501661
node/1473821579,K-LONGUE,shop_clothes,11.0100454,76.9494722,,clothes,,11.0080177,76.9501661
node/1473821582,STING,shop_clothes,11.0103771,76.9497888,,clothes,,11.0080177,76.9501661
node/1473821584,RAYMOND,shop_clothes,11.010177,76.9500248,,clothes,,11.0080177,76.9501661
node/1473821586,SHAPES,shop_hifi,11.0099822,76.9490967,,hifi,,11.0080177,76.9501661
node/1473821587,AGARWAL SWEET PALACE,restaurant,11.0102349,76.9489787,fast_food,,,11.0080177,76.9501661
node/1473821588,TITAN EYE+,shop_hifi,11.0104298,76.9502018,,hifi,,11.0080177,76.9501661
node/1473821589,K.R.S BAKERY,shop_bakery,11.0102086,76.94885,,bakery,,11.0080177,76.9501661
node/1473825626,UPBEAT,shop_hifi,11.0099295,76.9469188,,hifi,,11.0080177,76.9501661
node/1473825635,MASKELIN,shop_clothes,11.0099822,76.9474767,,clothes,,11.0080177,76.9501661
node/1473825640,GILLI WORLD,shop_clothes,11.0102086,76.9486139,,clothes,,11.0080177,76.9501661
node/1473825641,Shresht,shop_clothes,11.0095002,76.9473929,,clothes,,11.0080177,76.9501661
node/1473825647,Fabindia,shop_clothes,11.0092786,76.9459629,,clothes,,11.0080177,76.9501661
node/1473825650,GAMMA FASHION,shop_clothes,11.0095978,76.9469939,,clothes,,11.0080177,76.9501661
node/1473825655,ADIDAS,shop_hifi,11.0099506,76.9471763,,hifi,,11.0080177,76.9501661
node/1473825657,Bata,shop_shoes,11.0101085,76.9481204,,shoes,,11.0080177,76.9501661
node/1473825659,Canara Bank,bank,11.0101483,76.948387,bank,,,11.0080177,76.9501661
node/1473830517,Woodland,shop_shoes,11.0109879,76.9501053,,shoes,,11.0080177,76.9501661
node/1473830522,Arasu Medicals,healthcare,11.010593,76.950234,hospital,,,11.0080177,76.9501661
node/1473830525,Peter England,shop_clothes,11.0108563,76.9501643,,clothes,,11.0080177,76.9501661
node/1473830537,PLANET FASHION,shop_hifi,11.0114724,76.9500248,,hifi,,11.0080177,76.9501661
node/1473830541,NAIDU HALL,shop_clothes,11.0116514,76.9500194,,clothes,,11.0080177,76.9501661
node/1473830542,SCULLERS,shop_clothes,11.0107141,76.9502125,,clothes,,11.0080177,76.9501661
node/1473830549,BOOMERANG,restaurant,11.0121253,76.9496546,fast_food,,,11.0080177,76.9501661
node/4229311789,Sandwich,restaurant,11.0122971,76.9488145,fast_food,,,11.0080177,76.9501661
node/4329521390,E-Service Centre,office,11.0063702,76.9530855,,,,11.0080177,76.9501661
node/4356098790,Siruvani,restaurant,11.0061313,76.9500524,restaurant,,,11.0080177,76.9501661
node/4358577289,Unnamed Feature,shop_furniture,11.0102759,76.9515678,,furniture,,11.0080177,76.9501661
node/4379089794,Nilgiri Furniture World,shop_furniture,11.01004,76.9506658,,furniture,,11.0080177,76.9501661
node/4391415889,Unnamed Feature,shop_clothes,11.0082677,76.950625,,clothes,,11.0080177,76.9501661
node/4428943992,Unnamed Feature,shop_bicycle,11.0098536,76.9472389,,bicycle,,11.0080177,76.9501661
node/4428948994,Toni & Guy,shop_hairdresser,11.0098828,76.947335,,hairdresser,,11.0080177,76.9501661
node/4428948995,Unnamed Feature,shop_bakery,11.0082021,76.9506435,,bakery,,11.0080177,76.9501661
node/4463666490,Unnamed Feature,shop_mobile_phone,11.0096192,76.9482085,,mobile_phone,,11.0080177,76.9501661
node/4692289495,Unnamed Feature,shop_optician,11.0101323,76.9511705,,optician,,11.0080177,76.9501661
node/4711638799,Unnamed Feature,bus_stop,11.007877,76.9506689,,,bus_stop,11.0080177,76.9501661
node/4711668397,Unnamed Feature,shop_bakery,11.0081712,76.9509903,,bakery,,11.0080177,76.9501661
node/4799120032,Adyar Ananda Bhavan,restaurant,11.008565,76.9530353,restaurant,confectionery,,11.0080177,76.9501661
node/4808812461,Unnamed Feature,shop_sports,11.0058786,76.9483205,,sports,,11.0080177,76.9501661
node/4944444323,Unnamed Feature,shop_copyshop,11.0098981,76.9534164,,copyshop,,11.0080177,76.9501661
node/4944455821,Unnamed Feature,shop_clothes,11.0095801,76.9534287,,clothes,,11.0080177,76.9501661
node/5036993525,Unnamed Feature,restaurant,11.0087419,76.9528507,cafe,,,11.0080177,76.9501661
node/6886497229,Lions Club of Coimbatore Legend Blood Bank Research Centre,other,11.0058505,76.9509217,blood_bank,,,11.0080177,76.9501661
node/6914895660,"Vikaram ENT Hospital, Coimbatore",healthcare,11.0120021,76.9494063,hospital,,,11.0080177,76.9501661
node/6937477838,K.M. Polyclinic,healthcare,11.0061296,76.9475555,clinic,,,11.0080177,76.9501661
node/6937527640,Sruti Hospitals,healthcare,11.0060677,76.9525994,hospital,,,11.0080177,76.9501661
node/7111719485,Unnamed Feature,shop_laundry,11.0084178,76.9494413,,laundry,,11.0080177,76.9501661
node/7111734385,Unnamed Feature,restaurant,11.0100388,76.9499427,restaurant,,,11.0080177,76.9501661
node/7257183906,Ponnaiah Hospital,healthcare,11.0108047,76.9530054,hospital,,,11.0080177,76.9501661
node/7257183994,"Muniyappa Hospital, Coimbatore",healthcare,11.0060689,76.9527967,hospital,,,11.0080177,76.9501661
node/7257183995,"Rajalakshmi Hospital, Coimbatore",healthcare,11.0044176,76.9503459,hospital,,,11.0080177,76.9501661
node/7844131966,Dr. J K's Homeopathy Clinic,healthcare,11.0046785,76.9530101,clinic,,,11.0080177,76.9501661
node/7844131976,Dr. Sambadam,healthcare,11.0041271,76.9512555,doctors,,,11.0080177,76.9501661
node/9125870245,Zimson,shop_watches,11.0079716,76.9506699,,watches,,11.0080177,76.9501661
node/9891879713,V Sat Solar Products,shop_electrical,11.0105488,76.95384,,electrical,,11.0080177,76.9501661
node/11080409918,BRANDUS CREATIVE,office,11.0066484,76.954323,,,,11.0080177,76.9501661
node/11698121276,Lookin Digital,office,11.0070327,76.9508062,,,,11.0080177,76.9501661
node/11962599671,Poogle Media,office,11.0084669,76.951449,,,,11.0080177,76.9501661
node/12285349816,City Union Bank,bank,11.0093053,76.9504754,bank,,,11.0080177,76.9501661
node/12285349817,Arasu Medicals,pharmacy,11.0102846,76.9502958,pharmacy,,,11.0080177,76.9501661
node/12285349818,Crocs,shop_shoes,11.0098849,76.9503906,,shoes,,11.0080177,76.9501661
node/12285349829,U.S. Polo Assn.,shop_clothes,11.009973,76.9503695,,clothes,,11.0080177,76.9501661
node/13001540233,C-STERC,office,11.0039357,76.9493476,,,,11.0080177,76.9501661
node/13001725799,Chai & Chai,shop_tea,11.0046849,76.9501135,,tea,,11.0080177,76.9501661
node/13001806544,Cosmos co-op bank,bank,11.0043532,76.950939,bank,,,11.0080177,76.9501661
node/13001835900,Brave & care,shop_beauty,11.0040907,76.9501285,,beauty,,11.0080177,76.9501661
node/13001909486,Punjab national bank,bank,11.0063662,76.9503695,bank,,,11.0080177,76.9501661
node/13002129691,IDBI bank,bank,11.0052021,76.951372,bank,,,11.0080177,76.9501661
way/29980759,East Ponnurangam Road,road,11.0111638,76.9494587,,,residential,11.0080177,76.9501661
way/29980771,East Venkataswamy Road,road,11.0119803,76.9479403,,,residential,11.0080177,76.9501661
way/29980776,Punniakodi Road,road,11.0121309,76.9459643,,,residential,11.0080177,76.9501661
way/29980780,Venkatachalam Chetty Street,road,11.0123215,76.9476006,,,residential,11.0080177,76.9501661
way/29980781,Diwan Bhadur Road,road,11.0126246,76.9500748,,,tertiary,11.0080177,76.9501661
way/29980782,Sir Shanmugam Road,road,11.0089712,76.9528612,,,residential,11.0080177,76.9501661
way/29980783,Thiagikumaran Street,road,11.002587,76.9537734,,,residential,11.0080177,76.9501661
way/29980790,Ramangam Road,road,11.0035114,76.9504192,,,residential,11.0080177,76.9501661
way/29980793,Ramachandra Road,road,11.0052806,76.9535287,,,residential,11.0080177,76.9501661
way/29980794,Unnamed Feature,road,11.0048613,76.952732,,,residential,11.0080177,76.9501661
way/29980795,Siva Subramani Mc Grikar Street,road,11.0058312,76.9534453,,,residential,11.0080177,76.9501661
way/29980796,Ramachandra Road,road,11.0065896,76.9544153,,,residential,11.0080177,76.9501661
way/29980797,Ramachandra Road,road,11.0061317,76.9521788,,,residential,11.0080177,76.9501661
way/29980798,Arokiyasamy Road East,road,11.0067884,76.9521016,,,residential,11.0080177,76.9501661
way/29980799,Kannusamy Road,road,11.0076389,76.9519689,,,residential,11.0080177,76.9501661
way/29980800,Arokiasamy Street,road,11.0060669,76.9484629,,,residential,11.0080177,76.9501661
way/29980801,Venkatnarayan Road,road,11.0073619,76.9480579,,,residential,11.0080177,76.9501661
way/29980802,Unnamed Feature,road,11.0039486,76.9502554,,,residential,11.0080177,76.9501661
way/29980803,Thilagar Street,road,11.0066183,76.947271,,,residential,11.0080177,76.9501661
way/29980804,Unnamed Feature,road,11.0071277,76.9480225,,,residential,11.0080177,76.9501661
way/29980805,VOC Street,road,11.0068982,76.9463988,,,residential,11.0080177,76.9501661
way/29980806,West Sambandam Road,road,11.0081809,76.947916,,,residential,11.0080177,76.9501661
way/29980807,Unnamed Feature,road,11.0088312,76.9469854,,,residential,11.0080177,76.9501661
way/29980809,Unnamed Feature,road,11.009071,76.948541,,,residential,11.0080177,76.9501661
way/29980811,Unnamed Feature,road,11.0092263,76.949575,,,residential,11.0080177,76.9501661
way/29980812,Kannusamy Road,road,11.0086803,76.953013,,,residential,11.0080177,76.9501661
way/29980813,Sambandam Road,road,11.009581,76.9528675,,,residential,11.0080177,76.9501661
way/66117845,Unnamed Feature,education,11.0049509,76.9480187,school,,,11.0080177,76.9501661
way/133120066,Unnamed Feature,road,11.0088699,76.9473608,,,residential,11.0080177,76.9501661
way/133120092,Unnamed Feature,road,11.0089477,76.9477328,,,residential,11.0080177,76.9501661
way/293077290,Diwan Bahadur Road,road,11.0054092,76.9511732,,,secondary,11.0080177,76.9501661
way/594392946,Unnamed Feature,road,11.0086492,76.9458979,,,residential,11.0080177,76.9501661
way/594392948,Thiruvenkatasamy (TV Samy) Road,road,11.0100374,76.9497676,,,secondary,11.0080177,76.9501661
way/1000761150,Unnamed Feature,road,11.0054585,76.9472487,,,service,11.0080177,76.9501661
way/1119761801,Unnamed Feature,road,11.0107051,76.9506495,,,service,11.0080177,76.9501661
way/1125566798,Unnamed Feature,road,11.0037878,76.9484258,,,residential,11.0080177,76.9501661
way/1125566799,Unnamed Feature,road,11.003998,76.9500217,,,service,11.0080177,76.9501661
way/1225842033,Unnamed Feature,road,11.0051866,76.9498107,,,service,11.0080177,76.9501661
way/1225842034,Unnamed Feature,road,11.0051246,76.9493501,,,service,11.0080177,76.9501661
way/1225842035,Unnamed Feature,road,11.0053372,76.9489669,,,service,11.0080177,76.9501661
way/1225842036,Unnamed Feature,road,11.0056124,76.9484296,,,service,11.0080177,76.9501661
way/1227935008,Unnamed Feature,road,11.0067685,76.9482086,,,service,11.0080177,76.9501661
way/1227935009,Unnamed Feature,road,11.0067309,76.9484039,,,service,11.0080177,76.9501661
way/1322892490,Unnamed Feature,road,11.0058158,76.9512294,,,footway,11.0080177,76.9501661
node/346086387,Trade & Church,bus_stop,44.9372241,-123.0369001,,,bus_stop,44.936656500000005,-123.030621
node/357363688,Bilingual Gateway School,education,44.9358333,-123.0258333,school,,,44.936656500000005,-123.030621
node/357364181,St. John School for Early Learners,education,44.9373741,-123.0248831,school,,,44.936656500000005,-123.030621
node/1169337494,Career Center,office,44.9355909,-123.031741,,,,44.936656500000005,-123.030621
node/1173470091,Bistro,restaurant,44.9356296,-123.0319537,cafe,,,44.936656500000005,-123.030621
node/4392003732,Salem Gastro,healthcare,44.9334896,-123.034406,doctors,,,44.936656500000005,-123.030621
node/5005281895,The Sassy Onion Grill,restaurant,44.9366558,-123.026519,cafe,,,44.936656500000005,-123.030621
node/7978973973,Starbucks,restaurant,44.9381256,-123.036535,cafe,,,44.936656500000005,-123.030621
node/8689088999,Oregon House of Representitives,office,44.9384255,-123.0314598,,,,44.936656500000005,-123.030621
node/8689089000,Oregon Senate,office,44.9379875,-123.0296913,,,,44.936656500000005,-123.030621
node/8689089156,Oregon Governor's Office,office,44.9382812,-123.0305512,,,,44.936656500000005,-123.030621
node/8689089157,Oregon State Treasury,office,44.9386022,-123.0309221,,,,44.936656500000005,-123.030621
node/8689089158,Oregon Secretary of State,office,44.9383644,-123.0299901,,,,44.936656500000005,-123.030621
node/8708691552,Oregon Department of State,office,44.9394884,-123.0287025,,,,44.936656500000005,-123.030621
node/8708691553,Oregon Department of Education,office,44.9394125,-123.0287454,,,,44.936656500000005,-123.030621
node/8925843918,Oregon Health Insurance Marketplace,office,44.9410864,-123.0306207,,,,44.936656500000005,-123.030621
node/8925843919,Oregon Occupational Safety and Health Division,office,44.9409354,-123.030694,,,,44.936656500000005,-123.030621
node/8925843920,Small Business Ombudsman for Workers’ Compensation,office,44.9408219,-123.0302693,,,,44.936656500000005,-123.030621
node/8925843922,Workers’ Compensation Division,office,44.9408153,-123.030741,,,,44.936656500000005,-123.030621
node/8925843923,Senior Health Insurance Benefits Assistance,office,44.9407068,-123.030339,,,,44.936656500000005,-123.030621
node/8984225327,Taproot Old Mill Cafe,restaurant,44.9343474,-123.0270238,restaurant,,,44.936656500000005,-123.030621
node/8984357151,"Architect: Patrick Bickler, LLC",office,44.9345184,-123.0271871,,,,44.936656500000005,-123.030621
node/8984357153,Teaselwick Wools,shop_craft,44.9344969,-123.0270197,,craft,,44.936656500000005,-123.030621
node/8984357154,Eco Hub,office,44.9344816,-123.0269486,,,,44.936656500000005,-123.030621
node/8984357155,Bella Hill,shop_collector,44.9344726,-123.0268814,,collector,,44.936656500000005,-123.030621
node/8986982231,Association of Oregon Counties,office,44.938727,-123.0259123,,,,44.936656500000005,-123.030621
node/8986982247,Department of Justice Trial Division,office,44.9374878,-123.0265808,,,,44.936656500000005,-123.030621
node/8987141724,Cuisine India,restaurant,44.9367316,-123.026838,restaurant,,,44.936656500000005,-123.030621
node/9034006048,Al Aqsa,restaurant,44.936415,-123.025475,restaurant,,,44.936656500000005,-123.030621
node/10574100040,Bearwolf Catering and PNW Deli,restaurant,44.9364487,-123.025618,restaurant,,,44.936656500000005,-123.030621
node/11363194533,Winter @ Salem Hospital,bus_stop,44.9335993,-123.0345518,,,bus_stop,44.936656500000005,-123.030621
node/11363194534,Winter @ Salem Hospital,bus_stop,44.9334714,-123.0348219,,,bus_stop,44.936656500000005,-123.030621
node/11363194535,Pringle Parkway @ Church,bus_stop,44.937721,-123.035335,,,bus_stop,44.936656500000005,-123.030621
node/12008709946,First Bite Organics,restaurant,44.9401389,-123.0335672,cafe,,,44.936656500000005,-123.030621
node/13389395702,The Kings Men,shop_hairdresser,44.9361808,-123.025792,,hairdresser,,44.936656500000005,-123.030621
node/13389395801,Rudy's Garden Shop,shop_garden_centre,44.9365298,-123.0259542,,garden_centre,,44.936656500000005,-123.030621
node/13529521458,School of Computing and Information Sciences,education,44.9370432,-123.0285409,university,,,44.936656500000005,-123.030621
node/14104365457,Lively Station,restaurant,44.9344514,-123.02684,restaurant,,,44.936656500000005,-123.030621
way/5501756,Unnamed Feature,road,44.9331991,-123.034331,,,footway,44.936656500000005,-123.030621
way/5502232,Unnamed Feature,road,44.9402788,-123.0300876,,,footway,44.936656500000005,-123.030621
way/5504114,Church Street Northeast,road,44.939715,-123.0353377,,,secondary,44.936656500000005,-123.030621
way/5505204,Winter Street Southeast,road,44.9355438,-123.0337358,,,tertiary,44.936656500000005,-123.030621
way/5505441,University Street Southeast,road,44.9341484,-123.0305856,,,service,44.936656500000005,-123.030621
way/5506185,Mill Street Southeast,road,44.9351619,-123.0329528,,,residential,44.936656500000005,-123.030621
way/5506716,Capitol Street Northeast,road,44.9391873,-123.0282329,,,tertiary,44.936656500000005,-123.030621
way/5506803,12th Street Northeast,road,44.9387025,-123.0263523,,,primary,44.936656500000005,-123.030621
way/5507300,Waverly Street Northeast,road,44.9378991,-123.0281006,,,residential,44.936656500000005,-123.030621
way/5508152,13th Street Southeast,road,44.935923,-123.0261088,,,residential,44.936656500000005,-123.030621
way/5508854,Cottage Street Southeast,road,44.9384673,-123.0341135,,,tertiary,44.936656500000005,-123.030621
way/5512232,Bellevue Street Southeast,road,44.9349614,-123.0366794,,,residential,44.936656500000005,-123.030621
way/5512948,Capitol Street Southeast,road,44.9329295,-123.0320653,,,residential,44.936656500000005,-123.030621
way/5513030,12th Street Southeast,road,44.9340365,-123.0285283,,,primary,44.936656500000005,-123.030621
way/5513336,Ferry Street Southeast,road,44.9348068,-123.0228041,,,residential,44.936656500000005,-123.030621
way/5513340,Ferry Street Southeast,road,44.9383773,-123.0369202,,,trunk,44.936656500000005,-123.030621
way/5514417,14th Street Southeast,road,44.934317,-123.0253403,,,tertiary,44.936656500000005,-123.030621
way/5514431,Unnamed Feature,road,44.9400312,-123.0291005,,,footway,44.936656500000005,-123.030621
way/27442255,Chemeketa Street Northeast,road,44.9401445,-123.0296014,,,tertiary,44.936656500000005,-123.030621
way/27442256,Chemeketa Street Northeast,road,44.9398561,-123.0284506,,,tertiary,44.936656500000005,-123.030621
way/30263740,13th Street Northeast,road,44.9391361,-123.0244765,,,residential,44.936656500000005,-123.030621
way/30263741,Court Street Northeast,road,44.937873,-123.0251081,,,footway,44.936656500000005,-123.030621
way/30263899,Chemeketa Street Northeast,road,44.9404344,-123.0307469,,,tertiary,44.936656500000005,-123.030621
way/30263901,Court Street Northeast,road,44.9379151,-123.0259372,,,secondary,44.936656500000005,-123.030621
way/30266859,Unnamed Feature,road,44.9320666,-123.028766,,,trunk_link,44.936656500000005,-123.030621
way/30455093,Bellevue Street Southeast,road,44.933693,-123.0317083,,,trunk,44.936656500000005,-123.030621
way/30594266,Cottage Street Northeast,road,44.9393027,-123.0336937,,,tertiary,44.936656500000005,-123.030621
way/30596517,Unnamed Feature,road,44.9329736,-123.0288777,,,trunk,44.936656500000005,-123.030621
way/30596518,Unnamed Feature,road,44.9321498,-123.0286965,,,trunk,44.936656500000005,-123.030621
way/30596521,12th Street Southeast,road,44.9329063,-123.0291476,,,trunk,44.936656500000005,-123.030621
way/30596525,Pringle Parkway Southeast,road,44.9349385,-123.0348268,,,trunk,44.936656500000005,-123.030621
way/30596526,Pringle Parkway Southeast,road,44.9370039,-123.0362553,,,trunk,44.936656500000005,-123.030621
way/30596533,12th Street Southeast,road,44.9326572,-123.0292738,,,trunk,44.936656500000005,-123.030621
way/30596534,12th Street Southeast,road,44.9321847,-123.0295086,,,trunk,44.936656500000005,-123.030621
way/30636634,13th Street Southeast,road,44.9321948,-123.0285661,,,secondary,44.936656500000005,-123.030621
way/30795094,Court Street Northeast,road,44.9400758,-123.0342313,,,secondary,44.936656500000005,-123.030621
way/30795098,Winter Street Northeast,road,44.9400089,-123.0315076,,,tertiary,44.936656500000005,-123.030621
way/30795100,Chemeketa Street Northeast,road,44.9407662,-123.0320471,,,tertiary,44.936656500000005,-123.030621
way/30809416,13th Street Northeast,road,44.9372684,-123.0254437,,,secondary,44.936656500000005,-123.030621
way/30809417,Unnamed Feature,road,44.9368073,-123.0259665,,,secondary_link,44.936656500000005,-123.030621
way/30809418,Unnamed Feature,road,44.9367394,-123.025595,,,secondary,44.936656500000005,-123.030621
way/30810611,Unnamed Feature,road,44.935959,-123.0252544,,,service,44.936656500000005,-123.030621
way/30830088,Court Street Northeast,road,44.9367403,-123.0210846,,,residential,44.936656500000005,-123.030621
way/32358412,Unnamed Feature,road,44.9347363,-123.0278814,,,cycleway,44.936656500000005,-123.030621
way/32358413,Unnamed Feature,road,44.9361971,-123.027407,,,cycleway,44.936656500000005,-123.030621
way/32358414,Unnamed Feature,road,44.9369019,-123.0269537,,,service,44.936656500000005,-123.030621
way/32358415,Unnamed Feature,road,44.9370193,-123.0268988,,,service,44.936656500000005,-123.030621
way/32358416,Unnamed Feature,road,44.9369809,-123.0270244,,,footway,44.936656500000005,-123.030621
way/32358435,Unnamed Feature,road,44.9397675,-123.0256211,,,cycleway,44.936656500000005,-123.030621
way/32358437,Unnamed Feature,road,44.9383161,-123.0248507,,,service,44.936656500000005,-123.030621
way/32358438,Unnamed Feature,road,44.9386528,-123.0261807,,,cycleway,44.936656500000005,-123.030621
way/32358439,Unnamed Feature,road,44.9391328,-123.0258605,,,service,44.936656500000005,-123.030621
way/32358440,Unnamed Feature,road,44.9392106,-123.0259026,,,cycleway,44.936656500000005,-123.030621
way/32358441,Chemeketa Street Northeast,road,44.9390236,-123.0251793,,,residential,44.936656500000005,-123.030621
way/32358446,Unnamed Feature,road,44.9376004,-123.0263624,,,service,44.936656500000005,-123.030621
way/32358447,State Street,road,44.9368387,-123.0264561,,,secondary,44.936656500000005,-123.030621
way/32358466,Unnamed Feature,road,44.9332043,-123.0283793,,,service,44.936656500000005,-123.030621
way/34090081,State Street,road,44.9369867,-123.0270104,,,secondary,44.936656500000005,-123.030621
way/34140095,Oregon Department of Transportation,office,44.9404136,-123.0282024,,,,44.936656500000005,-123.030621
way/34140096,Public Service Building,office,44.939318,-123.0287685,,,,44.936656500000005,-123.030621
way/34157106,12th Street Southeast,road,44.9335296,-123.0288745,,,primary,44.936656500000005,-123.030621
way/34157107,Unnamed Feature,road,44.9330578,-123.0290226,,,trunk_link,44.936656500000005,-123.030621
way/34157109,12th Street Southeast,road,44.9355751,-123.027959,,,primary,44.936656500000005,-123.030621
way/34371817,Bellevue Street Southeast,road,44.9339583,-123.0323117,,,trunk,44.936656500000005,-123.030621
way/34371820,Unnamed Feature,road,44.9401728,-123.0295711,,,service,44.936656500000005,-123.030621
way/34580774,Bellevue Street Southeast,road,44.9330822,-123.0286301,,,footway,44.936656500000005,-123.030621
way/37751747,University Street Southeast,road,44.9316129,-123.0312599,,,residential,44.936656500000005,-123.030621
way/37751748,Unnamed Feature,road,44.9342015,-123.0357408,,,cycleway,44.936656500000005,-123.030621
way/98516378,Unnamed Feature,road,44.9329137,-123.028684,,,trunk_link,44.936656500000005,-123.030621
way/101298812,Collins Legal Center,education,44.9369334,-123.0335731,university,,,44.936656500000005,-123.030621
way/101309486,Legal Arts Building,education,44.9383301,-123.0356278,university,,,44.936656500000005,-123.030621
way/101309523,West Annex,education,44.9376852,-123.0349844,university,,,44.936656500000005,-123.030621
way/101309753,Unnamed Feature,road,44.9368061,-123.0311265,,,service,44.936656500000005,-123.030621
way/101310819,Unnamed Feature,road,44.9343217,-123.0307675,,,service,44.936656500000005,-123.030621
way/101310821,Unnamed Feature,road,44.9344775,-123.0305077,,,service,44.936656500000005,-123.030621
way/101310822,Unnamed Feature,road,44.9342879,-123.0308879,,,service,44.936656500000005,-123.030621
way/101310824,Unnamed Feature,road,44.9343584,-123.0306799,,,service,44.936656500000005,-123.030621
way/101310829,Unnamed Feature,road,44.934562,-123.0314599,,,service,44.936656500000005,-123.030621
way/101310972,Unnamed Feature,road,44.9349051,-123.0313737,,,footway,44.936656500000005,-123.030621
way/101311112,Unnamed Feature,road,44.9332408,-123.0270678,,,footway,44.936656500000005,-123.030621
way/101311113,Unnamed Feature,road,44.9339207,-123.0284209,,,footway,44.936656500000005,-123.030621
way/101311173,Unnamed Feature,road,44.9321863,-123.0276726,,,footway,44.936656500000005,-123.030621
way/101311174,Jackson Plaza,road,44.9356114,-123.0310051,,,pedestrian,44.936656500000005,-123.030621
way/101314860,Goudy Commons,restaurant,44.936073,-123.0325172,cafe,,,44.936656500000005,-123.030621
way/101314861,Unnamed Feature,road,44.9350966,-123.0312801,,,footway,44.936656500000005,-123.030621
way/101315065,Unnamed Feature,road,44.935031,-123.0310322,,,footway,44.936656500000005,-123.030621
way/101315066,Unnamed Feature,road,44.9357433,-123.0307992,,,footway,44.936656500000005,-123.030621
way/101315068,Unnamed Feature,road,44.9359402,-123.0319851,,,footway,44.936656500000005,-123.030621
way/101315069,Unnamed Feature,road,44.9363702,-123.0311302,,,footway,44.936656500000005,-123.030621
way/101315070,Unnamed Feature,road,44.9353234,-123.0311558,,,footway,44.936656500000005,-123.030621
way/101315071,Unnamed Feature,road,44.9359224,-123.0322352,,,footway,44.936656500000005,-123.030621
way/101318122,Unnamed Feature,road,44.9345709,-123.0335501,,,service,44.936656500000005,-123.030621
way/101318420,Unnamed Feature,road,44.9353407,-123.0347563,,,service,44.936656500000005,-123.030621
way/101318422,Unnamed Feature,road,44.9359276,-123.034464,,,service,44.936656500000005,-123.030621
way/101318423,Unnamed Feature,road,44.9351318,-123.0345404,,,service,44.936656500000005,-123.030621
way/101318425,Unnamed Feature,road,44.9357144,-123.0342469,,,service,44.936656500000005,-123.030621
way/101318427,Unnamed Feature,road,44.9358786,-123.0341654,,,service,44.936656500000005,-123.030621
way/101318428,Unnamed Feature,road,44.9352123,-123.0345685,,,service,44.936656500000005,-123.030621
way/101320338,Unnamed Feature,road,44.9356566,-123.0346995,,,service,44.936656500000005,-123.030621
way/101322085,Willamette Academy Annex,education,44.9380391,-123.0346959,school,,,44.936656500000005,-123.030621
way/101322087,Unnamed Feature,road,44.9374991,-123.0339486,,,service,44.936656500000005,-123.030621
way/101322088,Unnamed Feature,road,44.9363497,-123.0325137,,,service,44.936656500000005,-123.030621
way/101322094,Unnamed Feature,road,44.9370872,-123.034285,,,service,44.936656500000005,-123.030621
way/101323303,Unnamed Feature,road,44.9355594,-123.0287963,,,service,44.936656500000005,-123.030621
way/101472924,Unnamed Feature,road,44.9365002,-123.0301329,,,footway,44.936656500000005,-123.030621
way/101472926,Unnamed Feature,road,44.9362795,-123.030534,,,footway,44.936656500000005,-123.030621
way/101472928,Unnamed Feature,road,44.9361182,-123.0319005,,,footway,44.936656500000005,-123.030621
way/101472929,Unnamed Feature,road,44.9364962,-123.0337699,,,steps,44.936656500000005,-123.030621
way/101472930,Unnamed Feature,road,44.9359972,-123.0338506,,,footway,44.936656500000005,-123.030621
way/101472931,Unnamed Feature,road,44.9364181,-123.0337441,,,steps,44.936656500000005,-123.030621
way/101472934,Unnamed Feature,road,44.9365942,-123.0300295,,,footway,44.936656500000005,-123.030621
way/101472935,Unnamed Feature,road,44.9358375,-123.0307533,,,footway,44.936656500000005,-123.030621
way/101472936,Seeley G. Mudd Building,education,44.93613,-123.0339657,university,,,44.936656500000005,-123.030621
way/101472937,Bishop Plaza,road,44.9361141,-123.0305645,,,pedestrian,44.936656500000005,-123.030621
way/101472938,Unnamed Feature,road,44.9368386,-123.0317615,,,footway,44.936656500000005,-123.030621
way/101472939,Unnamed Feature,road,44.9365623,-123.0316762,,,footway,44.936656500000005,-123.030621
way/101473511,Unnamed Feature,road,44.9355363,-123.0290843,,,footway,44.936656500000005,-123.030621
way/101476077,Unnamed Feature,road,44.9375067,-123.0304215,,,footway,44.936656500000005,-123.030621
way/101476078,Unnamed Feature,road,44.9372465,-123.0301207,,,footway,44.936656500000005,-123.030621
way/101476079,Unnamed Feature,road,44.9375779,-123.0308655,,,footway,44.936656500000005,-123.030621
way/101575192,Unnamed Feature,road,44.9373727,-123.0313225,,,footway,44.936656500000005,-123.030621
way/101919922,Unnamed Feature,road,44.9351691,-123.0320287,,,footway,44.936656500000005,-123.030621
way/101919923,Unnamed Feature,road,44.9357355,-123.0319975,,,footway,44.936656500000005,-123.030621
way/101921044,Unnamed Feature,road,44.9362476,-123.0288881,,,service,44.936656500000005,-123.030621
way/101921045,Unnamed Feature,road,44.9354732,-123.0295148,,,footway,44.936656500000005,-123.030621
way/101921046,Unnamed Feature,road,44.9351603,-123.0299691,,,footway,44.936656500000005,-123.030621
way/101921047,Unnamed Feature,road,44.9366397,-123.0291113,,,footway,44.936656500000005,-123.030621
way/101921048,Unnamed Feature,road,44.9361719,-123.0292107,,,footway,44.936656500000005,-123.030621
way/101921049,Unnamed Feature,road,44.9362315,-123.0286451,,,steps,44.936656500000005,-123.030621
way/102006807,Mill Race Path,road,44.9364937,-123.0352392,,,cycleway,44.936656500000005,-123.030621
way/102006808,Mill Race Path,road,44.9365525,-123.0356425,,,cycleway,44.936656500000005,-123.030621
way/102006809,Mill Race Path,road,44.9365306,-123.0354383,,,cycleway,44.936656500000005,-123.030621
way/102041532,Unnamed Feature,road,44.9381093,-123.0352456,,,service,44.936656500000005,-123.030621
way/102042713,Unnamed Feature,road,44.9368523,-123.0350647,,,service,44.936656500000005,-123.030621
way/102047932,Unnamed Feature,road,44.9373378,-123.0320478,,,footway,44.936656500000005,-123.030621
way/102047934,Unnamed Feature,road,44.9375828,-123.0316212,,,footway,44.936656500000005,-123.030621
way/102047935,Unnamed Feature,road,44.9376702,-123.0323917,,,service,44.936656500000005,-123.030621
way/102047938,Unnamed Feature,road,44.9376372,-123.0317773,,,footway,44.936656500000005,-123.030621
way/102048883,Unnamed Feature,road,44.9372379,-123.0313499,,,footway,44.936656500000005,-123.030621
way/102048884,Unnamed Feature,road,44.9372462,-123.0312737,,,steps,44.936656500000005,-123.030621
way/102048885,Unnamed Feature,road,44.9371514,-123.0313685,,,service,44.936656500000005,-123.030621
way/102048974,Unnamed Feature,road,44.9369173,-123.0297028,,,footway,44.936656500000005,-123.030621
way/102048975,Unnamed Feature,road,44.9370946,-123.0307213,,,service,44.936656500000005,-123.030621
way/102062528,Unnamed Feature,road,44.9367287,-123.029877,,,service,44.936656500000005,-123.030621
way/102123278,Unnamed Feature,road,44.9349668,-123.0311892,,,footway,44.936656500000005,-123.030621
way/102123279,Unnamed Feature,road,44.9360753,-123.0285009,,,footway,44.936656500000005,-123.030621
way/102244505,Unnamed Feature,road,44.9371484,-123.0308929,,,steps,44.936656500000005,-123.030621
way/102244506,Unnamed Feature,road,44.9371493,-123.0294383,,,footway,44.936656500000005,-123.030621
way/102244507,Unnamed Feature,road,44.9371254,-123.0307979,,,footway,44.936656500000005,-123.030621
way/103497476,Justice Building,office,44.93797,-123.0274663,,,,44.936656500000005,-123.030621
way/104036862,Unnamed Feature,road,44.9357903,-123.0300669,,,footway,44.936656500000005,-123.030621
way/106216967,Unnamed Feature,road,44.9402583,-123.0300548,,,cycleway,44.936656500000005,-123.030621
way/106216969,Unnamed Feature,road,44.940399,-123.0305671,,,service,44.936656500000005,-123.030621
way/106216973,Unnamed Feature,road,44.9399022,-123.0286691,,,service,44.936656500000005,-123.030621
way/107269410,Tokyo International University of America,education,44.9330855,-123.0267362,university,,,44.936656500000005,-123.030621
way/133919909,Unnamed Feature,road,44.9362116,-123.0286957,,,footway,44.936656500000005,-123.030621
way/133919910,Unnamed Feature,road,44.9374286,-123.0290521,,,footway,44.936656500000005,-123.030621
way/133919912,Unnamed Feature,road,44.9349087,-123.0316701,,,footway,44.936656500000005,-123.030621
way/133919914,Unnamed Feature,road,44.9363881,-123.0356935,,,footway,44.936656500000005,-123.030621
way/146297448,Unnamed Feature,road,44.935823,-123.0348842,,,service,44.936656500000005,-123.030621
way/147588763,Unnamed Feature,road,44.9373039,-123.034696,,,service,44.936656500000005,-123.030621
way/147588764,Ferry Street Southeast,road,44.9375623,-123.0336478,,,tertiary,44.936656500000005,-123.030621
way/147588767,Unnamed Feature,road,44.9372718,-123.0351033,,,footway,44.936656500000005,-123.030621
way/147588768,Unnamed Feature,road,44.9361685,-123.0346859,,,service,44.936656500000005,-123.030621
way/147588771,Unnamed Feature,road,44.9380494,-123.0356281,,,footway,44.936656500000005,-123.030621
way/162917380,Church Street Southeast,road,44.9376591,-123.0363673,,,tertiary,44.936656500000005,-123.030621
way/162917422,Unnamed Feature,road,44.9327964,-123.0290102,,,trunk_link,44.936656500000005,-123.030621
way/162922276,Capitol Street Southeast,road,44.9325257,-123.0322789,,,tertiary,44.936656500000005,-123.030621
way/162922282,Unnamed Feature,road,44.9376319,-123.025188,,,footway,44.936656500000005,-123.030621
way/162922283,Court Street Northeast,road,44.9383243,-123.0272648,,,secondary,44.936656500000005,-123.030621
way/162922290,Oak Street Southeast,road,44.9321769,-123.0302471,,,unclassified,44.936656500000005,-123.030621
way/162922291,Oak Street Southeast,road,44.9326157,-123.0319684,,,unclassified,44.936656500000005,-123.030621
way/162922292,Oak Street Southeast,road,44.9329044,-123.0328754,,,tertiary,44.936656500000005,-123.030621
way/162922293,Oak Street Southeast,road,44.9328212,-123.032916,,,tertiary,44.936656500000005,-123.030621
way/162922297,Unnamed Feature,road,44.9373825,-123.026131,,,service,44.936656500000005,-123.030621
way/163748503,Unnamed Feature,road,44.9385506,-123.0304086,,,footway,44.936656500000005,-123.030621
way/163748505,Unnamed Feature,road,44.9383316,-123.0287304,,,footway,44.936656500000005,-123.030621
way/163748507,Unnamed Feature,road,44.9376524,-123.0286263,,,footway,44.936656500000005,-123.030621
way/163748511,Unnamed Feature,road,44.9381703,-123.0292278,,,footway,44.936656500000005,-123.030621
way/164560310,Unnamed Feature,road,44.9368948,-123.0328339,,,footway,44.936656500000005,-123.030621
way/164560311,Unnamed Feature,road,44.9370354,-123.0314391,,,footway,44.936656500000005,-123.030621
way/164560312,Unnamed Feature,road,44.9366821,-123.0303332,,,steps,44.936656500000005,-123.030621
way/164560313,Unnamed Feature,road,44.9368384,-123.0326015,,,steps,44.936656500000005,-123.030621
way/164560315,Unnamed Feature,road,44.9369195,-123.0288831,,,footway,44.936656500000005,-123.030621
way/164560316,Unnamed Feature,road,44.9371393,-123.0289902,,,footway,44.936656500000005,-123.030621
way/164560317,Unnamed Feature,road,44.9368683,-123.0303083,,,steps,44.936656500000005,-123.030621
way/164560318,Unnamed Feature,road,44.9367548,-123.0302965,,,footway,44.936656500000005,-123.030621
way/164560319,Unnamed Feature,road,44.9369003,-123.0302918,,,footway,44.936656500000005,-123.030621
way/164560320,Unnamed Feature,road,44.9370905,-123.0317243,,,steps,44.936656500000005,-123.030621
way/164560321,Unnamed Feature,road,44.9369753,-123.0314681,,,steps,44.936656500000005,-123.030621
way/164560322,Unnamed Feature,road,44.9368312,-123.0303284,,,footway,44.936656500000005,-123.030621
way/164560323,Unnamed Feature,road,44.9367287,-123.0297113,,,footway,44.936656500000005,-123.030621
way/164560324,Unnamed Feature,road,44.9370012,-123.0319426,,,footway,44.936656500000005,-123.030621
way/164560325,Unnamed Feature,road,44.9331353,-123.0270053,,,footway,44.936656500000005,-123.030621
way/164560327,Unnamed Feature,road,44.9368459,-123.0303433,,,footway,44.936656500000005,-123.030621
way/164560328,Unnamed Feature,road,44.9334819,-123.0274033,,,footway,44.936656500000005,-123.030621
way/164560571,Unnamed Feature,road,44.9366973,-123.0303256,,,footway,44.936656500000005,-123.030621
way/164560572,Unnamed Feature,road,44.9367113,-123.0303184,,,steps,44.936656500000005,-123.030621
way/167146198,Unnamed Feature,road,44.9336596,-123.0248009,,,service,44.936656500000005,-123.030621
way/167147805,Court Street Northeast,road,44.9377884,-123.025008,,,footway,44.936656500000005,-123.030621
way/167147809,Unnamed Feature,road,44.9345101,-123.027226,,,footway,44.936656500000005,-123.030621
way/167147810,Unnamed Feature,road,44.9344175,-123.0268621,,,pedestrian,44.936656500000005,-123.030621
way/167147811,Unnamed Feature,road,44.934337,-123.0273124,,,footway,44.936656500000005,-123.030621
way/167147812,Unnamed Feature,road,44.9348968,-123.0277435,,,footway,44.936656500000005,-123.030621
way/167147814,Unnamed Feature,road,44.9345636,-123.0276382,,,footway,44.936656500000005,-123.030621
way/167147815,Unnamed Feature,road,44.9341485,-123.0275511,,,service,44.936656500000005,-123.030621
way/167147816,Unnamed Feature,road,44.9347195,-123.0271052,,,pedestrian,44.936656500000005,-123.030621
way/167147817,Unnamed Feature,road,44.9341007,-123.0273506,,,service,44.936656500000005,-123.030621
way/167147818,Unnamed Feature,road,44.9340528,-123.0271542,,,service,44.936656500000005,-123.030621
way/167147820,Unnamed Feature,road,44.9339588,-123.0266705,,,service,44.936656500000005,-123.030621
way/167147822,Unnamed Feature,road,44.9376522,-123.0251111,,,footway,44.936656500000005,-123.030621
way/167147823,Unnamed Feature,road,44.9350884,-123.0273739,,,pedestrian,44.936656500000005,-123.030621
way/167147824,Unnamed Feature,road,44.9340364,-123.027093,,,service,44.936656500000005,-123.030621
way/167147825,Unnamed Feature,road,44.9377051,-123.025048,,,footway,44.936656500000005,-123.030621
way/167147826,Unnamed Feature,road,44.9337413,-123.0268212,,,service,44.936656500000005,-123.030621
way/167147827,Unnamed Feature,road,44.9350316,-123.0257722,,,service,44.936656500000005,-123.030621
way/167147828,Unnamed Feature,road,44.9347829,-123.0276083,,,footway,44.936656500000005,-123.030621
way/167147829,Unnamed Feature,road,44.9352867,-123.0267775,,,service,44.936656500000005,-123.030621
way/167281714,Unnamed Feature,road,44.9400275,-123.029148,,,cycleway,44.936656500000005,-123.030621
way/167281718,Unnamed Feature,road,44.9401563,-123.0296055,,,cycleway,44.936656500000005,-123.030621
way/167281720,Unnamed Feature,road,44.940134,-123.0296055,,,cycleway,44.936656500000005,-123.030621
way/167281802,Unnamed Feature,road,44.9404347,-123.0297676,,,footway,44.936656500000005,-123.030621
way/167281805,Unnamed Feature,road,44.9402956,-123.0292191,,,footway,44.936656500000005,-123.030621
way/167281858,Unnamed Feature,road,44.9408425,-123.0298724,,,footway,44.936656500000005,-123.030621
way/167281859,Unnamed Feature,road,44.9404974,-123.0294293,,,footway,44.936656500000005,-123.030621
way/167281861,Unnamed Feature,road,44.9404921,-123.0294313,,,footway,44.936656500000005,-123.030621
way/167281866,Unnamed Feature,road,44.9409039,-123.0292192,,,footway,44.936656500000005,-123.030621
way/167281868,Unnamed Feature,road,44.9397945,-123.0297801,,,footway,44.936656500000005,-123.030621
way/167281870,Unnamed Feature,road,44.9409093,-123.0292233,,,footway,44.936656500000005,-123.030621
way/167281874,Unnamed Feature,road,44.9405561,-123.0287515,,,footway,44.936656500000005,-123.030621
way/167281875,Unnamed Feature,road,44.9400576,-123.0267866,,,service,44.936656500000005,-123.030621
way/167281881,Unnamed Feature,road,44.9389752,-123.0274086,,,service,44.936656500000005,-123.030621
way/167281882,Unnamed Feature,road,44.9398019,-123.0297786,,,footway,44.936656500000005,-123.030621
way/167281939,Unnamed Feature,road,44.9396025,-123.0299203,,,footway,44.936656500000005,-123.030621
way/167281946,Unnamed Feature,road,44.9430574,-123.0327356,,,service,44.936656500000005,-123.030621
way/167405404,Unnamed Feature,road,44.9369199,-123.0369076,,,path,44.936656500000005,-123.030621
way/167405407,Unnamed Feature,road,44.9370171,-123.0368648,,,path,44.936656500000005,-123.030621
way/167405408,Mill Race Path,road,44.9368498,-123.0365376,,,cycleway,44.936656500000005,-123.030621
way/167405410,Mill Race Path,road,44.9369486,-123.0365061,,,cycleway,44.936656500000005,-123.030621
way/167405447,Winter Street Southeast,road,44.9339151,-123.0345945,,,tertiary,44.936656500000005,-123.030621
way/167405448,Winter Street Southeast,road,44.9340587,-123.0343446,,,footway,44.936656500000005,-123.030621
way/167405449,Winter Street Southeast,road,44.9339368,-123.0344085,,,footway,44.936656500000005,-123.030621
way/167405451,Winter Street Southeast,road,44.934219,-123.0342506,,,footway,44.936656500000005,-123.030621
way/167405452,Winter Street Southeast,road,44.9341031,-123.0345317,,,tertiary,44.936656500000005,-123.030621
way/167405456,Unnamed Feature,road,44.9334607,-123.0314538,,,service,44.936656500000005,-123.030621
way/167405458,Unnamed Feature,road,44.9361155,-123.0355869,,,service,44.936656500000005,-123.030621
way/167405459,Unnamed Feature,road,44.9332287,-123.0307767,,,service,44.936656500000005,-123.030621
way/167405464,Mill Race Path,road,44.9370993,-123.0372417,,,cycleway,44.936656500000005,-123.030621
way/167405471,Mill Race Path,road,44.9366826,-123.0361357,,,cycleway,44.936656500000005,-123.030621
way/167405476,Unnamed Feature,road,44.933617,-123.0348215,,,footway,44.936656500000005,-123.030621
way/167405479,Unnamed Feature,road,44.933983,-123.0355189,,,footway,44.936656500000005,-123.030621
way/167405481,Unnamed Feature,road,44.934116,-123.035782,,,cycleway,44.936656500000005,-123.030621
way/167405489,Unnamed Feature,road,44.9342759,-123.035706,,,cycleway,44.936656500000005,-123.030621
way/167405490,Unnamed Feature,road,44.9340678,-123.0358073,,,steps,44.936656500000005,-123.030621
way/167405491,Unnamed Feature,road,44.9331352,-123.0302315,,,service,44.936656500000005,-123.030621
way/167405500,Unnamed Feature,road,44.9362852,-123.0338103,,,footway,44.936656500000005,-123.030621
way/167405506,Unnamed Feature,road,44.9334344,-123.0319399,,,footway,44.936656500000005,-123.030621
way/167405515,Unnamed Feature,road,44.9331842,-123.0357966,,,service,44.936656500000005,-123.030621
way/167405518,Unnamed Feature,road,44.9337973,-123.0337485,,,footway,44.936656500000005,-123.030621
way/167405520,Unnamed Feature,road,44.9334083,-123.0325565,,,footway,44.936656500000005,-123.030621
way/167405525,Unnamed Feature,road,44.934298,-123.0343666,,,footway,44.936656500000005,-123.030621
way/167405541,Unnamed Feature,road,44.9370517,-123.0366675,,,footway,44.936656500000005,-123.030621
way/167405553,Pringle Creek Path,road,44.9346216,-123.0360079,,,cycleway,44.936656500000005,-123.030621
way/167405557,Unnamed Feature,road,44.9332838,-123.0304377,,,service,44.936656500000005,-123.030621
way/167405560,Unnamed Feature,road,44.9368698,-123.0375556,,,path,44.936656500000005,-123.030621
way/167405564,Unnamed Feature,road,44.9354075,-123.0348623,,,footway,44.936656500000005,-123.030621
way/167405568,Unnamed Feature,road,44.9339072,-123.0343787,,,footway,44.936656500000005,-123.030621
way/167405569,Unnamed Feature,road,44.9335634,-123.0318162,,,footway,44.936656500000005,-123.030621
way/167405572,Unnamed Feature,road,44.9340653,-123.0362441,,,cycleway,44.936656500000005,-123.030621
way/167405575,Unnamed Feature,road,44.9332924,-123.0320711,,,footway,44.936656500000005,-123.030621
way/167405576,Unnamed Feature,road,44.9360382,-123.0352984,,,service,44.936656500000005,-123.030621
way/169070005,Winter Street Southeast,road,44.9332608,-123.0348734,,,tertiary,44.936656500000005,-123.030621
way/169070006,Winter Street Southeast,road,44.9342695,-123.0343228,,,tertiary,44.936656500000005,-123.030621
way/169070007,Winter Street Southeast,road,44.9338986,-123.0345232,,,tertiary,44.936656500000005,-123.030621
way/169070008,Winter Street Southeast,road,44.9340695,-123.0344067,,,tertiary,44.936656500000005,-123.030621
way/169070009,Winter Street Southeast,road,44.9342866,-123.0344052,,,tertiary,44.936656500000005,-123.030621
way/169070030,Unnamed Feature,road,44.9382501,-123.0265578,,,footway,44.936656500000005,-123.030621
way/169070031,Unnamed Feature,road,44.9393644,-123.0260022,,,footway,44.936656500000005,-123.030621
way/169070037,Unnamed Feature,road,44.9380208,-123.0266723,,,footway,44.936656500000005,-123.030621
way/169070038,Unnamed Feature,road,44.9391314,-123.026116,,,footway,44.936656500000005,-123.030621
way/169070039,Unnamed Feature,road,44.9371374,-123.0271239,,,footway,44.936656500000005,-123.030621
way/169070040,Unnamed Feature,road,44.9368924,-123.0272117,,,footway,44.936656500000005,-123.030621
way/169070069,Unnamed Feature,road,44.93754,-123.0267438,,,cycleway,44.936656500000005,-123.030621
way/169070070,Unnamed Feature,road,44.939248,-123.0258032,,,service,44.936656500000005,-123.030621
way/169949657,Unnamed Feature,road,44.9331233,-123.0281891,,,footway,44.936656500000005,-123.030621
way/169949676,Unnamed Feature,road,44.9348627,-123.0250889,,,service,44.936656500000005,-123.030621
way/169949680,Unnamed Feature,road,44.9330947,-123.0282528,,,footway,44.936656500000005,-123.030621
way/174167665,Unnamed Feature,road,44.9370122,-123.0325541,,,footway,44.936656500000005,-123.030621
way/174168870,Unnamed Feature,road,44.9341003,-123.0301004,,,service,44.936656500000005,-123.030621
way/174168879,Unnamed Feature,road,44.9357965,-123.0338436,,,footway,44.936656500000005,-123.030621
way/174168881,Unnamed Feature,road,44.9356342,-123.0339285,,,footway,44.936656500000005,-123.030621
way/174168883,Unnamed Feature,road,44.9344551,-123.0297749,,,footway,44.936656500000005,-123.030621
way/174168887,Unnamed Feature,road,44.9338594,-123.0302237,,,service,44.936656500000005,-123.030621
way/181519035,Church Street Southeast,road,44.9366578,-123.0368998,,,tertiary,44.936656500000005,-123.030621
way/181519049,Unnamed Feature,road,44.9354777,-123.036584,,,service,44.936656500000005,-123.030621
way/181519052,Unnamed Feature,road,44.9355212,-123.0360371,,,service,44.936656500000005,-123.030621
way/181519054,Unnamed Feature,road,44.9364533,-123.0371522,,,service,44.936656500000005,-123.030621
way/181519055,Unnamed Feature,road,44.9361704,-123.0362968,,,service,44.936656500000005,-123.030621
way/183376516,Unnamed Feature,road,44.935824,-123.028838,,,service,44.936656500000005,-123.030621
way/183376519,Unnamed Feature,road,44.9389456,-123.027343,,,service,44.936656500000005,-123.030621
way/183376533,Unnamed Feature,road,44.9380959,-123.0264598,,,footway,44.936656500000005,-123.030621
way/183811408,Unnamed Feature,road,44.939128,-123.0301079,,,footway,44.936656500000005,-123.030621
way/183811442,Unnamed Feature,road,44.9390213,-123.030849,,,footway,44.936656500000005,-123.030621
way/188553525,Unnamed Feature,road,44.9389803,-123.0312494,,,footway,44.936656500000005,-123.030621
way/188553528,Unnamed Feature,road,44.938697,-123.0323227,,,footway,44.936656500000005,-123.030621
way/188553530,Unnamed Feature,road,44.9386355,-123.032428,,,construction,44.936656500000005,-123.030621
way/188553645,Unnamed Feature,road,44.9390947,-123.0328713,,,footway,44.936656500000005,-123.030621
way/188553646,Unnamed Feature,road,44.9391697,-123.0328707,,,footway,44.936656500000005,-123.030621
way/188553648,Unnamed Feature,road,44.939066,-123.0330043,,,footway,44.936656500000005,-123.030621
way/190385959,Unnamed Feature,road,44.9383813,-123.0300508,,,footway,44.936656500000005,-123.030621
way/190385966,Unnamed Feature,road,44.9389829,-123.0301895,,,service,44.936656500000005,-123.030621
way/197463310,Capitol Street Northeast,road,44.9402915,-123.0276801,,,tertiary,44.936656500000005,-123.030621
way/197463313,Chemeketa Street Northeast,road,44.9394927,-123.0270182,,,tertiary,44.936656500000005,-123.030621
way/197947014,Winter Street Northeast,road,44.941113,-123.0309546,,,tertiary,44.936656500000005,-123.030621
way/197947015,State Street,road,44.9393515,-123.0364328,,,secondary,44.936656500000005,-123.030621
way/197947016,State Street,road,44.93824,-123.0320031,,,secondary,44.936656500000005,-123.030621
way/197954684,State Street,road,44.9371936,-123.0278327,,,secondary,44.936656500000005,-123.030621
way/197954685,Unnamed Feature,road,44.9328124,-123.0288058,,,trunk_link,44.936656500000005,-123.030621
way/197954686,Court Street Northeast,road,44.9389637,-123.0297993,,,secondary,44.936656500000005,-123.030621
way/203026945,Oregon Executive Building,office,44.9395623,-123.0347168,,,,44.936656500000005,-123.030621
way/203028112,Oregon Commerce Building,office,44.9374473,-123.0264186,,,,44.936656500000005,-123.030621
way/203029077,General Services Building,office,44.936161,-123.0268834,,,,44.936656500000005,-123.030621
way/203044234,Unnamed Feature,road,44.9349932,-123.0315112,,,footway,44.936656500000005,-123.030621
way/203044240,Unnamed Feature,road,44.9351566,-123.0314273,,,footway,44.936656500000005,-123.030621
way/241709680,Wells Fargo,bank,44.9390639,-123.0362189,bank,,,44.936656500000005,-123.030621
way/241709682,Unnamed Feature,road,44.9388597,-123.0363325,,,service,44.936656500000005,-123.030621
way/241709683,Unnamed Feature,road,44.9385544,-123.0365232,,,service,44.936656500000005,-123.030621
way/241709685,Unnamed Feature,road,44.9385973,-123.0362107,,,service,44.936656500000005,-123.030621
way/241709686,Unnamed Feature,road,44.9387343,-123.0360558,,,service,44.936656500000005,-123.030621
way/241709688,Unnamed Feature,road,44.9387192,-123.0363392,,,service,44.936656500000005,-123.030621
way/241709690,Unnamed Feature,road,44.9386684,-123.0363635,,,service,44.936656500000005,-123.030621
way/241719009,Unnamed Feature,road,44.9394874,-123.0344213,,,footway,44.936656500000005,-123.030621
way/241719010,Unnamed Feature,road,44.9394279,-123.0341754,,,footway,44.936656500000005,-123.030621
way/241719011,Unnamed Feature,road,44.9394856,-123.0344231,,,service,44.936656500000005,-123.030621
way/241719012,Unnamed Feature,road,44.9396623,-123.0343019,,,service,44.936656500000005,-123.030621
way/241719013,Unnamed Feature,road,44.9392977,-123.0344843,,,service,44.936656500000005,-123.030621
way/241719014,Unnamed Feature,road,44.9396608,-123.0340211,,,service,44.936656500000005,-123.030621
way/241719015,Unnamed Feature,road,44.9391686,-123.0338754,,,service,44.936656500000005,-123.030621
way/241719016,Unnamed Feature,road,44.9392992,-123.0350559,,,footway,44.936656500000005,-123.030621
way/241719548,Unnamed Feature,road,44.9378964,-123.0367022,,,service,44.936656500000005,-123.030621
way/241719550,Unnamed Feature,road,44.9377312,-123.0367851,,,service,44.936656500000005,-123.030621
way/247301561,Unnamed Feature,road,44.937416,-123.0361826,,,service,44.936656500000005,-123.030621
way/247301566,Unnamed Feature,road,44.9375924,-123.0359541,,,service,44.936656500000005,-123.030621
way/247301576,Unnamed Feature,road,44.9371538,-123.0356846,,,service,44.936656500000005,-123.030621
way/260501679,Unnamed Feature,road,44.9379627,-123.03069,,,footway,44.936656500000005,-123.030621
way/260501680,Unnamed Feature,road,44.9387756,-123.0341339,,,footway,44.936656500000005,-123.030621
way/260501682,Unnamed Feature,road,44.9383218,-123.0324035,,,footway,44.936656500000005,-123.030621
way/260501683,Unnamed Feature,road,44.9391993,-123.0307782,,,footway,44.936656500000005,-123.030621
way/260501687,Unnamed Feature,road,44.9381896,-123.0268244,,,footway,44.936656500000005,-123.030621
way/260501688,Unnamed Feature,road,44.9370643,-123.0273768,,,footway,44.936656500000005,-123.030621
way/260501689,Unnamed Feature,road,44.9348277,-123.0315982,,,footway,44.936656500000005,-123.030621
way/262307552,12th Street Northeast,road,44.9408487,-123.0253768,,,primary,44.936656500000005,-123.030621
way/262307553,Chemeketa Street Northeast,road,44.9392102,-123.0259191,,,residential,44.936656500000005,-123.030621
way/331534455,State Street,road,44.9366985,-123.0259162,,,secondary,44.936656500000005,-123.030621
way/372896741,Unnamed Feature,road,44.9365307,-123.0320039,,,footway,44.936656500000005,-123.030621
way/474539217,McDonald's,restaurant,44.940325,-123.0270137,fast_food,,,44.936656500000005,-123.030621
way/476759736,Ferry Street Southeast,road,44.9356549,-123.0261752,,,residential,44.936656500000005,-123.030621
way/478493276,Unnamed Feature,road,44.9334546,-123.0332282,,,footway,44.936656500000005,-123.030621
way/478493277,Unnamed Feature,road,44.9332163,-123.0333588,,,footway,44.936656500000005,-123.030621
way/478493278,Unnamed Feature,road,44.933061,-123.0336184,,,footway,44.936656500000005,-123.030621
way/478493279,Unnamed Feature,road,44.9330971,-123.0337633,,,footway,44.936656500000005,-123.030621
way/478493281,Unnamed Feature,road,44.9333872,-123.0346615,,,footway,44.936656500000005,-123.030621
way/478493283,Salem Hospital,healthcare,44.9326957,-123.0340831,hospital,,,44.936656500000005,-123.030621
way/478493289,Birth Center Dropoff,road,44.9329709,-123.0321708,,,service,44.936656500000005,-123.030621
way/478493291,Oak Street Southeast,road,44.9330044,-123.033727,,,tertiary,44.936656500000005,-123.030621
way/478493292,Oak Street Southeast,road,44.9330829,-123.0338459,,,tertiary,44.936656500000005,-123.030621
way/478493314,Unnamed Feature,road,44.9324117,-123.0315896,,,service,44.936656500000005,-123.030621
way/478493315,Unnamed Feature,road,44.9321915,-123.0317281,,,service,44.936656500000005,-123.030621
way/478493323,Unnamed Feature,road,44.9315317,-123.0320533,,,service,44.936656500000005,-123.030621
way/478493329,Unnamed Feature,road,44.9333237,-123.0311158,,,service,44.936656500000005,-123.030621
way/478493330,Unnamed Feature,road,44.9336338,-123.0317169,,,service,44.936656500000005,-123.030621
way/478493335,Oak Street Southeast,road,44.9331553,-123.0338076,,,tertiary,44.936656500000005,-123.030621
way/478493336,Oak Street Southeast,road,44.933155,-123.0336519,,,tertiary,44.936656500000005,-123.030621
way/494034839,13th Street Southeast,road,44.9334918,-123.0286739,,,primary,44.936656500000005,-123.030621
way/494034840,Bellevue Street Southeast,road,44.9332938,-123.0296936,,,trunk,44.936656500000005,-123.030621
way/494034841,Oak Street Southeast,road,44.9323682,-123.030997,,,unclassified,44.936656500000005,-123.030621
way/494034842,Oak Street Southeast,road,44.9324756,-123.0314185,,,unclassified,44.936656500000005,-123.030621
way/494034843,Capitol Street Southeast,road,44.9322631,-123.0324172,,,tertiary,44.936656500000005,-123.030621
way/519173732,Unnamed Feature,road,44.9331728,-123.0288233,,,trunk_link,44.936656500000005,-123.030621
way/519173733,Unnamed Feature,road,44.9331059,-123.0290019,,,trunk_link,44.936656500000005,-123.030621
way/525764470,Unnamed Feature,road,44.9386941,-123.0363512,,,service,44.936656500000005,-123.030621
way/525764474,Unnamed Feature,road,44.9387445,-123.0363269,,,service,44.936656500000005,-123.030621
way/538589153,Unnamed Feature,road,44.9390237,-123.0354796,,,footway,44.936656500000005,-123.030621
way/538589154,Unnamed Feature,road,44.9386002,-123.0350374,,,footway,44.936656500000005,-123.030621
way/538589155,Unnamed Feature,road,44.9392046,-123.0353865,,,footway,44.936656500000005,-123.030621
way/538589156,Unnamed Feature,road,44.9391205,-123.0358015,,,footway,44.936656500000005,-123.030621
way/538589157,Unnamed Feature,road,44.9391913,-123.0357579,,,footway,44.936656500000005,-123.030621
way/538589158,Unnamed Feature,road,44.9392488,-123.0364242,,,footway,44.936656500000005,-123.030621
way/538589159,Unnamed Feature,road,44.9391144,-123.0354347,,,footway,44.936656500000005,-123.030621
way/538589160,Unnamed Feature,road,44.9390451,-123.0356473,,,footway,44.936656500000005,-123.030621
way/538589161,Unnamed Feature,road,44.9392634,-123.0357177,,,footway,44.936656500000005,-123.030621
way/538589162,Unnamed Feature,road,44.9392667,-123.0355842,,,footway,44.936656500000005,-123.030621
way/538589163,Unnamed Feature,road,44.939496,-123.0344909,,,footway,44.936656500000005,-123.030621
way/538589164,Unnamed Feature,road,44.939459,-123.036367,,,footway,44.936656500000005,-123.030621
way/543785577,Unnamed Feature,road,44.9369653,-123.0243544,,,service,44.936656500000005,-123.030621
way/543785580,Unnamed Feature,road,44.9371725,-123.0248231,,,service,44.936656500000005,-123.030621
way/543785582,Unnamed Feature,road,44.9372327,-123.0252175,,,service,44.936656500000005,-123.030621
way/549787121,General Services Maintenance Office,office,44.9357177,-123.0271441,,,,44.936656500000005,-123.030621
way/549787131,Paulina's Bridal,shop_clothes,44.9368595,-123.0253668,,clothes,,44.936656500000005,-123.030621
way/549787137,Oregon Business & Industry,office,44.9386274,-123.0272571,,,,44.936656500000005,-123.030621
way/549787139,Office of Public Defense Services,office,44.9386444,-123.0267702,,,,44.936656500000005,-123.030621
way/549787141,Oregon Judicial Department,office,44.9390205,-123.0266429,,,,44.936656500000005,-123.030621
way/549787144,Oregon Department of Housing and Community Services,office,44.9391306,-123.0270747,,,,44.936656500000005,-123.030621
way/634760534,State Street,road,44.9365397,-123.0252315,,,secondary,44.936656500000005,-123.030621
way/634760535,State Street,road,44.936262,-123.0241717,,,secondary,44.936656500000005,-123.030621
way/634760536,State Street,road,44.9363563,-123.0245355,,,secondary,44.936656500000005,-123.030621
way/634762088,State Street,road,44.936434,-123.0248248,,,secondary,44.936656500000005,-123.030621
way/634770488,State Street,road,44.9369121,-123.0267238,,,secondary,44.936656500000005,-123.030621
way/694846292,Court Street Northeast,road,44.9396653,-123.0325954,,,secondary,44.936656500000005,-123.030621
way/694846293,Cottage Street Northeast,road,44.9404226,-123.033135,,,tertiary,44.936656500000005,-123.030621
way/694846296,12th Street Northeast,road,44.9376187,-123.0269969,,,primary,44.936656500000005,-123.030621
way/694846297,Court Street Northeast,road,44.9381686,-123.0266702,,,secondary,44.936656500000005,-123.030621
way/694846301,12th Street Northeast,road,44.9392895,-123.0261582,,,primary,44.936656500000005,-123.030621
way/695032854,12th Street Northeast,road,44.9375939,-123.02691,,,primary,44.936656500000005,-123.030621
way/695032855,State Street,road,44.9370441,-123.0272368,,,secondary,44.936656500000005,-123.030621
way/695032858,Church Street Southeast,road,44.9383766,-123.036008,,,secondary,44.936656500000005,-123.030621
way/695032859,Trade Street Southeast,road,44.9373575,-123.0374313,,,trunk,44.936656500000005,-123.030621
way/695032860,Winter Street Southeast,road,44.9344055,-123.0343057,,,tertiary,44.936656500000005,-123.030621
way/749708171,Unnamed Feature,road,44.9326801,-123.0299935,,,service,44.936656500000005,-123.030621
way/753637333,Unnamed Feature,road,44.9363259,-123.0244437,,,footway,44.936656500000005,-123.030621
way/753638018,Unnamed Feature,road,44.9361956,-123.0243894,,,footway,44.936656500000005,-123.030621
way/753638021,Unnamed Feature,road,44.9364018,-123.0242851,,,footway,44.936656500000005,-123.030621
way/753638079,Unnamed Feature,road,44.9367468,-123.0256701,,,footway,44.936656500000005,-123.030621
way/753638089,Unnamed Feature,road,44.9365309,-123.0257598,,,footway,44.936656500000005,-123.030621
way/753638345,Unnamed Feature,road,44.936929,-123.0273801,,,footway,44.936656500000005,-123.030621
way/753638639,Unnamed Feature,road,44.9367082,-123.0264662,,,footway,44.936656500000005,-123.030621
way/753638673,Unnamed Feature,road,44.9369481,-123.0263783,,,footway,44.936656500000005,-123.030621
way/753638719,Unnamed Feature,road,44.9365859,-123.0249705,,,footway,44.936656500000005,-123.030621
way/753638727,Unnamed Feature,road,44.936366,-123.025083,,,footway,44.936656500000005,-123.030621
way/769149961,Unnamed Feature,road,44.9385566,-123.0296487,,,footway,44.936656500000005,-123.030621
way/771517445,Unnamed Feature,road,44.9361953,-123.0250325,,,service,44.936656500000005,-123.030621
way/771517446,Unnamed Feature,road,44.9382164,-123.0257003,,,service,44.936656500000005,-123.030621
way/771523402,Unnamed Feature,road,44.9351933,-123.0284184,,,service,44.936656500000005,-123.030621
way/771541993,Unnamed Feature,road,44.9378225,-123.0330142,,,service,44.936656500000005,-123.030621
way/777548946,Unnamed Feature,road,44.9324525,-123.0284773,,,service,44.936656500000005,-123.030621
way/777548947,Unnamed Feature,road,44.9337927,-123.0286898,,,primary_link,44.936656500000005,-123.030621
way/786343791,Mill Street Southeast,road,44.9340202,-123.0286017,,,residential,44.936656500000005,-123.030621
way/786343792,Mill Street Southeast,road,44.9339349,-123.0280422,,,residential,44.936656500000005,-123.030621
way/789943734,Unnamed Feature,road,44.9384841,-123.0354838,,,service,44.936656500000005,-123.030621
way/789943735,Unnamed Feature,road,44.9386601,-123.0349231,,,service,44.936656500000005,-123.030621
way/789943736,Unnamed Feature,road,44.9382948,-123.0346561,,,service,44.936656500000005,-123.030621
way/789943737,Church Street Southeast,road,44.9386097,-123.0358913,,,secondary,44.936656500000005,-123.030621
way/789943738,Church Street Southeast,road,44.9389415,-123.0357251,,,secondary,44.936656500000005,-123.030621
way/789943739,Unnamed Feature,road,44.9387601,-123.03593,,,service,44.936656500000005,-123.030621
way/789943740,Unnamed Feature,road,44.9386588,-123.0359796,,,service,44.936656500000005,-123.030621
way/789943741,Unnamed Feature,road,44.9386936,-123.0361206,,,service,44.936656500000005,-123.030621
way/789943742,Unnamed Feature,road,44.9386908,-123.0361672,,,service,44.936656500000005,-123.030621
way/789943743,Unnamed Feature,road,44.9386653,-123.036179,,,service,44.936656500000005,-123.030621
way/789943744,Unnamed Feature,road,44.9386396,-123.0361909,,,service,44.936656500000005,-123.030621
way/789943745,Church Street Southeast,road,44.9386846,-123.0358538,,,secondary,44.936656500000005,-123.030621
way/789943746,Unnamed Feature,road,44.9381776,-123.0351729,,,service,44.936656500000005,-123.030621
way/789943747,Cottage Street Southeast,road,44.9379833,-123.0343578,,,tertiary,44.936656500000005,-123.030621
way/791565436,Mike's Bellinger Automotive,shop_car_repair,44.9366221,-123.0245672,,car_repair,,44.936656500000005,-123.030621
way/792893784,Unnamed Feature,road,44.9377559,-123.0276156,,,service,44.936656500000005,-123.030621
way/792893785,Unnamed Feature,road,44.9376159,-123.0270631,,,service,44.936656500000005,-123.030621
way/793886534,Unnamed Feature,road,44.9409672,-123.0328541,,,footway,44.936656500000005,-123.030621
way/793916594,Unnamed Feature,road,44.9401969,-123.0323183,,,footway,44.936656500000005,-123.030621
way/793916595,Unnamed Feature,road,44.9405612,-123.0312282,,,footway,44.936656500000005,-123.030621
way/793916596,Unnamed Feature,road,44.9413199,-123.0317612,,,footway,44.936656500000005,-123.030621
way/793916598,Unnamed Feature,road,44.9406154,-123.0339648,,,footway,44.936656500000005,-123.030621
way/793916599,Unnamed Feature,road,44.9397481,-123.0334711,,,footway,44.936656500000005,-123.030621
way/793916600,Unnamed Feature,road,44.9399116,-123.0332253,,,footway,44.936656500000005,-123.030621
way/793916610,Unnamed Feature,road,44.9404514,-123.0281189,,,footway,44.936656500000005,-123.030621
way/793971685,Unnamed Feature,road,44.9386958,-123.0366757,,,footway,44.936656500000005,-123.030621
way/793971686,Unnamed Feature,road,44.938161,-123.0360874,,,footway,44.936656500000005,-123.030621
way/793971687,Unnamed Feature,road,44.9377183,-123.0365101,,,footway,44.936656500000005,-123.030621
way/793971688,Unnamed Feature,road,44.9371865,-123.0367739,,,footway,44.936656500000005,-123.030621
way/793971689,Unnamed Feature,road,44.9370833,-123.0364752,,,footway,44.936656500000005,-123.030621
way/793971690,Unnamed Feature,road,44.9372954,-123.0363598,,,footway,44.936656500000005,-123.030621
way/796309119,Saint Joseph Catholic School,education,44.9413809,-123.0314398,school,,,44.936656500000005,-123.030621
way/796882597,Pringle Parkway Southeast,road,44.9348955,-123.0349449,,,trunk,44.936656500000005,-123.030621
way/796882598,Unnamed Feature,road,44.9354285,-123.0354659,,,service,44.936656500000005,-123.030621
way/796882599,Pringle Parkway Southeast,road,44.9358093,-123.0353552,,,trunk,44.936656500000005,-123.030621
way/798353567,Unnamed Feature,road,44.93264,-123.0309779,,,service,44.936656500000005,-123.030621
way/804175016,Unnamed Feature,road,44.9370872,-123.0343484,,,service,44.936656500000005,-123.030621
way/804175017,Unnamed Feature,road,44.9369056,-123.0344401,,,service,44.936656500000005,-123.030621
way/807939030,Unnamed Feature,road,44.9329609,-123.0272616,,,footway,44.936656500000005,-123.030621
way/807939031,Unnamed Feature,road,44.9329972,-123.0288747,,,footway,44.936656500000005,-123.030621
way/807939032,Unnamed Feature,road,44.9327406,-123.0290806,,,footway,44.936656500000005,-123.030621
way/807939033,Unnamed Feature,road,44.9320115,-123.0294468,,,footway,44.936656500000005,-123.030621
way/807939034,Unnamed Feature,road,44.9325927,-123.0291955,,,footway,44.936656500000005,-123.030621
way/807939035,Unnamed Feature,road,44.933088,-123.0284648,,,footway,44.936656500000005,-123.030621
way/807939036,Unnamed Feature,road,44.9332589,-123.0290485,,,footway,44.936656500000005,-123.030621
way/807939038,Unnamed Feature,road,44.9331251,-123.0291721,,,footway,44.936656500000005,-123.030621
way/807939039,Unnamed Feature,road,44.9330362,-123.0298259,,,footway,44.936656500000005,-123.030621
way/807939040,Unnamed Feature,road,44.9323799,-123.0300893,,,footway,44.936656500000005,-123.030621
way/807939041,Unnamed Feature,road,44.9327141,-123.0293549,,,footway,44.936656500000005,-123.030621
way/807939042,Unnamed Feature,road,44.9324105,-123.0308518,,,footway,44.936656500000005,-123.030621
way/807939043,Unnamed Feature,road,44.9325707,-123.0314952,,,footway,44.936656500000005,-123.030621
way/807939044,Unnamed Feature,road,44.932661,-123.0322065,,,footway,44.936656500000005,-123.030621
way/807939045,Unnamed Feature,road,44.9340067,-123.0284272,,,footway,44.936656500000005,-123.030621
way/807939048,Unnamed Feature,road,44.9343705,-123.0266835,,,footway,44.936656500000005,-123.030621
way/808984194,Unnamed Feature,road,44.9339768,-123.0346911,,,cycleway,44.936656500000005,-123.030621
way/808984195,Unnamed Feature,road,44.934269,-123.0345466,,,cycleway,44.936656500000005,-123.030621
way/808984196,Unnamed Feature,road,44.934123,-123.0345964,,,cycleway,44.936656500000005,-123.030621
way/808984197,Unnamed Feature,road,44.9344169,-123.0343054,,,footway,44.936656500000005,-123.030621
way/808984198,Unnamed Feature,road,44.9349629,-123.0341631,,,footway,44.936656500000005,-123.030621
way/808984199,Unnamed Feature,road,44.9353566,-123.0337961,,,footway,44.936656500000005,-123.030621
way/808984200,Unnamed Feature,road,44.9354053,-123.0339187,,,footway,44.936656500000005,-123.030621
way/808984207,Unnamed Feature,road,44.9317218,-123.0327889,,,footway,44.936656500000005,-123.030621
way/808984209,Unnamed Feature,road,44.9315208,-123.0320272,,,footway,44.936656500000005,-123.030621
way/808984212,Unnamed Feature,road,44.9325657,-123.032145,,,footway,44.936656500000005,-123.030621
way/815575996,Walk of Flags,road,44.9388761,-123.0320133,,,construction,44.936656500000005,-123.030621
way/855657005,Unnamed Feature,road,44.9379782,-123.036678,,,service,44.936656500000005,-123.030621
way/855657008,Unnamed Feature,road,44.9375104,-123.0373452,,,footway,44.936656500000005,-123.030621
way/890980114,Unnamed Feature,road,44.9383228,-123.0252979,,,service,44.936656500000005,-123.030621
way/890980115,Unnamed Feature,road,44.9381828,-123.0251617,,,service,44.936656500000005,-123.030621
way/890980116,Unnamed Feature,road,44.9381038,-123.0252397,,,service,44.936656500000005,-123.030621
way/890980117,Unnamed Feature,road,44.9383874,-123.0269194,,,service,44.936656500000005,-123.030621
way/890980118,Unnamed Feature,road,44.9387798,-123.0279762,,,service,44.936656500000005,-123.030621
way/898363974,Unnamed Feature,road,44.9370648,-123.0252391,,,service,44.936656500000005,-123.030621
way/898363975,Unnamed Feature,road,44.9367702,-123.0250885,,,service,44.936656500000005,-123.030621
way/898363976,Unnamed Feature,road,44.9367311,-123.0252876,,,service,44.936656500000005,-123.030621
way/898363977,Unnamed Feature,road,44.9369107,-123.0251894,,,service,44.936656500000005,-123.030621
way/898363978,Unnamed Feature,road,44.9369901,-123.025151,,,service,44.936656500000005,-123.030621
way/898363979,Unnamed Feature,road,44.9398106,-123.0270504,,,service,44.936656500000005,-123.030621
way/898363980,Unnamed Feature,road,44.9403786,-123.0270881,,,service,44.936656500000005,-123.030621
way/903781740,Unnamed Feature,road,44.9381748,-123.0341635,,,service,44.936656500000005,-123.030621
way/903781741,Unnamed Feature,road,44.9373798,-123.0348457,,,service,44.936656500000005,-123.030621
way/903781742,Unnamed Feature,road,44.9378847,-123.0353053,,,service,44.936656500000005,-123.030621
way/903802130,Unnamed Feature,road,44.9391284,-123.0268286,,,service,44.936656500000005,-123.030621
way/903802131,Unnamed Feature,road,44.9391592,-123.0278764,,,service,44.936656500000005,-123.030621
way/903984123,Unnamed Feature,road,44.9375916,-123.0256916,,,service,44.936656500000005,-123.030621
way/903984124,Unnamed Feature,road,44.9372145,-123.0258245,,,service,44.936656500000005,-123.030621
way/903984125,Unnamed Feature,road,44.9403398,-123.026643,,,service,44.936656500000005,-123.030621
way/906026879,Unnamed Feature,road,44.9383803,-123.0259645,,,service,44.936656500000005,-123.030621
way/906026880,Unnamed Feature,road,44.9383729,-123.0258718,,,service,44.936656500000005,-123.030621
way/906026881,Unnamed Feature,road,44.9395735,-123.0262281,,,service,44.936656500000005,-123.030621
way/926310905,Unnamed Feature,road,44.939613,-123.0250161,,,footway,44.936656500000005,-123.030621
way/926310911,Cliff's Automotive Repair,shop_car_repair,44.9387877,-123.0279992,,car_repair,,44.936656500000005,-123.030621
way/926310914,Unnamed Feature,road,44.9397307,-123.0279753,,,footway,44.936656500000005,-123.030621
way/926310915,Unnamed Feature,road,44.9403446,-123.0279162,,,footway,44.936656500000005,-123.030621
way/926310917,Unnamed Feature,road,44.9403044,-123.0270704,,,service,44.936656500000005,-123.030621
way/926310945,Unnamed Feature,road,44.9385839,-123.0254671,,,service,44.936656500000005,-123.030621
way/926310946,13th Street Northeast,road,44.9379973,-123.0250646,,,residential,44.936656500000005,-123.030621
way/926310950,Unnamed Feature,road,44.9387102,-123.0249011,,,service,44.936656500000005,-123.030621
way/926310951,Unnamed Feature,road,44.938573,-123.0250341,,,service,44.936656500000005,-123.030621
way/926310952,Unnamed Feature,road,44.938498,-123.0255788,,,footway,44.936656500000005,-123.030621
way/926310955,Unnamed Feature,road,44.9402541,-123.026302,,,service,44.936656500000005,-123.030621
way/926387969,Unnamed Feature,road,44.9401059,-123.0284107,,,elevator,44.936656500000005,-123.030621
way/930882050,Unnamed Feature,road,44.9358399,-123.0251791,,,service,44.936656500000005,-123.030621
way/930882051,Unnamed Feature,road,44.9359628,-123.0263137,,,service,44.936656500000005,-123.030621
way/930882052,Unnamed Feature,road,44.9353388,-123.0256155,,,service,44.936656500000005,-123.030621
way/937889991,Unnamed Feature,road,44.9389116,-123.0333084,,,footway,44.936656500000005,-123.030621
way/937912821,Unnamed Feature,road,44.9379486,-123.0283685,,,footway,44.936656500000005,-123.030621
way/937912822,Unnamed Feature,road,44.937746,-123.0290337,,,footway,44.936656500000005,-123.030621
way/937912823,Unnamed Feature,road,44.9380292,-123.0286822,,,footway,44.936656500000005,-123.030621
way/937912825,Unnamed Feature,road,44.9384467,-123.0295769,,,footway,44.936656500000005,-123.030621
way/937912826,Unnamed Feature,road,44.9385548,-123.0312253,,,footway,44.936656500000005,-123.030621
way/937912827,Unnamed Feature,road,44.9386768,-123.0312049,,,footway,44.936656500000005,-123.030621
way/937912828,Unnamed Feature,road,44.9381866,-123.029752,,,footway,44.936656500000005,-123.030621
way/937912830,Unnamed Feature,road,44.9388515,-123.0313615,,,footway,44.936656500000005,-123.030621
way/937912831,Unnamed Feature,road,44.9387265,-123.031379,,,pedestrian,44.936656500000005,-123.030621
way/937912832,Unnamed Feature,road,44.9387495,-123.0315019,,,footway,44.936656500000005,-123.030621
way/937912833,Unnamed Feature,road,44.9386822,-123.031232,,,footway,44.936656500000005,-123.030621
way/937912834,Unnamed Feature,road,44.9391876,-123.0317924,,,footway,44.936656500000005,-123.030621
way/937912835,Unnamed Feature,road,44.9390706,-123.0317253,,,footway,44.936656500000005,-123.030621
way/937912836,Unnamed Feature,road,44.9392447,-123.0321349,,,construction,44.936656500000005,-123.030621
way/937912837,Unnamed Feature,road,44.9391641,-123.0320521,,,footway,44.936656500000005,-123.030621
way/937912838,Unnamed Feature,road,44.9382456,-123.0283635,,,footway,44.936656500000005,-123.030621
way/937912839,Unnamed Feature,road,44.9380825,-123.0286555,,,footway,44.936656500000005,-123.030621
way/937912840,Unnamed Feature,road,44.9379626,-123.0287191,,,footway,44.936656500000005,-123.030621
way/937912841,Unnamed Feature,road,44.9392693,-123.0334204,,,footway,44.936656500000005,-123.030621
way/937912842,Unnamed Feature,road,44.9389418,-123.0328116,,,footway,44.936656500000005,-123.030621
way/937912843,Unnamed Feature,road,44.9394535,-123.0331971,,,footway,44.936656500000005,-123.030621
way/937912844,Unnamed Feature,road,44.9393371,-123.0330622,,,footway,44.936656500000005,-123.030621
way/937912845,Unnamed Feature,road,44.9394431,-123.0317829,,,footway,44.936656500000005,-123.030621
way/937912846,Unnamed Feature,road,44.9393924,-123.0310767,,,footway,44.936656500000005,-123.030621
way/937912847,Unnamed Feature,road,44.9389039,-123.0291277,,,footway,44.936656500000005,-123.030621
way/937912848,Unnamed Feature,road,44.9388831,-123.0295346,,,footway,44.936656500000005,-123.030621
way/937912849,Unnamed Feature,road,44.938668,-123.0287043,,,footway,44.936656500000005,-123.030621
way/937912850,Unnamed Feature,road,44.9384958,-123.0280284,,,footway,44.936656500000005,-123.030621
way/937912851,Unnamed Feature,road,44.9391642,-123.027178,,,footway,44.936656500000005,-123.030621
way/937912852,Unnamed Feature,road,44.9387367,-123.0284806,,,footway,44.936656500000005,-123.030621
way/937912854,Unnamed Feature,road,44.939356,-123.0286773,,,footway,44.936656500000005,-123.030621
way/937912855,Unnamed Feature,road,44.9402819,-123.0266246,,,footway,44.936656500000005,-123.030621
way/937912856,Unnamed Feature,road,44.9399937,-123.0285804,,,footway,44.936656500000005,-123.030621
way/937912857,Unnamed Feature,road,44.9397744,-123.0281487,,,footway,44.936656500000005,-123.030621
way/937912858,Unnamed Feature,road,44.9410722,-123.0307859,,,footway,44.936656500000005,-123.030621
way/937912859,Unnamed Feature,road,44.9402843,-123.0306405,,,footway,44.936656500000005,-123.030621
way/937912860,Unnamed Feature,road,44.9405146,-123.0305164,,,footway,44.936656500000005,-123.030621
way/937912861,Unnamed Feature,road,44.9399057,-123.0335664,,,footway,44.936656500000005,-123.030621
way/937918101,14th Street Northeast,road,44.9373945,-123.0238004,,,tertiary,44.936656500000005,-123.030621
way/937934547,Winter Street Southeast,road,44.9382688,-123.032371,,,unclassified,44.936656500000005,-123.030621
way/938474058,Unnamed Feature,road,44.9397301,-123.0301946,,,elevator,44.936656500000005,-123.030621
way/938474060,Unnamed Feature,road,44.9395548,-123.029507,,,elevator,44.936656500000005,-123.030621
way/938474061,Unnamed Feature,road,44.9408393,-123.0296384,,,elevator,44.936656500000005,-123.030621
way/938474062,Unnamed Feature,road,44.9407348,-123.0296893,,,elevator,44.936656500000005,-123.030621
way/938474063,Unnamed Feature,road,44.9405601,-123.029004,,,elevator,44.936656500000005,-123.030621
way/938474064,Unnamed Feature,road,44.9406661,-123.0289538,,,elevator,44.936656500000005,-123.030621
way/938474067,Unnamed Feature,road,44.9387679,-123.030288,,,pedestrian,44.936656500000005,-123.030621
way/938474069,Unnamed Feature,road,44.9392562,-123.0300448,,,pedestrian,44.936656500000005,-123.030621
way/938474071,Unnamed Feature,road,44.9393861,-123.0300116,,,pedestrian,44.936656500000005,-123.030621
way/938474114,Unnamed Feature,road,44.9407566,-123.0295446,,,footway,44.936656500000005,-123.030621
way/938474115,Unnamed Feature,road,44.9406442,-123.0291038,,,footway,44.936656500000005,-123.030621
way/938474117,Unnamed Feature,road,44.9387119,-123.0303226,,,steps,44.936656500000005,-123.030621
way/938474118,Unnamed Feature,road,44.9380554,-123.0306487,,,steps,44.936656500000005,-123.030621
way/938474119,Unnamed Feature,road,44.9380686,-123.0306439,,,pedestrian,44.936656500000005,-123.030621
way/940293669,Unnamed Feature,road,44.9398072,-123.0307273,,,pedestrian,44.936656500000005,-123.030621
way/940293670,Unnamed Feature,road,44.9395569,-123.0307302,,,footway,44.936656500000005,-123.030621
way/940293671,Unnamed Feature,road,44.9397012,-123.0307931,,,footway,44.936656500000005,-123.030621
way/940293672,Unnamed Feature,road,44.9394484,-123.0290947,,,footway,44.936656500000005,-123.030621
way/940293673,Unnamed Feature,road,44.9397223,-123.0313687,,,footway,44.936656500000005,-123.030621
way/940293675,Unnamed Feature,road,44.9398116,-123.031316,,,footway,44.936656500000005,-123.030621
way/940293676,Unnamed Feature,road,44.9402066,-123.0310261,,,footway,44.936656500000005,-123.030621
way/940293677,Unnamed Feature,road,44.9401814,-123.0307714,,,footway,44.936656500000005,-123.030621
way/940293685,Unnamed Feature,road,44.9405433,-123.0285322,,,footway,44.936656500000005,-123.030621
way/940293686,Unnamed Feature,road,44.940658,-123.0307296,,,footway,44.936656500000005,-123.030621
way/940293689,Unnamed Feature,road,44.9382902,-123.0317752,,,service,44.936656500000005,-123.030621
way/940293690,Unnamed Feature,road,44.9377293,-123.0295522,,,service,44.936656500000005,-123.030621
way/946566125,Unnamed Feature,road,44.9392969,-123.0262619,,,footway,44.936656500000005,-123.030621
way/946566126,Unnamed Feature,road,44.937475,-123.0300084,,,footway,44.936656500000005,-123.030621
way/946566127,Unnamed Feature,road,44.9379854,-123.0314942,,,footway,44.936656500000005,-123.030621
way/946566128,Unnamed Feature,road,44.9378579,-123.0307299,,,footway,44.936656500000005,-123.030621
way/946566130,Unnamed Feature,road,44.9390856,-123.032712,,,footway,44.936656500000005,-123.030621
way/946566131,Unnamed Feature,road,44.9382779,-123.0321888,,,footway,44.936656500000005,-123.030621
way/946566132,Unnamed Feature,road,44.9377399,-123.0275385,,,footway,44.936656500000005,-123.030621
way/946566133,Unnamed Feature,road,44.9373582,-123.0285138,,,footway,44.936656500000005,-123.030621
way/946566134,Unnamed Feature,road,44.9374458,-123.0283298,,,footway,44.936656500000005,-123.030621
way/946566135,Unnamed Feature,road,44.9383276,-123.0278747,,,footway,44.936656500000005,-123.030621
way/946566136,Unnamed Feature,road,44.9398235,-123.0268554,,,footway,44.936656500000005,-123.030621
way/946566138,Unnamed Feature,road,44.9387108,-123.0274099,,,footway,44.936656500000005,-123.030621
way/946566139,Unnamed Feature,road,44.9387259,-123.0264945,,,footway,44.936656500000005,-123.030621
way/962477871,Unnamed Feature,road,44.936675,-123.0248198,,,service,44.936656500000005,-123.030621
way/962491981,Unnamed Feature,road,44.938226,-123.0332913,,,service,44.936656500000005,-123.030621
way/962491982,Unnamed Feature,road,44.9402192,-123.0323242,,,service,44.936656500000005,-123.030621
way/962570373,Unnamed Feature,road,44.9352755,-123.0286447,,,service,44.936656500000005,-123.030621
way/962570374,Unnamed Feature,road,44.9353625,-123.0288577,,,service,44.936656500000005,-123.030621
way/962570375,Unnamed Feature,road,44.9354473,-123.0290864,,,service,44.936656500000005,-123.030621
way/962570376,Unnamed Feature,road,44.9355285,-123.0293025,,,service,44.936656500000005,-123.030621
way/962759788,Ike Box,restaurant,44.9408705,-123.0333498,cafe,,,44.936656500000005,-123.030621
way/965277267,Unnamed Feature,road,44.9380084,-123.0263709,,,service,44.936656500000005,-123.030621
way/965277268,Unnamed Feature,road,44.9381227,-123.0263125,,,service,44.936656500000005,-123.030621
way/965277281,Unnamed Feature,road,44.9348246,-123.0270766,,,footway,44.936656500000005,-123.030621
way/965277282,Unnamed Feature,road,44.9347931,-123.0271371,,,footway,44.936656500000005,-123.030621
way/965277283,Unnamed Feature,road,44.9348,-123.027112,,,steps,44.936656500000005,-123.030621
way/965277284,Unnamed Feature,road,44.9347742,-123.0271122,,,footway,44.936656500000005,-123.030621
way/965277285,Unnamed Feature,road,44.9347807,-123.027042,,,footway,44.936656500000005,-123.030621
way/965277286,Unnamed Feature,road,44.9347962,-123.0269854,,,footway,44.936656500000005,-123.030621
way/965277287,Unnamed Feature,road,44.9348113,-123.0270266,,,footway,44.936656500000005,-123.030621
way/965277288,Unnamed Feature,road,44.9345923,-123.0271548,,,footway,44.936656500000005,-123.030621
way/965277289,Unnamed Feature,road,44.9346175,-123.0270048,,,footway,44.936656500000005,-123.030621
way/965277290,Unnamed Feature,road,44.9345522,-123.0270598,,,footway,44.936656500000005,-123.030621
way/965277291,Unnamed Feature,road,44.9345768,-123.0269754,,,footway,44.936656500000005,-123.030621
way/965277292,Unnamed Feature,road,44.9345527,-123.0269907,,,steps,44.936656500000005,-123.030621
way/965277307,Unnamed Feature,road,44.936182,-123.0257036,,,service,44.936656500000005,-123.030621
way/965277310,Unnamed Feature,road,44.937742,-123.0260746,,,service,44.936656500000005,-123.030621
way/965277311,Unnamed Feature,road,44.9372183,-123.0258278,,,service,44.936656500000005,-123.030621
way/965277312,Unnamed Feature,road,44.9369729,-123.0259587,,,service,44.936656500000005,-123.030621
way/968956651,Unnamed Feature,road,44.9394884,-123.0337152,,,service,44.936656500000005,-123.030621
way/968956652,Unnamed Feature,road,44.9392785,-123.0341997,,,service,44.936656500000005,-123.030621
way/968956653,Unnamed Feature,road,44.9392091,-123.0340347,,,service,44.936656500000005,-123.030621
way/968956654,Unnamed Feature,road,44.9395294,-123.0338758,,,service,44.936656500000005,-123.030621
way/968956655,Unnamed Feature,road,44.9393145,-123.0341712,,,service,44.936656500000005,-123.030621
way/968956658,Unnamed Feature,road,44.9393367,-123.0337915,,,footway,44.936656500000005,-123.030621
way/968956674,Unnamed Feature,road,44.9386962,-123.0338099,,,footway,44.936656500000005,-123.030621
way/968956675,Unnamed Feature,road,44.9388578,-123.0339077,,,footway,44.936656500000005,-123.030621
way/968956676,Unnamed Feature,road,44.9386131,-123.0339073,,,footway,44.936656500000005,-123.030621
way/968956677,Unnamed Feature,road,44.9387962,-123.0337894,,,footway,44.936656500000005,-123.030621
way/968956678,Unnamed Feature,road,44.938685,-123.0341433,,,footway,44.936656500000005,-123.030621
way/968956679,Unnamed Feature,road,44.9388583,-123.0340453,,,footway,44.936656500000005,-123.030621
way/968956680,Unnamed Feature,road,44.9390114,-123.0355273,,,footway,44.936656500000005,-123.030621
way/968956681,Unnamed Feature,road,44.9382711,-123.034396,,,footway,44.936656500000005,-123.030621
way/968956682,Unnamed Feature,road,44.9374783,-123.0336916,,,footway,44.936656500000005,-123.030621
way/968956683,Unnamed Feature,road,44.9376197,-123.0336173,,,footway,44.936656500000005,-123.030621
way/968956684,Unnamed Feature,road,44.9372341,-123.0345375,,,footway,44.936656500000005,-123.030621
way/968956685,Unnamed Feature,road,44.9386286,-123.0340362,,,footway,44.936656500000005,-123.030621
way/968956686,Unnamed Feature,road,44.9392388,-123.035418,,,footway,44.936656500000005,-123.030621
way/968956687,Unnamed Feature,road,44.9381828,-123.0340629,,,footway,44.936656500000005,-123.030621
way/968956688,Unnamed Feature,road,44.937815,-123.0350216,,,footway,44.936656500000005,-123.030621
way/968956689,Unnamed Feature,road,44.9373414,-123.0348343,,,footway,44.936656500000005,-123.030621
way/968956690,Unnamed Feature,road,44.9376893,-123.0344992,,,footway,44.936656500000005,-123.030621
way/968956691,Unnamed Feature,road,44.9380302,-123.0352132,,,footway,44.936656500000005,-123.030621
way/968956692,Unnamed Feature,road,44.9378023,-123.0346316,,,footway,44.936656500000005,-123.030621
way/968956693,Unnamed Feature,road,44.9378286,-123.0344293,,,footway,44.936656500000005,-123.030621
way/968956694,Unnamed Feature,road,44.9377155,-123.0342969,,,footway,44.936656500000005,-123.030621
way/968956695,Unnamed Feature,road,44.9368752,-123.0348556,,,footway,44.936656500000005,-123.030621
way/968956697,Unnamed Feature,road,44.9398124,-123.0335674,,,footway,44.936656500000005,-123.030621
way/968956698,Unnamed Feature,road,44.9398226,-123.0332448,,,footway,44.936656500000005,-123.030621
way/968956699,Unnamed Feature,road,44.9399786,-123.0334792,,,footway,44.936656500000005,-123.030621
way/968956700,Unnamed Feature,road,44.9399721,-123.0333387,,,footway,44.936656500000005,-123.030621
way/968956701,Unnamed Feature,road,44.9397385,-123.0333423,,,footway,44.936656500000005,-123.030621
way/968958007,Unnamed Feature,road,44.933376,-123.0268433,,,footway,44.936656500000005,-123.030621
way/968958009,13th Street Southeast,road,44.9338322,-123.0286026,,,primary,44.936656500000005,-123.030621
way/968958014,Unnamed Feature,road,44.9333198,-123.0269115,,,footway,44.936656500000005,-123.030621
way/968958016,Unnamed Feature,road,44.9329314,-123.0282096,,,footway,44.936656500000005,-123.030621
way/970501416,Unnamed Feature,road,44.9399249,-123.0344872,,,service,44.936656500000005,-123.030621
way/970501417,Unnamed Feature,road,44.9398558,-123.0344477,,,service,44.936656500000005,-123.030621
way/970751710,Unnamed Feature,road,44.9340915,-123.0268899,,,footway,44.936656500000005,-123.030621
way/970751716,Unnamed Feature,road,44.9342731,-123.026455,,,footway,44.936656500000005,-123.030621
way/970751717,Unnamed Feature,road,44.9342843,-123.0264334,,,footway,44.936656500000005,-123.030621
way/970751718,Unnamed Feature,road,44.9345552,-123.0262777,,,footway,44.936656500000005,-123.030621
way/970751719,Unnamed Feature,road,44.9349502,-123.0263834,,,footway,44.936656500000005,-123.030621
way/970751720,Unnamed Feature,road,44.9348337,-123.0264186,,,footway,44.936656500000005,-123.030621
way/970751721,Unnamed Feature,road,44.9348083,-123.0261773,,,footway,44.936656500000005,-123.030621
way/971047434,Unnamed Feature,road,44.9379747,-123.026297,,,service,44.936656500000005,-123.030621
way/971057534,Pringle Parkway Southeast,road,44.936511,-123.0352575,,,trunk,44.936656500000005,-123.030621
way/971057537,Pringle Parkway Southeast,road,44.9372819,-123.035343,,,trunk,44.936656500000005,-123.030621
way/971057538,Pringle Parkway Southeast,road,44.9359658,-123.0355787,,,trunk,44.936656500000005,-123.030621
way/971057540,Unnamed Feature,road,44.9348704,-123.0360409,,,service,44.936656500000005,-123.030621
way/971057541,Unnamed Feature,road,44.9347875,-123.0357776,,,service,44.936656500000005,-123.030621
way/971057542,Pringle Parkway Southeast,road,44.9366742,-123.0357566,,,trunk,44.936656500000005,-123.030621
way/976203776,Unnamed Feature,road,44.9406832,-123.0327003,,,service,44.936656500000005,-123.030621
way/976203777,Unnamed Feature,road,44.9409419,-123.032135,,,service,44.936656500000005,-123.030621
way/986603246,Unnamed Feature,road,44.9332388,-123.0347589,,,footway,44.936656500000005,-123.030621
way/1008778544,Unnamed Feature,road,44.940214,-123.0273242,,,service,44.936656500000005,-123.030621
way/1026354084,Unnamed Feature,road,44.9372655,-123.0361211,,,service,44.936656500000005,-123.030621
way/1026354085,Unnamed Feature,road,44.9368844,-123.0355384,,,service,44.936656500000005,-123.030621
way/1038018199,Pringle Parkway Southeast,road,44.937956,-123.0357985,,,trunk,44.936656500000005,-123.030621
way/1050898564,Unnamed Feature,road,44.9399579,-123.0313497,,,footway,44.936656500000005,-123.030621
way/1094340698,Unnamed Feature,road,44.93382,-123.0344664,,,service,44.936656500000005,-123.030621
way/1094360581,Unnamed Feature,road,44.9333908,-123.0333447,,,service,44.936656500000005,-123.030621
way/1094360582,Unnamed Feature,road,44.9331243,-123.0344272,,,footway,44.936656500000005,-123.030621
way/1094360603,Unnamed Feature,road,44.9328723,-123.0315787,,,service,44.936656500000005,-123.030621
way/1094360606,Unnamed Feature,road,44.9336115,-123.0317873,,,footway,44.936656500000005,-123.030621
way/1094363384,Unnamed Feature,road,44.9329214,-123.0336274,,,footway,44.936656500000005,-123.030621
way/1094363385,Unnamed Feature,road,44.9331053,-123.0339342,,,footway,44.936656500000005,-123.030621
way/1094363386,Unnamed Feature,road,44.9328392,-123.0333465,,,footway,44.936656500000005,-123.030621
way/1094363387,Unnamed Feature,road,44.9329718,-123.033197,,,footway,44.936656500000005,-123.030621
way/1094365963,Unnamed Feature,road,44.9405965,-123.0335074,,,service,44.936656500000005,-123.030621
way/1094365964,Unnamed Feature,road,44.9407217,-123.0334452,,,service,44.936656500000005,-123.030621
way/1095096758,Unnamed Feature,road,44.9325383,-123.0307196,,,service,44.936656500000005,-123.030621
way/1095096764,Unnamed Feature,road,44.9323948,-123.0303009,,,service,44.936656500000005,-123.030621
way/1095096765,Unnamed Feature,road,44.9321998,-123.0300251,,,service,44.936656500000005,-123.030621
way/1095096766,Unnamed Feature,road,44.9336127,-123.0335114,,,service,44.936656500000005,-123.030621
way/1095096767,Unnamed Feature,road,44.9335877,-123.0339381,,,service,44.936656500000005,-123.030621
way/1112777189,Unnamed Feature,road,44.9387214,-123.0313815,,,footway,44.936656500000005,-123.030621
way/1112777190,Unnamed Feature,road,44.9373347,-123.0278211,,,footway,44.936656500000005,-123.030621
way/1112777191,Unnamed Feature,road,44.9373566,-123.0277741,,,footway,44.936656500000005,-123.030621
way/1117963979,Unnamed Feature,road,44.9376109,-123.0362132,,,service,44.936656500000005,-123.030621
way/1117963981,Unnamed Feature,road,44.9356978,-123.0361444,,,service,44.936656500000005,-123.030621
way/1117963983,Unnamed Feature,road,44.9353322,-123.0367686,,,footway,44.936656500000005,-123.030621
way/1117963984,Unnamed Feature,road,44.9356801,-123.0369122,,,footway,44.936656500000005,-123.030621
way/1117963989,Unnamed Feature,road,44.9356147,-123.0366023,,,footway,44.936656500000005,-123.030621
way/1117963990,Unnamed Feature,road,44.9356638,-123.0365003,,,footway,44.936656500000005,-123.030621
way/1117963991,Unnamed Feature,road,44.9355395,-123.0365546,,,footway,44.936656500000005,-123.030621
way/1117963992,Unnamed Feature,road,44.9356328,-123.0363283,,,footway,44.936656500000005,-123.030621
way/1117963993,Unnamed Feature,road,44.9356437,-123.0364142,,,footway,44.936656500000005,-123.030621
way/1117963994,Unnamed Feature,road,44.9355664,-123.0361792,,,footway,44.936656500000005,-123.030621
way/1117963995,Unnamed Feature,road,44.9355828,-123.0364046,,,footway,44.936656500000005,-123.030621
way/1117963996,Unnamed Feature,road,44.9355301,-123.0364587,,,footway,44.936656500000005,-123.030621
way/1117963998,Unnamed Feature,road,44.9360397,-123.0373334,,,footway,44.936656500000005,-123.030621
way/1117964075,Unnamed Feature,road,44.9338764,-123.0347455,,,cycleway,44.936656500000005,-123.030621
way/1117964076,Unnamed Feature,road,44.9333987,-123.0349492,,,footway,44.936656500000005,-123.030621
way/1117964077,Unnamed Feature,road,44.9332601,-123.0347861,,,footway,44.936656500000005,-123.030621
way/1119541508,Unnamed Feature,road,44.9368786,-123.0283391,,,service,44.936656500000005,-123.030621
way/1119541509,Unnamed Feature,bus_stop,44.9370084,-123.0275096,,,bus_stop,44.936656500000005,-123.030621
way/1150630501,Unnamed Feature,road,44.9361141,-123.0369525,,,service,44.936656500000005,-123.030621
way/1150630502,Church Street Southeast,road,44.936642,-123.0368391,,,tertiary,44.936656500000005,-123.030621
way/1150630503,Unnamed Feature,road,44.9357689,-123.0363452,,,service,44.936656500000005,-123.030621
way/1169867230,Unnamed Feature,road,44.9350285,-123.0316492,,,service,44.936656500000005,-123.030621
way/1173793133,Winter Street Southeast,road,44.934626,-123.0341954,,,tertiary,44.936656500000005,-123.030621
way/1173793134,Winter Street Southeast,road,44.9379682,-123.0325215,,,tertiary,44.936656500000005,-123.030621
way/1183355370,Unnamed Feature,road,44.9367347,-123.0347866,,,footway,44.936656500000005,-123.030621
way/1183355371,Unnamed Feature,road,44.9367628,-123.034457,,,footway,44.936656500000005,-123.030621
way/1183355372,Unnamed Feature,road,44.9366064,-123.0341958,,,footway,44.936656500000005,-123.030621
way/1183355374,Unnamed Feature,road,44.9351607,-123.0329258,,,footway,44.936656500000005,-123.030621
way/1183355375,Unnamed Feature,road,44.9355656,-123.0327211,,,footway,44.936656500000005,-123.030621
way/1183355376,Unnamed Feature,road,44.9350149,-123.0326333,,,footway,44.936656500000005,-123.030621
way/1183355377,Unnamed Feature,road,44.9351988,-123.0323023,,,service,44.936656500000005,-123.030621
way/1183355378,Unnamed Feature,road,44.9352733,-123.0318614,,,footway,44.936656500000005,-123.030621
way/1183355379,Unnamed Feature,road,44.9349543,-123.0321391,,,footway,44.936656500000005,-123.030621
way/1183355380,Unnamed Feature,road,44.9350998,-123.0329562,,,footway,44.936656500000005,-123.030621
way/1183355381,Unnamed Feature,road,44.9355333,-123.0321282,,,footway,44.936656500000005,-123.030621
way/1183355382,Unnamed Feature,road,44.9357083,-123.0320369,,,footway,44.936656500000005,-123.030621
way/1183355383,Unnamed Feature,road,44.9357574,-123.0320117,,,steps,44.936656500000005,-123.030621
way/1183355384,Unnamed Feature,road,44.9356813,-123.0317086,,,steps,44.936656500000005,-123.030621
way/1183355385,Unnamed Feature,road,44.9366357,-123.0323237,,,service,44.936656500000005,-123.030621
way/1183355386,Unnamed Feature,road,44.9373643,-123.0311437,,,footway,44.936656500000005,-123.030621
way/1183355387,Unnamed Feature,road,44.9371497,-123.0304378,,,footway,44.936656500000005,-123.030621
way/1183355388,Unnamed Feature,road,44.9367926,-123.0286481,,,footway,44.936656500000005,-123.030621
way/1183355389,Unnamed Feature,road,44.9369988,-123.0290003,,,footway,44.936656500000005,-123.030621
way/1183355390,Unnamed Feature,road,44.937231,-123.028949,,,footway,44.936656500000005,-123.030621
way/1183355391,Unnamed Feature,road,44.9375486,-123.0299763,,,footway,44.936656500000005,-123.030621
way/1183355392,Unnamed Feature,road,44.9375164,-123.0300213,,,footway,44.936656500000005,-123.030621
way/1183355393,Unnamed Feature,road,44.9377329,-123.0334815,,,service,44.936656500000005,-123.030621
way/1183355395,Unnamed Feature,road,44.9370152,-123.0317118,,,footway,44.936656500000005,-123.030621
way/1183355396,Unnamed Feature,road,44.9360038,-123.0330721,,,footway,44.936656500000005,-123.030621
way/1183355397,Unnamed Feature,road,44.9359922,-123.0332034,,,footway,44.936656500000005,-123.030621
way/1183355398,Unnamed Feature,road,44.9357643,-123.0334658,,,footway,44.936656500000005,-123.030621
way/1183355399,Unnamed Feature,road,44.9361777,-123.0312179,,,footway,44.936656500000005,-123.030621
way/1183355400,Unnamed Feature,road,44.9359229,-123.0305313,,,footway,44.936656500000005,-123.030621
way/1183355401,Unnamed Feature,road,44.9363651,-123.0296076,,,footway,44.936656500000005,-123.030621
way/1183355402,Unnamed Feature,road,44.9364245,-123.0295628,,,footway,44.936656500000005,-123.030621
way/1183355403,Unnamed Feature,road,44.9362604,-123.0295453,,,footway,44.936656500000005,-123.030621
way/1183355405,Unnamed Feature,road,44.9360871,-123.0281864,,,footway,44.936656500000005,-123.030621
way/1183355406,Unnamed Feature,road,44.9367478,-123.0279362,,,footway,44.936656500000005,-123.030621
way/1183355407,Unnamed Feature,road,44.9370013,-123.0280853,,,footway,44.936656500000005,-123.030621
way/1183355408,Unnamed Feature,road,44.9370196,-123.0278967,,,footway,44.936656500000005,-123.030621
way/1183355409,Unnamed Feature,road,44.9372149,-123.0281944,,,service,44.936656500000005,-123.030621
way/1183355410,Unnamed Feature,road,44.9366741,-123.0281901,,,footway,44.936656500000005,-123.030621
way/1183355411,Unnamed Feature,road,44.9366923,-123.0288877,,,footway,44.936656500000005,-123.030621
way/1183355412,Unnamed Feature,road,44.9366097,-123.0288935,,,footway,44.936656500000005,-123.030621
way/1183355413,Unnamed Feature,road,44.9365412,-123.0289624,,,footway,44.936656500000005,-123.030621
way/1183355414,Unnamed Feature,road,44.9365667,-123.0288986,,,footway,44.936656500000005,-123.030621
way/1183355415,Unnamed Feature,road,44.9365303,-123.0292052,,,footway,44.936656500000005,-123.030621
way/1183355416,Unnamed Feature,road,44.9360693,-123.0283596,,,footway,44.936656500000005,-123.030621
way/1183355417,Unnamed Feature,road,44.9360527,-123.0280411,,,footway,44.936656500000005,-123.030621
way/1183355418,Unnamed Feature,road,44.9355308,-123.0287603,,,footway,44.936656500000005,-123.030621
way/1183355419,Unnamed Feature,road,44.9356763,-123.0292777,,,footway,44.936656500000005,-123.030621
way/1183355420,Unnamed Feature,road,44.935699,-123.0289918,,,footway,44.936656500000005,-123.030621
way/1183355421,Unnamed Feature,road,44.9357227,-123.0289189,,,footway,44.936656500000005,-123.030621
way/1183355422,Unnamed Feature,road,44.935765,-123.0289379,,,steps,44.936656500000005,-123.030621
way/1183355423,Unnamed Feature,road,44.9357906,-123.0289251,,,footway,44.936656500000005,-123.030621
way/1183355424,Unnamed Feature,road,44.9355833,-123.028529,,,footway,44.936656500000005,-123.030621
way/1183355425,Unnamed Feature,road,44.9356504,-123.0285813,,,footway,44.936656500000005,-123.030621
way/1183355426,Unnamed Feature,road,44.9363073,-123.0291619,,,service,44.936656500000005,-123.030621
way/1183355427,Unnamed Feature,road,44.9360995,-123.0287597,,,footway,44.936656500000005,-123.030621
way/1183355428,Unnamed Feature,road,44.9362362,-123.0287882,,,footway,44.936656500000005,-123.030621
way/1183355429,Unnamed Feature,road,44.9362453,-123.0287549,,,steps,44.936656500000005,-123.030621
way/1183355430,Unnamed Feature,road,44.9363388,-123.0286749,,,footway,44.936656500000005,-123.030621
way/1183355431,Unnamed Feature,road,44.9361991,-123.0282145,,,footway,44.936656500000005,-123.030621
way/1183355433,Unnamed Feature,road,44.9363237,-123.0312805,,,footway,44.936656500000005,-123.030621
way/1183355434,Unnamed Feature,road,44.9364058,-123.0314117,,,footway,44.936656500000005,-123.030621
way/1183355435,Unnamed Feature,road,44.9363826,-123.0314093,,,footway,44.936656500000005,-123.030621
way/1183355436,Unnamed Feature,road,44.936078,-123.0307346,,,footway,44.936656500000005,-123.030621
way/1183355437,Unnamed Feature,road,44.9362574,-123.0308279,,,footway,44.936656500000005,-123.030621
way/1183355438,Unnamed Feature,road,44.9362274,-123.0311665,,,footway,44.936656500000005,-123.030621
way/1183355439,Unnamed Feature,road,44.9360947,-123.0308692,,,footway,44.936656500000005,-123.030621
way/1183355440,Unnamed Feature,road,44.9372135,-123.0327158,,,footway,44.936656500000005,-123.030621
way/1183355441,Unnamed Feature,road,44.9379853,-123.0319544,,,footway,44.936656500000005,-123.030621
way/1183355442,Unnamed Feature,road,44.9379078,-123.0318394,,,footway,44.936656500000005,-123.030621
way/1183355444,Unnamed Feature,road,44.9353469,-123.033192,,,footway,44.936656500000005,-123.030621
way/1183355445,Unnamed Feature,road,44.9344027,-123.0297525,,,footway,44.936656500000005,-123.030621
way/1183355446,Unnamed Feature,road,44.9343837,-123.0291421,,,footway,44.936656500000005,-123.030621
way/1183355447,Unnamed Feature,road,44.9344081,-123.0287392,,,footway,44.936656500000005,-123.030621
way/1183355448,Unnamed Feature,road,44.9344887,-123.0287035,,,footway,44.936656500000005,-123.030621
way/1183355449,Unnamed Feature,road,44.9346046,-123.028565,,,footway,44.936656500000005,-123.030621
way/1183355453,Unnamed Feature,road,44.9346366,-123.0316685,,,footway,44.936656500000005,-123.030621
way/1183355454,Unnamed Feature,road,44.9345892,-123.0316217,,,footway,44.936656500000005,-123.030621
way/1183355455,Unnamed Feature,road,44.9347072,-123.0316365,,,footway,44.936656500000005,-123.030621
way/1183355456,Unnamed Feature,road,44.9348057,-123.0318171,,,footway,44.936656500000005,-123.030621
way/1183355457,Unnamed Feature,road,44.93504,-123.0327654,,,footway,44.936656500000005,-123.030621
way/1183355458,Unnamed Feature,road,44.9351454,-123.0332064,,,footway,44.936656500000005,-123.030621
way/1183355459,Unnamed Feature,road,44.9352377,-123.0334854,,,footway,44.936656500000005,-123.030621
way/1183355460,Unnamed Feature,road,44.9348699,-123.0338949,,,footway,44.936656500000005,-123.030621
way/1183355461,Unnamed Feature,road,44.9340231,-123.0322225,,,footway,44.936656500000005,-123.030621
way/1183355463,Unnamed Feature,road,44.9353215,-123.0349142,,,footway,44.936656500000005,-123.030621
way/1183355464,Unnamed Feature,road,44.9352734,-123.034876,,,footway,44.936656500000005,-123.030621
way/1183355465,Unnamed Feature,road,44.9355102,-123.0348338,,,footway,44.936656500000005,-123.030621
way/1183355466,Unnamed Feature,road,44.9353891,-123.0348602,,,footway,44.936656500000005,-123.030621
way/1183355467,Unnamed Feature,road,44.9354365,-123.0343462,,,footway,44.936656500000005,-123.030621
way/1183355468,Unnamed Feature,road,44.9356036,-123.0342217,,,footway,44.936656500000005,-123.030621
way/1183355469,Unnamed Feature,road,44.9359522,-123.0340874,,,footway,44.936656500000005,-123.030621
way/1183355470,Unnamed Feature,road,44.93599,-123.034002,,,footway,44.936656500000005,-123.030621
way/1183355479,Unnamed Feature,road,44.9376517,-123.033101,,,service,44.936656500000005,-123.030621
way/1183355482,Unnamed Feature,road,44.9375797,-123.0350735,,,service,44.936656500000005,-123.030621
way/1183355484,Unnamed Feature,road,44.9373176,-123.0325342,,,footway,44.936656500000005,-123.030621
way/1183355485,Unnamed Feature,road,44.9372395,-123.0324704,,,footway,44.936656500000005,-123.030621
way/1183355486,Unnamed Feature,road,44.9372621,-123.0325617,,,footway,44.936656500000005,-123.030621
way/1183355488,Unnamed Feature,road,44.9345815,-123.0328571,,,footway,44.936656500000005,-123.030621
way/1183355489,Unnamed Feature,road,44.9346731,-123.0332125,,,footway,44.936656500000005,-123.030621
way/1183355490,Unnamed Feature,road,44.934368,-123.0319107,,,footway,44.936656500000005,-123.030621
way/1183355491,Unnamed Feature,road,44.9347501,-123.0326132,,,footway,44.936656500000005,-123.030621
way/1183355492,Unnamed Feature,road,44.9349161,-123.0324346,,,footway,44.936656500000005,-123.030621
way/1183355493,Unnamed Feature,road,44.9349407,-123.0325983,,,footway,44.936656500000005,-123.030621
way/1183355494,Unnamed Feature,road,44.9346616,-123.031895,,,footway,44.936656500000005,-123.030621
way/1183355495,Unnamed Feature,road,44.9345636,-123.0315234,,,footway,44.936656500000005,-123.030621
way/1183355496,Unnamed Feature,road,44.9343291,-123.0316141,,,footway,44.936656500000005,-123.030621
way/1183355497,Unnamed Feature,road,44.9343063,-123.0315231,,,footway,44.936656500000005,-123.030621
way/1183355498,Unnamed Feature,road,44.9343533,-123.0315937,,,footway,44.936656500000005,-123.030621
way/1183355499,Unnamed Feature,road,44.9354402,-123.0337549,,,footway,44.936656500000005,-123.030621
way/1183355500,Unnamed Feature,road,44.9354181,-123.0336751,,,footway,44.936656500000005,-123.030621
way/1183355502,Unnamed Feature,road,44.9349094,-123.0309475,,,footway,44.936656500000005,-123.030621
way/1183355504,Unnamed Feature,road,44.9364571,-123.03214,,,footway,44.936656500000005,-123.030621
way/1183355506,Unnamed Feature,road,44.933943,-123.0329936,,,footway,44.936656500000005,-123.030621
way/1183355507,Unnamed Feature,road,44.9336225,-123.0317457,,,footway,44.936656500000005,-123.030621
way/1183355508,Unnamed Feature,road,44.9334548,-123.0310701,,,footway,44.936656500000005,-123.030621
way/1183355509,Unnamed Feature,road,44.9334086,-123.031098,,,footway,44.936656500000005,-123.030621
way/1183355510,Unnamed Feature,road,44.933331,-123.0311373,,,footway,44.936656500000005,-123.030621
way/1183355511,Unnamed Feature,road,44.9332936,-123.0311704,,,footway,44.936656500000005,-123.030621
way/1183355512,Unnamed Feature,road,44.9369731,-123.0352857,,,service,44.936656500000005,-123.030621
way/1183355513,Unnamed Feature,road,44.936844,-123.0332821,,,footway,44.936656500000005,-123.030621
way/1183355514,Unnamed Feature,road,44.9335398,-123.030268,,,footway,44.936656500000005,-123.030621
way/1183355515,Unnamed Feature,road,44.9347301,-123.0335502,,,footway,44.936656500000005,-123.030621
way/1183355516,Unnamed Feature,road,44.9350008,-123.03496,,,footway,44.936656500000005,-123.030621
way/1183355517,Unnamed Feature,road,44.9350618,-123.0350061,,,footway,44.936656500000005,-123.030621
way/1183355518,Unnamed Feature,road,44.9351257,-123.0350499,,,footway,44.936656500000005,-123.030621
way/1183355519,Unnamed Feature,road,44.9359139,-123.0340445,,,footway,44.936656500000005,-123.030621
way/1183355521,Unnamed Feature,road,44.9374267,-123.033967,,,footway,44.936656500000005,-123.030621
way/1183355522,Unnamed Feature,road,44.9374822,-123.0340463,,,footway,44.936656500000005,-123.030621
way/1183355523,Unnamed Feature,road,44.9373825,-123.033012,,,footway,44.936656500000005,-123.030621
way/1183355524,Unnamed Feature,road,44.9378558,-123.0327719,,,footway,44.936656500000005,-123.030621
way/1183355525,Unnamed Feature,road,44.9380178,-123.0328228,,,footway,44.936656500000005,-123.030621
way/1183355526,Unnamed Feature,road,44.9384189,-123.0332176,,,footway,44.936656500000005,-123.030621
way/1183355527,Unnamed Feature,road,44.9383344,-123.0327148,,,footway,44.936656500000005,-123.030621
way/1183355529,Unnamed Feature,road,44.9362156,-123.0293712,,,footway,44.936656500000005,-123.030621
way/1183355531,Unnamed Feature,road,44.9361419,-123.0292431,,,footway,44.936656500000005,-123.030621
way/1183355532,Unnamed Feature,road,44.9349876,-123.030096,,,footway,44.936656500000005,-123.030621
way/1183355533,Unnamed Feature,road,44.9361975,-123.0317087,,,footway,44.936656500000005,-123.030621
way/1183355534,Unnamed Feature,road,44.9347876,-123.0305059,,,footway,44.936656500000005,-123.030621
way/1201572270,Unnamed Feature,road,44.9393462,-123.035615,,,service,44.936656500000005,-123.030621
way/1201572274,Unnamed Feature,road,44.9393802,-123.0358018,,,service,44.936656500000005,-123.030621
way/1201572281,Unnamed Feature,road,44.9394237,-123.0356397,,,footway,44.936656500000005,-123.030621
way/1206016165,Unnamed Feature,road,44.9399111,-123.0358933,,,footway,44.936656500000005,-123.030621
way/1206016172,Unnamed Feature,road,44.9396671,-123.0350231,,,footway,44.936656500000005,-123.030621
way/1206016173,Unnamed Feature,road,44.9396646,-123.0350573,,,footway,44.936656500000005,-123.030621
way/1206016174,Unnamed Feature,road,44.939593,-123.0349744,,,footway,44.936656500000005,-123.030621
way/1206016175,Unnamed Feature,road,44.9395999,-123.0350017,,,steps,44.936656500000005,-123.030621
way/1206016176,Unnamed Feature,road,44.939618,-123.035074,,,footway,44.936656500000005,-123.030621
way/1206016177,Unnamed Feature,road,44.9396341,-123.0351385,,,steps,44.936656500000005,-123.030621
way/1206016178,Unnamed Feature,road,44.9389406,-123.0341945,,,footway,44.936656500000005,-123.030621
way/1206016179,Unnamed Feature,road,44.9389551,-123.0341864,,,footway,44.936656500000005,-123.030621
way/1206016180,Unnamed Feature,road,44.9389663,-123.0341708,,,steps,44.936656500000005,-123.030621
way/1206016181,Unnamed Feature,road,44.9389702,-123.0341889,,,steps,44.936656500000005,-123.030621
way/1206016182,Unnamed Feature,road,44.9389944,-123.0341645,,,footway,44.936656500000005,-123.030621
way/1206016183,Unnamed Feature,road,44.9389918,-123.0341781,,,footway,44.936656500000005,-123.030621
way/1206016184,Unnamed Feature,road,44.9390045,-123.0341739,,,footway,44.936656500000005,-123.030621
way/1206016185,Unnamed Feature,road,44.9393618,-123.0339307,,,footway,44.936656500000005,-123.030621
way/1206016186,Unnamed Feature,road,44.9393717,-123.0339414,,,footway,44.936656500000005,-123.030621
way/1206016187,Unnamed Feature,road,44.9393807,-123.0339794,,,steps,44.936656500000005,-123.030621
way/1206016188,Unnamed Feature,road,44.9394261,-123.0338321,,,footway,44.936656500000005,-123.030621
way/1206016189,Unnamed Feature,road,44.9394255,-123.0338755,,,steps,44.936656500000005,-123.030621
way/1206016190,Unnamed Feature,road,44.9392637,-123.0339127,,,footway,44.936656500000005,-123.030621
way/1206016191,Unnamed Feature,road,44.9392894,-123.0339382,,,steps,44.936656500000005,-123.030621
way/1206016192,Unnamed Feature,road,44.9393608,-123.0338961,,,footway,44.936656500000005,-123.030621
way/1206016193,Unnamed Feature,road,44.9393634,-123.0339066,,,steps,44.936656500000005,-123.030621
way/1206016195,Unnamed Feature,road,44.9397931,-123.0337667,,,footway,44.936656500000005,-123.030621
way/1206016196,Unnamed Feature,road,44.9398106,-123.0337586,,,footway,44.936656500000005,-123.030621
way/1206016197,Unnamed Feature,road,44.939779,-123.0337835,,,steps,44.936656500000005,-123.030621
way/1206016198,Unnamed Feature,road,44.9397745,-123.0337664,,,steps,44.936656500000005,-123.030621
way/1206016199,Unnamed Feature,road,44.9397489,-123.0337917,,,footway,44.936656500000005,-123.030621
way/1206016200,Unnamed Feature,road,44.9397572,-123.0337942,,,footway,44.936656500000005,-123.030621
way/1206016201,Unnamed Feature,road,44.9397484,-123.0338024,,,footway,44.936656500000005,-123.030621
way/1206016202,Unnamed Feature,road,44.9392628,-123.0345761,,,footway,44.936656500000005,-123.030621
way/1206016203,Unnamed Feature,road,44.9397295,-123.0343441,,,footway,44.936656500000005,-123.030621
way/1206016204,Unnamed Feature,road,44.9394998,-123.0344711,,,footway,44.936656500000005,-123.030621
way/1206016205,Unnamed Feature,road,44.9397062,-123.0344773,,,footway,44.936656500000005,-123.030621
way/1206016206,Unnamed Feature,road,44.9393284,-123.03461,,,footway,44.936656500000005,-123.030621
way/1206016207,Unnamed Feature,road,44.9396385,-123.0351563,,,footway,44.936656500000005,-123.030621
way/1219605511,Unnamed Feature,road,44.9392274,-123.0259191,,,cycleway,44.936656500000005,-123.030621
way/1222104585,Unnamed Feature,road,44.9384285,-123.0323034,,,footway,44.936656500000005,-123.030621
way/1234814778,Winter Street Southeast,road,44.9370102,-123.0330015,,,tertiary,44.936656500000005,-123.030621
way/1252087339,Unnamed Feature,road,44.9363992,-123.0349774,,,cycleway,44.936656500000005,-123.030621
way/1252087340,Unnamed Feature,road,44.9365885,-123.0348635,,,cycleway,44.936656500000005,-123.030621
way/1252087341,Unnamed Feature,road,44.9365027,-123.0349147,,,cycleway,44.936656500000005,-123.030621
way/1252087342,Ferry Street Southeast,road,44.9379,-123.034989,,,residential,44.936656500000005,-123.030621
way/1259545238,Unnamed Feature,road,44.9393802,-123.0290416,,,footway,44.936656500000005,-123.030621
way/1259545240,Unnamed Feature,road,44.9393876,-123.0290706,,,steps,44.936656500000005,-123.030621
way/1259545242,Unnamed Feature,road,44.9397025,-123.0312842,,,footway,44.936656500000005,-123.030621
way/1259545243,Unnamed Feature,road,44.9397112,-123.0313212,,,steps,44.936656500000005,-123.030621
way/1259545244,Unnamed Feature,road,44.9397371,-123.0314317,,,footway,44.936656500000005,-123.030621
way/1259545245,Unnamed Feature,road,44.9397319,-123.0314098,,,steps,44.936656500000005,-123.030621
way/1286357882,Unnamed Feature,road,44.9347709,-123.036738,,,service,44.936656500000005,-123.030621
way/1286357883,Unnamed Feature,road,44.9346281,-123.036159,,,service,44.936656500000005,-123.030621
way/1286357884,Unnamed Feature,road,44.9347319,-123.0360824,,,service,44.936656500000005,-123.030621
way/1286462035,Unnamed Feature,road,44.9324778,-123.0297001,,,service,44.936656500000005,-123.030621
way/1286462036,Unnamed Feature,road,44.9323194,-123.0297112,,,service,44.936656500000005,-123.030621
way/1295963689,Unnamed Feature,road,44.9400642,-123.0336789,,,footway,44.936656500000005,-123.030621
way/1295963692,Unnamed Feature,road,44.9403443,-123.0328564,,,service,44.936656500000005,-123.030621
way/1295963693,Unnamed Feature,road,44.9403306,-123.0335561,,,footway,44.936656500000005,-123.030621
way/1295963697,Unnamed Feature,road,44.939955,-123.0328197,,,service,44.936656500000005,-123.030621
way/1295963698,Unnamed Feature,road,44.9405779,-123.0336066,,,footway,44.936656500000005,-123.030621
way/1295963699,Unnamed Feature,road,44.9402918,-123.0336649,,,steps,44.936656500000005,-123.030621
way/1295963701,Unnamed Feature,road,44.9403504,-123.0337292,,,footway,44.936656500000005,-123.030621
way/1306750557,Unnamed Feature,road,44.9381411,-123.0241608,,,footway,44.936656500000005,-123.030621
way/1309969819,Unnamed Feature,road,44.9366258,-123.0258413,,,footway,44.936656500000005,-123.030621
way/1309969820,Unnamed Feature,road,44.9366972,-123.0257771,,,footway,44.936656500000005,-123.030621
way/1309969821,Unnamed Feature,road,44.9367152,-123.0257294,,,footway,44.936656500000005,-123.030621
way/1316552402,Unnamed Feature,road,44.9355826,-123.0251681,,,service,44.936656500000005,-123.030621
way/1316552403,Unnamed Feature,road,44.9355996,-123.0252385,,,service,44.936656500000005,-123.030621
way/1316552404,Unnamed Feature,road,44.9360303,-123.0247193,,,service,44.936656500000005,-123.030621
way/1316552417,Unnamed Feature,road,44.9344844,-123.0255844,,,service,44.936656500000005,-123.030621
way/1458686838,12th Street Southeast,road,44.9330838,-123.0290625,,,primary,44.936656500000005,-123.030621
way/1458686839,Unnamed Feature,road,44.9332955,-123.0286797,,,trunk_link,44.936656500000005,-123.030621
way/1458686840,Unnamed Feature,road,44.9328408,-123.0290049,,,footway,44.936656500000005,-123.030621
way/1458686841,Unnamed Feature,road,44.9329203,-123.0289676,,,footway,44.936656500000005,-123.030621
way/1458686842,Unnamed Feature,road,44.9330575,-123.0288029,,,footway,44.936656500000005,-123.030621
way/1458686843,Bellevue Street Southeast,road,44.9331417,-123.0288324,,,footway,44.936656500000005,-123.030621
way/1458686844,Bellevue Street Southeast,road,44.93309,-123.028765,,,footway,44.936656500000005,-123.030621
way/1458686845,Bellevue Street Southeast,road,44.9332334,-123.0289425,,,footway,44.936656500000005,-123.030621
way/1458686846,Bellevue Street Southeast,road,44.9331999,-123.0288728,,,footway,44.936656500000005,-123.030621
way/1471889967,Trade Street Southeast,road,44.9340636,-123.0241463,,,residential,44.936656500000005,-123.030621
way/1471890110,Mill Street Southeast,road,44.933586,-123.0266956,,,residential,44.936656500000005,-123.030621
way/1487879251,Unnamed Feature,road,44.9362831,-123.0350745,,,cycleway,44.936656500000005,-123.030621
way/1487879252,Mill Race Path,road,44.9364468,-123.0351381,,,cycleway,44.936656500000005,-123.030621
way/1487879253,Unnamed Feature,road,44.9362845,-123.0350051,,,path,44.936656500000005,-123.030621
way/1487879254,Mill Race Path,road,44.9363289,-123.0351188,,,cycleway,44.936656500000005,-123.030621
way/1487879255,Unnamed Feature,road,44.9362927,-123.0333553,,,footway,44.936656500000005,-123.030621
way/1496932954,Unnamed Feature,road,44.9339807,-123.028724,,,footway,44.936656500000005,-123.030621
way/1496932955,Unnamed Feature,road,44.933962,-123.0286347,,,footway,44.936656500000005,-123.030621
way/1496932956,Unnamed Feature,road,44.9339416,-123.0285368,,,footway,44.936656500000005,-123.030621
way/1531757909,12th Street Southeast,road,44.9355499,-123.0278543,,,primary,44.936656500000005,-123.030621
way/1531757910,Mill Street Southeast,road,44.9340809,-123.0285765,,,residential,44.936656500000005,-123.030621
way/1531757911,12th Street Southeast,road,44.9340646,-123.02865,,,primary,44.936656500000005,-123.030621
way/1531757912,12th Street Southeast,road,44.9339808,-123.0286849,,,primary,44.936656500000005,-123.030621
way/1531757913,Mill Street Southeast,road,44.9339016,-123.0280546,,,residential,44.936656500000005,-123.030621
way/1546225911,Unnamed Feature,road,44.9403623,-123.0336432,,,footway,44.936656500000005,-123.030621
way/1546225915,Unnamed Feature,road,44.9404059,-123.033596,,,footway,44.936656500000005,-123.030621
way/1551195178,Unnamed Feature,road,44.9381099,-123.0339325,,,service,44.936656500000005,-123.030621
way/1552072577,Unnamed Feature,road,44.9339399,-123.0347716,,,footway,44.936656500000005,-123.030621
node/4109226596,TPT Dimond  jublee block,education,11.6768,78.1257052,college,,,11.680273699999999,78.1267606
node/7210884237,Sri Gokulam Speciality Hospital,healthcare,11.6788724,78.1274258,hospital,,,11.680273699999999,78.1267606
node/10688153210,Healthy Pharmacy,pharmacy,11.6762714,78.127744,pharmacy,,,11.680273699999999,78.1267606
node/10688153241,Thulasi Pharmacy,pharmacy,11.6761991,78.1277377,pharmacy,,,11.680273699999999,78.1267606
way/28554901,Unnamed Feature,road,11.6775399,78.132032,,,primary,11.680273699999999,78.1267606
way/31897865,Unnamed Feature,road,11.6886879,78.1306837,,,residential,11.680273699999999,78.1267606
way/207905954,Unnamed Feature,road,11.6782095,78.1287263,,,residential,11.680273699999999,78.1267606
way/207905971,Unnamed Feature,road,11.6798679,78.1339734,,,residential,11.680273699999999,78.1267606
way/207905988,Unnamed Feature,road,11.6805352,78.1295533,,,residential,11.680273699999999,78.1267606
way/207905991,Unnamed Feature,road,11.6789122,78.1292682,,,residential,11.680273699999999,78.1267606
way/207905994,Unnamed Feature,road,11.6802427,78.1310507,,,residential,11.680273699999999,78.1267606
way/207906004,Unnamed Feature,road,11.6782676,78.1311103,,,residential,11.680273699999999,78.1267606
way/207906008,Unnamed Feature,road,11.6768072,78.1292006,,,residential,11.680273699999999,78.1267606
way/207906021,Unnamed Feature,road,11.6798288,78.1285921,,,residential,11.680273699999999,78.1267606
way/238315279,Unnamed Feature,road,11.6785621,78.1305861,,,primary,11.680273699999999,78.1267606
way/356793929,Unnamed Feature,road,11.6787452,78.130151,,,residential,11.680273699999999,78.1267606
way/356793934,Unnamed Feature,road,11.6801095,78.1299849,,,residential,11.680273699999999,78.1267606
way/356793940,Unnamed Feature,road,11.6800363,78.1302249,,,residential,11.680273699999999,78.1267606
way/356793957,Unnamed Feature,road,11.6809746,78.1309972,,,residential,11.680273699999999,78.1267606
way/356793959,Unnamed Feature,road,11.679822,78.1306285,,,residential,11.680273699999999,78.1267606
way/356793982,Unnamed Feature,road,11.680014,78.1308528,,,residential,11.680273699999999,78.1267606
way/356793993,Unnamed Feature,road,11.680269,78.1316088,,,residential,11.680273699999999,78.1267606
way/356880897,Unnamed Feature,road,11.683008,78.1283184,,,residential,11.680273699999999,78.1267606
way/356880898,Unnamed Feature,road,11.6826175,78.1269909,,,residential,11.680273699999999,78.1267606
way/356880908,Unnamed Feature,road,11.6827622,78.1294602,,,residential,11.680273699999999,78.1267606
way/356880910,Unnamed Feature,road,11.6821162,78.1285155,,,residential,11.680273699999999,78.1267606
way/356880919,Unnamed Feature,road,11.682034,78.132067,,,residential,11.680273699999999,78.1267606
way/356880920,Unnamed Feature,road,11.6844362,78.1277307,,,residential,11.680273699999999,78.1267606
way/356880921,Unnamed Feature,road,11.6820847,78.1292805,,,residential,11.680273699999999,78.1267606
way/356880923,Unnamed Feature,road,11.6824236,78.1293315,,,residential,11.680273699999999,78.1267606
way/356880924,Unnamed Feature,road,11.6838676,78.1271411,,,residential,11.680273699999999,78.1267606
way/356880925,Unnamed Feature,road,11.6838256,78.1288841,,,residential,11.680273699999999,78.1267606
way/356880930,Unnamed Feature,road,11.684666,78.1275983,,,residential,11.680273699999999,78.1267606
way/356880934,Unnamed Feature,road,11.6824419,78.1293208,,,residential,11.680273699999999,78.1267606
way/356880935,Unnamed Feature,road,11.6821962,78.130616,,,residential,11.680273699999999,78.1267606
way/356880937,Unnamed Feature,road,11.6840715,78.1271556,,,residential,11.680273699999999,78.1267606
way/356880939,Unnamed Feature,road,11.6837496,78.1280325,,,residential,11.680273699999999,78.1267606
way/356880943,Unnamed Feature,road,11.6834157,78.1277297,,,residential,11.680273699999999,78.1267606
way/356880951,Unnamed Feature,road,11.6832556,78.128622,,,residential,11.680273699999999,78.1267606
way/356880953,Unnamed Feature,road,11.6836767,78.1277129,,,residential,11.680273699999999,78.1267606
way/356880965,Unnamed Feature,road,11.684717,78.1267386,,,residential,11.680273699999999,78.1267606
way/356880966,Unnamed Feature,road,11.6849153,78.1275076,,,residential,11.680273699999999,78.1267606
way/356880968,Unnamed Feature,road,11.6836999,78.1268328,,,residential,11.680273699999999,78.1267606
way/356880970,Unnamed Feature,road,11.683582,78.129226,,,residential,11.680273699999999,78.1267606
way/356880971,Unnamed Feature,road,11.6823949,78.1272478,,,residential,11.680273699999999,78.1267606
way/356880973,Unnamed Feature,road,11.68173,78.1277775,,,residential,11.680273699999999,78.1267606
way/356880983,Unnamed Feature,road,11.6845182,78.1267378,,,residential,11.680273699999999,78.1267606
way/356880985,Unnamed Feature,road,11.6826376,78.1276229,,,residential,11.680273699999999,78.1267606
way/356880986,Unnamed Feature,road,11.6832561,78.1300437,,,residential,11.680273699999999,78.1267606
way/356880993,Unnamed Feature,road,11.6833414,78.1307836,,,residential,11.680273699999999,78.1267606
way/356880999,Unnamed Feature,road,11.6825185,78.1272947,,,residential,11.680273699999999,78.1267606
way/356881000,Unnamed Feature,road,11.6818677,78.1302969,,,residential,11.680273699999999,78.1267606
way/356881007,Unnamed Feature,road,11.6825134,78.1284585,,,residential,11.680273699999999,78.1267606
way/356882423,Unnamed Feature,road,11.681529,78.1285399,,,residential,11.680273699999999,78.1267606
way/356882430,Unnamed Feature,road,11.6772391,78.1299112,,,residential,11.680273699999999,78.1267606
way/356882440,Unnamed Feature,road,11.6777232,78.129989,,,residential,11.680273699999999,78.1267606
way/356882445,Unnamed Feature,road,11.676982,78.1298708,,,residential,11.680273699999999,78.1267606
way/356882464,Unnamed Feature,road,11.6792922,78.1289017,,,residential,11.680273699999999,78.1267606
way/356882465,Unnamed Feature,road,11.6785752,78.1308085,,,residential,11.680273699999999,78.1267606
way/356882468,Unnamed Feature,road,11.6802313,78.1282825,,,residential,11.680273699999999,78.1267606
way/356882474,Unnamed Feature,road,11.6789957,78.1289774,,,residential,11.680273699999999,78.1267606
way/356882480,Unnamed Feature,road,11.677831,78.129857,,,residential,11.680273699999999,78.1267606
way/356882486,Unnamed Feature,road,11.6785084,78.1294366,,,residential,11.680273699999999,78.1267606
way/356882487,Unnamed Feature,road,11.6786196,78.1286902,,,residential,11.680273699999999,78.1267606
way/356882488,Unnamed Feature,road,11.6773287,78.1290323,,,residential,11.680273699999999,78.1267606
way/356882493,Unnamed Feature,road,11.6768752,78.1291685,,,residential,11.680273699999999,78.1267606
way/374690848,Unnamed Feature,road,11.6786148,78.1273585,,,tertiary,11.680273699999999,78.1267606
way/951859541,Padmavathy Colony,road,11.6762071,78.1265715,,,residential,11.680273699999999,78.1267606
way/979995708,Unnamed Feature,road,11.6766297,78.1254788,,,unclassified,11.680273699999999,78.1267606
way/979995709,Unnamed Feature,road,11.6762877,78.1251808,,,unclassified,11.680273699999999,78.1267606
way/980418602,Unnamed Feature,road,11.6770866,78.1254766,,,unclassified,11.680273699999999,78.1267606
way/980418603,Unnamed Feature,road,11.6769687,78.1260987,,,unclassified,11.680273699999999,78.1267606
way/980418604,Unnamed Feature,road,11.6774246,78.1260453,,,unclassified,11.680273699999999,78.1267606
way/980418605,Unnamed Feature,road,11.6756564,78.1254893,,,unclassified,11.680273699999999,78.1267606
way/1017058808,Puratchi Thalaivi Jayalalithaa Two Tier Flyover,road,11.6752864,78.1343178,,,primary,11.680273699999999,78.1267606
way/1017058813,Unnamed Feature,road,11.6823198,78.1265336,,,trunk_link,11.680273699999999,78.1267606
way/1017058814,Unnamed Feature,road,11.6817089,78.1271908,,,primary,11.680273699999999,78.1267606
way/1017058817,Puratchi Thalaivi Jayalalithaa Two Tier Flyover,road,11.6707344,78.1397299,,,primary,11.680273699999999,78.1267606
way/1077627520,Unnamed Feature,road,11.6770314,78.1283624,,,residential,11.680273699999999,78.1267606
way/1120042005,Unnamed Feature,road,11.6814656,78.1270023,,,primary_link,11.680273699999999,78.1267606
way/1120042006,Unnamed Feature,road,11.6815698,78.1268884,,,primary_link,11.680273699999999,78.1267606
way/1192971244,Puratchi Thalaivi Jayalalithaa Two Tier Flyover,road,11.6792469,78.1306856,,,primary,11.680273699999999,78.1267606
way/1192971245,Puratchi Thalaivi Jayalalithaa Two Tier Flyover,road,11.6792115,78.1305857,,,primary,11.680273699999999,78.1267606
way/1200773373,Unnamed Feature,road,11.676614,78.1293035,,,residential,11.680273699999999,78.1267606
way/1214253906,Unnamed Feature,road,11.6819967,78.1278563,,,residential,11.680273699999999,78.1267606
way/1214253907,Unnamed Feature,road,11.6809129,78.1299673,,,residential,11.680273699999999,78.1267606
way/1214253908,Unnamed Feature,road,11.6789559,78.1298541,,,residential,11.680273699999999,78.1267606
way/1214253909,Unnamed Feature,road,11.6779587,78.1300748,,,residential,11.680273699999999,78.1267606
way/1214253910,Unnamed Feature,road,11.6761334,78.1272345,,,residential,11.680273699999999,78.1267606
way/1214253911,Unnamed Feature,road,11.6764371,78.1285155,,,residential,11.680273699999999,78.1267606
way/1275955264,Unnamed Feature,road,11.6807151,78.1285884,,,primary,11.680273699999999,78.1267606
way/1330830928,Unnamed Feature,road,11.6833952,78.1253208,,,residential,11.680273699999999,78.1267606
way/1330830929,Unnamed Feature,road,11.6829971,78.1258458,,,residential,11.680273699999999,78.1267606
way/1330830930,Unnamed Feature,road,11.6831361,78.1257565,,,residential,11.680273699999999,78.1267606
way/1013260877,Unnamed Feature,road,11.4528976,78.1864221,,,residential,11.4512338,78.1859576
way/1013260878,Unnamed Feature,road,11.4543497,78.1872484,,,residential,11.4512338,78.1859576
way/1222155291,Unnamed Feature,road,11.4551351,78.1864992,,,residential,11.4512338,78.1859576
way/1222155292,Unnamed Feature,road,11.453356,78.1865645,,,residential,11.4512338,78.1859576
way/1222155293,Unnamed Feature,road,11.4548623,78.1882784,,,residential,11.4512338,78.1859576
way/1222156031,Unnamed Feature,road,11.4548455,78.1898719,,,residential,11.4512338,78.1859576
way/1333438621,Unnamed Feature,road,11.4486337,78.1880287,,,unclassified,11.4512338,78.1859576
way/1333438622,Unnamed Feature,road,11.44959,78.1905168,,,unclassified,11.4512338,78.1859576
way/130435483,Chokkampudur Road,road,10.9930539,76.9315318,,,tertiary,11.0,76.94
way/131290302,Ramamurthy Road,road,10.9978413,76.9389844,,,tertiary,11.0,76.94
way/131290307,Unnamed Feature,road,10.9982219,76.9446419,,,tertiary,11.0,76.94
way/133360769,Unnamed Feature,road,11.0030089,76.9391477,,,tertiary,11.0,76.94
way/134917667,Ramamurthy Road,road,10.9923709,76.9409525,,,tertiary,11.0,76.94
way/134917679,Unnamed Feature,road,10.9983966,76.94198,,,residential,11.0,76.94
way/134917686,Unnamed Feature,road,10.9981675,76.9427936,,,residential,11.0,76.94
way/134917690,Unnamed Feature,road,10.9987398,76.944009,,,residential,11.0,76.94
way/134917694,Unnamed Feature,road,10.9999377,76.9432901,,,residential,11.0,76.94
way/134917695,Unnamed Feature,road,10.99849,76.9444672,,,residential,11.0,76.94
way/134917707,Unnamed Feature,road,10.998955,76.9431852,,,residential,11.0,76.94
way/134917712,Unnamed Feature,road,10.9994658,76.9443395,,,residential,11.0,76.94
way/134917714,Unnamed Feature,road,10.9981634,76.941757,,,residential,11.0,76.94
way/134917720,Unnamed Feature,road,10.998162,76.9419528,,,residential,11.0,76.94
way/134917726,Unnamed Feature,road,11.0002577,76.9422097,,,residential,11.0,76.94
way/134917728,Unnamed Feature,road,10.9992506,76.9450776,,,residential,11.0,76.94
way/206788452,Unnamed Feature,road,10.9987756,76.941962,,,residential,11.0,76.94
way/206788466,Unnamed Feature,road,10.9961518,76.9411962,,,residential,11.0,76.94
way/206788510,Unnamed Feature,road,10.9962532,76.9411966,,,residential,11.0,76.94
way/206788529,Unnamed Feature,road,10.9970907,76.9413087,,,residential,11.0,76.94
way/377997452,Unnamed Feature,road,10.9952531,76.9395337,,,residential,11.0,76.94
way/377997453,Unnamed Feature,road,10.9964764,76.9395032,,,residential,11.0,76.94
way/377997454,Unnamed Feature,road,10.9963224,76.93906,,,residential,11.0,76.94
way/501935235,Unnamed Feature,road,10.9986608,76.94106,,,residential,11.0,76.94
way/501935236,Unnamed Feature,road,10.998329,76.9410442,,,residential,11.0,76.94
way/501935237,Unnamed Feature,road,11.0007454,76.9427764,,,residential,11.0,76.94
way/501935238,Unnamed Feature,road,11.0014836,76.9398865,,,residential,11.0,76.94
way/501940837,Unnamed Feature,road,10.9983074,76.9434792,,,residential,11.0,76.94
way/501940838,Unnamed Feature,road,10.9983327,76.9441348,,,residential,11.0,76.94
way/501940839,Unnamed Feature,road,10.9980721,76.9440563,,,residential,11.0,76.94
way/501940840,Unnamed Feature,road,10.999423,76.9433863,,,residential,11.0,76.94
way/502561593,Unnamed Feature,road,10.9970474,76.9425149,,,residential,11.0,76.94
way/502561595,Unnamed Feature,road,10.9955454,76.9381925,,,residential,11.0,76.94
way/581642954,Unnamed Feature,road,10.9979274,76.9434939,,,residential,11.0,76.94
way/581642955,Unnamed Feature,road,10.9976745,76.9429717,,,residential,11.0,76.94
way/593055681,Unnamed Feature,road,10.9987364,76.9431194,,,residential,11.0,76.94
way/593055682,Unnamed Feature,road,10.9986197,76.9427538,,,residential,11.0,76.94
way/593055684,Unnamed Feature,road,10.9991444,76.942132,,,residential,11.0,76.94
way/593055685,Unnamed Feature,road,10.9989306,76.9409281,,,residential,11.0,76.94
way/593055687,Unnamed Feature,road,10.998146,76.9422606,,,residential,11.0,76.94
way/642860093,SBOA Matriculation Higher Secondary School,education,10.9999245,76.9400907,school,,,11.0,76.94
way/908287313,Unnamed Feature,road,10.9977424,76.9407425,,,residential,11.0,76.94
way/911130572,Unnamed Feature,road,10.9958367,76.9395102,,,residential,11.0,76.94
way/911130573,Unnamed Feature,road,10.9964863,76.9379673,,,residential,11.0,76.94
way/914536715,Unnamed Feature,road,11.000963,76.9414156,,,residential,11.0,76.94
way/914536716,Unnamed Feature,road,11.0001058,76.9414346,,,residential,11.0,76.94
way/992425921,Unnamed Feature,road,11.0007865,76.9424089,,,residential,11.0,76.94
way/992425922,Unnamed Feature,road,10.9999204,76.9419037,,,residential,11.0,76.94
way/992425923,Unnamed Feature,road,10.9983687,76.9431496,,,residential,11.0,76.94
way/992425928,Unnamed Feature,road,10.997411,76.9371636,,,residential,11.0,76.94
way/992425936,Unnamed Feature,road,10.9985769,76.9372719,,,residential,11.0,76.94
way/992425937,Unnamed Feature,road,10.9988263,76.9367508,,,residential,11.0,76.94
way/1071418900,Unnamed Feature,road,11.0006997,76.9433997,,,residential,11.0,76.94
way/1082129997,Unnamed Feature,road,10.9984523,76.9403612,,,residential,11.0,76.94
way/1190306938,Unnamed Feature,road,10.9959976,76.9410662,,,residential,11.0,76.94
way/1227935543,Unnamed Feature,road,11.001876,76.9358627,,,service,11.0,76.94
way/1227935544,Unnamed Feature,road,11.0014698,76.9356216,,,service,11.0,76.94
way/1230810224,Unnamed Feature,road,10.9996979,76.9365021,,,residential,11.0,76.94
way/1230810225,Unnamed Feature,road,10.999341,76.9369415,,,residential,11.0,76.94
way/1230810226,Unnamed Feature,road,10.9998967,76.9361737,,,residential,11.0,76.94
way/1230810227,Unnamed Feature,road,10.9995591,76.9361911,,,residential,11.0,76.94
way/1232374421,Unnamed Feature,road,10.9978173,76.9399841,,,residential,11.0,76.94
way/1232382597,Unnamed Feature,road,10.997068,76.9405143,,,living_street,11.0,76.94
way/1234274126,Unnamed Feature,road,10.9977674,76.9386208,,,residential,11.0,76.94
way/1338513930,Unnamed Feature,road,11.0018044,76.9364628,,,residential,11.0,76.94
way/1338513931,Unnamed Feature,road,11.0018338,76.9367584,,,residential,11.0,76.94
way/1338513932,Unnamed Feature,road,11.000721,76.937267,,,residential,11.0,76.94
way/1338513933,Unnamed Feature,road,11.0008146,76.9395157,,,residential,11.0,76.94
way/1338513934,Unnamed Feature,road,11.0003591,76.9397479,,,residential,11.0,76.94
way/1338513935,Unnamed Feature,road,10.999447,76.9381485,,,residential,11.0,76.94
way/1338513936,Unnamed Feature,road,10.9990981,76.9378916,,,residential,11.0,76.94
way/1338513937,Unnamed Feature,road,11.0014948,76.9393506,,,residential,11.0,76.94
way/1338513938,Unnamed Feature,road,11.0016511,76.9390945,,,residential,11.0,76.94
way/1338513939,Unnamed Feature,road,11.0018911,76.9388848,,,residential,11.0,76.94
way/1338513940,Unnamed Feature,road,11.0010077,76.9416085,,,residential,11.0,76.94
way/1338513941,Unnamed Feature,road,11.0011288,76.9417914,,,residential,11.0,76.94
way/1338513942,Unnamed Feature,road,10.9993845,76.9426371,,,residential,11.0,76.94
way/1338513943,Unnamed Feature,road,10.9976179,76.940593,,,residential,11.0,76.94
way/1338513944,Unnamed Feature,road,10.9970713,76.9395404,,,residential,11.0,76.94
way/1338513945,Unnamed Feature,road,10.9971705,76.9386486,,,residential,11.0,76.94
way/1338513946,Unnamed Feature,road,10.9962971,76.941059,,,residential,11.0,76.94
node/6926069002,Global Medical Center & Hospital,healthcare,11.6867049,78.1186697,hospital,,,11.6852737,78.1167606
node/10688153208,Indian Overseas Bank,bank,11.6856271,78.1213282,bank,,,11.6852737,78.1167606
node/11861705864,Bakery and Tea Stall,restaurant,11.6863306,78.1204386,cafe,,,11.6852737,78.1167606
node/13925220971,Arun Medicals,pharmacy,11.6882142,78.118591,pharmacy,,,11.6852737,78.1167606
way/28561562,Jagir Ammapalayam - Tharamangalam Road,road,11.6824848,78.1165122,,,primary,11.6852737,78.1167606
way/31857719,Unnamed Feature,road,11.6850471,78.1134962,,,tertiary,11.6852737,78.1167606
way/161639147,Unnamed Feature,road,11.6971106,78.1069725,,,trunk,11.6852737,78.1167606
way/161647696,Unnamed Feature,road,11.697204,78.1070052,,,trunk,11.6852737,78.1167606
way/197134459,Unnamed Feature,road,11.6904224,78.1149128,,,tertiary,11.6852737,78.1167606
way/356968486,Unnamed Feature,road,11.6906584,78.1202159,,,residential,11.6852737,78.1167606
way/374690847,Unnamed Feature,road,11.6902415,78.1148947,,,tertiary,11.6852737,78.1167606
way/439356920,Unnamed Feature,road,11.6827738,78.1147519,,,residential,11.6852737,78.1167606
way/481329185,Unnamed Feature,road,11.6814038,78.1162257,,,residential,11.6852737,78.1167606
way/481329253,Unnamed Feature,road,11.6850302,78.1201269,,,residential,11.6852737,78.1167606
way/481329254,Unnamed Feature,road,11.6804676,78.117041,,,residential,11.6852737,78.1167606
way/481329278,Unnamed Feature,road,11.6809333,78.116152,,,residential,11.6852737,78.1167606
way/481329294,Unnamed Feature,road,11.6812608,78.1162941,,,residential,11.6852737,78.1167606
way/481329336,Unnamed Feature,road,11.6851708,78.1210037,,,residential,11.6852737,78.1167606
way/481329343,Unnamed Feature,road,11.6815888,78.1167182,,,residential,11.6852737,78.1167606
way/482588258,Unnamed Feature,road,11.6839595,78.1153312,,,residential,11.6852737,78.1167606
way/482588259,Unnamed Feature,road,11.6824251,78.113758,,,residential,11.6852737,78.1167606
way/482588260,Unnamed Feature,road,11.6865053,78.1180604,,,residential,11.6852737,78.1167606
way/482588261,Unnamed Feature,road,11.6841981,78.116011,,,residential,11.6852737,78.1167606
way/482588262,Unnamed Feature,road,11.6827769,78.1120047,,,residential,11.6852737,78.1167606
way/482588263,Unnamed Feature,road,11.6868605,78.1134555,,,residential,11.6852737,78.1167606
way/482588264,Unnamed Feature,road,11.6849751,78.1160806,,,residential,11.6852737,78.1167606
way/482588266,Unnamed Feature,road,11.686029,78.1187382,,,residential,11.6852737,78.1167606
way/482588268,Seetharaman Street,road,11.6822919,78.1153929,,,residential,11.6852737,78.1167606
way/482588270,Unnamed Feature,road,11.6874952,78.114915,,,residential,11.6852737,78.1167606
way/482588272,Unnamed Feature,road,11.6841746,78.1140807,,,residential,11.6852737,78.1167606
way/482588273,Unnamed Feature,road,11.6827301,78.1159211,,,residential,11.6852737,78.1167606
way/482588274,Unnamed Feature,road,11.6874926,78.1134914,,,residential,11.6852737,78.1167606
way/482588275,Unnamed Feature,road,11.683827,78.1161465,,,residential,11.6852737,78.1167606
way/482588276,Unnamed Feature,road,11.6865742,78.1146945,,,residential,11.6852737,78.1167606
way/482588277,Unnamed Feature,road,11.6855497,78.1188556,,,residential,11.6852737,78.1167606
way/482588278,Unnamed Feature,road,11.6862188,78.1135304,,,residential,11.6852737,78.1167606
way/482588279,Unnamed Feature,road,11.6841314,78.1114536,,,residential,11.6852737,78.1167606
way/482588280,Unnamed Feature,road,11.6886028,78.1179082,,,residential,11.6852737,78.1167606
way/482588281,Unnamed Feature,road,11.6849073,78.1176037,,,residential,11.6852737,78.1167606
way/482588282,Unnamed Feature,road,11.6871455,78.1171318,,,residential,11.6852737,78.1167606
way/482588283,Unnamed Feature,road,11.6847574,78.1172862,,,residential,11.6852737,78.1167606
way/482588284,Unnamed Feature,road,11.682949,78.1146231,,,residential,11.6852737,78.1167606
way/482588285,Unnamed Feature,road,11.6827755,78.1142777,,,residential,11.6852737,78.1167606
way/482588286,Unnamed Feature,road,11.6852945,78.116163,,,residential,11.6852737,78.1167606
way/482588287,Unnamed Feature,road,11.6849808,78.1173298,,,residential,11.6852737,78.1167606
way/482588288,Unnamed Feature,road,11.6833218,78.1152148,,,residential,11.6852737,78.1167606
way/482588290,Unnamed Feature,road,11.6818781,78.1140553,,,residential,11.6852737,78.1167606
way/482588291,Unnamed Feature,road,11.6836653,78.1155613,,,residential,11.6852737,78.1167606
way/482588292,Unnamed Feature,road,11.6865185,78.1133817,,,residential,11.6852737,78.1167606
way/482588293,Unnamed Feature,road,11.6886487,78.1153617,,,residential,11.6852737,78.1167606
way/482588296,Unnamed Feature,road,11.6863081,78.1142815,,,residential,11.6852737,78.1167606
way/482588297,Unnamed Feature,road,11.6857007,78.1158302,,,residential,11.6852737,78.1167606
way/482588298,Unnamed Feature,road,11.6845161,78.1154163,,,residential,11.6852737,78.1167606
way/482588299,Unnamed Feature,road,11.6864897,78.1194459,,,residential,11.6852737,78.1167606
way/482588300,Unnamed Feature,road,11.6869217,78.1180479,,,residential,11.6852737,78.1167606
way/482588307,Unnamed Feature,road,11.6819698,78.1137047,,,residential,11.6852737,78.1167606
way/482588308,Unnamed Feature,road,11.6830671,78.1160355,,,residential,11.6852737,78.1167606
way/482588309,Unnamed Feature,road,11.683608,78.1149626,,,residential,11.6852737,78.1167606
way/482588310,Unnamed Feature,road,11.6833073,78.1131855,,,residential,11.6852737,78.1167606
way/482588311,Unnamed Feature,road,11.6853416,78.1182305,,,residential,11.6852737,78.1167606
way/482588312,Unnamed Feature,road,11.6874654,78.1178804,,,residential,11.6852737,78.1167606
way/482588313,Unnamed Feature,road,11.6873103,78.1167856,,,residential,11.6852737,78.1167606
way/482588314,Unnamed Feature,road,11.6843804,78.1150179,,,residential,11.6852737,78.1167606
way/482588316,Unnamed Feature,road,11.6836665,78.1152785,,,residential,11.6852737,78.1167606
way/482588317,Unnamed Feature,road,11.6872177,78.1144637,,,residential,11.6852737,78.1167606
way/482588318,Unnamed Feature,road,11.6834607,78.1161138,,,residential,11.6852737,78.1167606
way/482588319,Unnamed Feature,road,11.6864517,78.1189063,,,residential,11.6852737,78.1167606
way/482588323,Unnamed Feature,road,11.683947,78.1146729,,,residential,11.6852737,78.1167606
way/482588324,Unnamed Feature,road,11.6831228,78.1126369,,,residential,11.6852737,78.1167606
way/482588326,Unnamed Feature,road,11.6848503,78.1179924,,,residential,11.6852737,78.1167606
way/482588328,Unnamed Feature,road,11.684705,78.1152469,,,residential,11.6852737,78.1167606
way/482588329,Unnamed Feature,road,11.6829956,78.1138677,,,residential,11.6852737,78.1167606
way/482588330,Unnamed Feature,road,11.6835217,78.112735,,,residential,11.6852737,78.1167606
way/482588331,Unnamed Feature,road,11.6847323,78.1121639,,,residential,11.6852737,78.1167606
way/482588332,Unnamed Feature,road,11.6857973,78.1187412,,,residential,11.6852737,78.1167606
way/482589239,Unnamed Feature,road,11.6847341,78.1132956,,,residential,11.6852737,78.1167606
way/482589253,Unnamed Feature,road,11.6842648,78.1129485,,,residential,11.6852737,78.1167606
way/482589256,Unnamed Feature,road,11.6841588,78.1123056,,,residential,11.6852737,78.1167606
way/482589263,Unnamed Feature,road,11.6850595,78.1124356,,,residential,11.6852737,78.1167606
way/482589270,Unnamed Feature,road,11.6851932,78.1117227,,,residential,11.6852737,78.1167606
way/482589275,Unnamed Feature,road,11.6853608,78.1125002,,,residential,11.6852737,78.1167606
way/482589277,Unnamed Feature,road,11.6849585,78.1134421,,,residential,11.6852737,78.1167606
way/482589283,Unnamed Feature,road,11.685627,78.1124238,,,residential,11.6852737,78.1167606
way/482589284,Unnamed Feature,road,11.6855094,78.1127932,,,residential,11.6852737,78.1167606
way/1008404669,Unnamed Feature,road,11.688798,78.1186177,,,residential,11.6852737,78.1167606
way/1079361340,Unnamed Feature,road,11.6859509,78.1191379,,,residential,11.6852737,78.1167606
way/1079361341,Unnamed Feature,road,11.6851539,78.1193961,,,residential,11.6852737,78.1167606
way/1079361342,Unnamed Feature,road,11.6852763,78.119165,,,residential,11.6852737,78.1167606
way/1127495881,Unnamed Feature,road,11.680355,78.1139594,,,primary,11.6852737,78.1167606
way/1132681437,Unnamed Feature,road,11.6867217,78.1195871,,,residential,11.6852737,78.1167606
way/1240993859,Jagir Ammapalayam - Tharamangalam Road,road,11.6850485,78.1194428,,,primary,11.6852737,78.1167606
way/1243950972,Unnamed Feature,road,11.6828876,78.1169971,,,primary,11.6852737,78.1167606
way/1246889993,Unnamed Feature,road,11.6819589,78.1159551,,,primary,11.6852737,78.1167606
way/1320811500,Unnamed Feature,road,11.6863477,78.1209378,,,trunk,11.6852737,78.1167606
way/1320811501,Unnamed Feature,road,11.6862841,78.1208814,,,trunk,11.6852737,78.1167606
way/1349265158,Unnamed Feature,road,11.6880444,78.1191329,,,trunk_link,11.6852737,78.1167606
way/1349265159,Unnamed Feature,road,11.6886605,78.118779,,,trunk_link,11.6852737,78.1167606
way/1349265160,Unnamed Feature,road,11.6882939,78.1186929,,,trunk_link,11.6852737,78.1167606
way/1530170923,Jagir Ammapalayam - Tharamangalam Road,road,11.6862927,78.1209266,,,primary,11.6852737,78.1167606
node/4305472891,Thriveni Cars,shop_car,11.6711935,78.1172712,,car,,11.6702737,78.1167606
node/4878938455,Sree Ananda Bhavan,restaurant,11.6720425,78.1133679,restaurant,,,11.6702737,78.1167606
node/7262945620,M.J. Hospital,healthcare,11.6689574,78.1209471,hospital,,,11.6702737,78.1167606
node/7262945643,"Sai Ram Ivf & Infertility Centre And Clinic, Salem",healthcare,11.6736593,78.1168195,clinic,,,11.6702737,78.1167606
node/10968036588,Deputy Superintendent of Police,office,11.6711437,78.1130627,,,,11.6702737,78.1167606
node/11384917313,Salem Junction,bus_stop,11.6701438,78.114414,,,bus_stop,11.6702737,78.1167606
node/13184034175,Catering Stall,shop_kiosk,11.6701959,78.1133816,,kiosk,,11.6702737,78.1167606
node/13184057782,Food stall,shop_kiosk,11.6716322,78.1128369,,kiosk,,11.6702737,78.1167606
node/13184074249,Chettinad Mobiles,shop_mobile_phone,11.670217,78.1133696,,mobile_phone,,11.6702737,78.1167606
node/13184075108,Relaxation Massage Chair,shop_massage,11.6703136,78.1133977,,massage,,11.6702737,78.1167606
node/13184075109,IRCTC Restaurant,restaurant,11.6703509,78.1133308,restaurant,,,11.6702737,78.1167606
node/13184077546,IRCTC Food takeaway counter,shop_kiosk,11.670556,78.113255,,kiosk,,11.6702737,78.1167606
way/28561606,Salem Junction - Yercaud Road,road,11.6732005,78.1217458,,,primary,11.6702737,78.1167606
way/28561666,Pallapatti - Suramangalam Road,road,11.6691263,78.1202524,,,primary,11.6702737,78.1167606
way/31857713,Unnamed Feature,road,11.673149,78.1150538,,,residential,11.6702737,78.1167606
way/52639380,Unnamed Feature,road,11.6724555,78.1158824,,,residential,11.6702737,78.1167606
way/52639381,Dharma Nagar 1st Street,road,11.6716973,78.1159032,,,residential,11.6702737,78.1167606
way/52639390,Unnamed Feature,road,11.673295,78.1188444,,,residential,11.6702737,78.1167606
way/52639391,Unnamed Feature,road,11.673692,78.121134,,,residential,11.6702737,78.1167606
way/208361852,Unnamed Feature,road,11.6748529,78.1150117,,,residential,11.6702737,78.1167606
way/208361868,Unnamed Feature,road,11.666832,78.1175843,,,residential,11.6702737,78.1167606
way/208361887,Unnamed Feature,road,11.668261,78.1164016,,,residential,11.6702737,78.1167606
way/208361889,Unnamed Feature,road,11.6737092,78.1149637,,,residential,11.6702737,78.1167606
way/208361891,Unnamed Feature,road,11.6741863,78.114269,,,residential,11.6702737,78.1167606
way/208361899,Unnamed Feature,road,11.666564,78.1164862,,,residential,11.6702737,78.1167606
way/208361901,Unnamed Feature,road,11.6677877,78.1206958,,,residential,11.6702737,78.1167606
way/208361907,Unnamed Feature,road,11.6670812,78.1176174,,,residential,11.6702737,78.1167606
way/208361909,Unnamed Feature,road,11.6743511,78.1153433,,,residential,11.6702737,78.1167606
way/208361910,Unnamed Feature,road,11.6673919,78.1206316,,,residential,11.6702737,78.1167606
way/208361914,Unnamed Feature,road,11.6665924,78.1191011,,,residential,11.6702737,78.1167606
way/208361915,Unnamed Feature,road,11.6727029,78.1160299,,,residential,11.6702737,78.1167606
way/208361919,Unnamed Feature,road,11.6762233,78.1159719,,,residential,11.6702737,78.1167606
way/208361932,Unnamed Feature,road,11.6678576,78.1175193,,,residential,11.6702737,78.1167606
way/208361935,Unnamed Feature,road,11.6675496,78.1166635,,,residential,11.6702737,78.1167606
way/208361939,Unnamed Feature,road,11.6749346,78.1167714,,,residential,11.6702737,78.1167606
way/208361940,Unnamed Feature,road,11.6696251,78.1179068,,,residential,11.6702737,78.1167606
way/208361941,Unnamed Feature,road,11.6743112,78.1167078,,,residential,11.6702737,78.1167606
way/208361944,Unnamed Feature,road,11.6684266,78.1201702,,,residential,11.6702737,78.1167606
way/208361948,Unnamed Feature,road,11.6676843,78.1180243,,,residential,11.6702737,78.1167606
way/208361949,Unnamed Feature,road,11.6687106,78.1164964,,,residential,11.6702737,78.1167606
way/208361961,Unnamed Feature,road,11.6670541,78.1203872,,,residential,11.6702737,78.1167606
way/208361966,Unnamed Feature,road,11.6682662,78.1164505,,,residential,11.6702737,78.1167606
way/208361981,Unnamed Feature,road,11.6668188,78.1169544,,,residential,11.6702737,78.1167606
way/208361986,Unnamed Feature,road,11.6680684,78.1178299,,,residential,11.6702737,78.1167606
way/208361990,Unnamed Feature,road,11.6687442,78.1165051,,,residential,11.6702737,78.1167606
way/208361993,Unnamed Feature,road,11.6642683,78.1159028,,,tertiary,11.6702737,78.1167606
way/208361995,Unnamed Feature,road,11.6749624,78.1143642,,,residential,11.6702737,78.1167606
way/208362014,Unnamed Feature,road,11.6675632,78.1156003,,,residential,11.6702737,78.1167606
way/208362018,Unnamed Feature,road,11.6675848,78.1194997,,,residential,11.6702737,78.1167606
way/208362024,Unnamed Feature,road,11.6735842,78.116296,,,residential,11.6702737,78.1167606
way/309127279,Unnamed Feature,road,11.6687858,78.1205784,,,residential,11.6702737,78.1167606
way/309127282,Unnamed Feature,road,11.6681571,78.1207558,,,residential,11.6702737,78.1167606
way/309127285,Unnamed Feature,road,11.6673838,78.1185468,,,residential,11.6702737,78.1167606
way/309127286,Unnamed Feature,road,11.6666247,78.1160685,,,residential,11.6702737,78.1167606
way/309127287,Unnamed Feature,road,11.6671922,78.1163223,,,residential,11.6702737,78.1167606
way/309127289,Unnamed Feature,road,11.6678379,78.1202138,,,residential,11.6702737,78.1167606
way/309127291,Unnamed Feature,road,11.6667544,78.1165104,,,residential,11.6702737,78.1167606
way/309127296,Unnamed Feature,road,11.669387,78.1156602,,,residential,11.6702737,78.1167606
way/309127298,Unnamed Feature,road,11.6674606,78.1169838,,,residential,11.6702737,78.1167606
way/309127299,Unnamed Feature,road,11.6665761,78.1186111,,,residential,11.6702737,78.1167606
way/309127300,Unnamed Feature,road,11.66806,78.1161687,,,residential,11.6702737,78.1167606
way/372965911,Unnamed Feature,road,11.6664736,78.1155347,,,unclassified,11.6702737,78.1167606
way/481329168,Unnamed Feature,road,11.6722934,78.1175753,,,residential,11.6702737,78.1167606
way/481329172,Unnamed Feature,road,11.6736148,78.1153949,,,residential,11.6702737,78.1167606
way/481329195,Unnamed Feature,road,11.6742966,78.1164148,,,residential,11.6702737,78.1167606
way/481329199,Unnamed Feature,road,11.6724296,78.1179497,,,residential,11.6702737,78.1167606
way/481329200,Unnamed Feature,road,11.6724573,78.1139984,,,residential,11.6702737,78.1167606
way/481329202,Unnamed Feature,road,11.6726626,78.113499,,,residential,11.6702737,78.1167606
way/481329203,Unnamed Feature,road,11.6709368,78.1147332,,,residential,11.6702737,78.1167606
way/481329209,Unnamed Feature,road,11.6717537,78.114785,,,residential,11.6702737,78.1167606
way/481329216,Unnamed Feature,road,11.6714704,78.1144024,,,residential,11.6702737,78.1167606
way/481329225,Unnamed Feature,road,11.6709336,78.1148858,,,residential,11.6702737,78.1167606
way/481329248,Unnamed Feature,road,11.6734988,78.1202746,,,residential,11.6702737,78.1167606
way/481329298,Unnamed Feature,road,11.6727388,78.117951,,,residential,11.6702737,78.1167606
way/481329311,Unnamed Feature,road,11.6726862,78.1140514,,,residential,11.6702737,78.1167606
way/481329315,Unnamed Feature,road,11.6722345,78.1141071,,,residential,11.6702737,78.1167606
way/481329341,Unnamed Feature,road,11.673563,78.1140095,,,residential,11.6702737,78.1167606
way/964017319,Junction Road,road,11.6743004,78.112561,,,primary,11.6702737,78.1167606
way/981470918,Unnamed Feature,road,11.6712956,78.1185689,,,unclassified,11.6702737,78.1167606
way/981470919,Unnamed Feature,road,11.6714675,78.1190846,,,unclassified,11.6702737,78.1167606
way/1089836599,Unnamed Feature,road,11.6729753,78.1209011,,,primary,11.6702737,78.1167606
way/1089836600,Salem Junction - Yercaud Road,road,11.6703507,78.1149922,,,primary,11.6702737,78.1167606
way/1089836601,Unnamed Feature,road,11.6711857,78.1168778,,,residential,11.6702737,78.1167606
way/1089836602,Unnamed Feature,road,11.6729778,78.1204385,,,residential,11.6702737,78.1167606
way/1089836606,Unnamed Feature,road,11.6713768,78.1173707,,,primary,11.6702737,78.1167606
way/1120323844,Unnamed Feature,road,11.6683082,78.120308,,,residential,11.6702737,78.1167606
way/1122230416,Unnamed Feature,road,11.6705884,78.1152225,,,residential,11.6702737,78.1167606
way/1134755995,Unnamed Feature,road,11.6682476,78.1207983,,,residential,11.6702737,78.1167606
way/1188625417,Unnamed Feature,road,11.6691747,78.1203043,,,primary,11.6702737,78.1167606
way/1188625418,Unnamed Feature,road,11.6700483,78.1190206,,,tertiary,11.6702737,78.1167606
way/1188625419,Unnamed Feature,road,11.6693303,78.1206045,,,primary_link,11.6702737,78.1167606
way/1196741710,Unnamed Feature,road,11.6660797,78.1159366,,,residential,11.6702737,78.1167606
way/1214250729,Unnamed Feature,road,11.6674635,78.1192871,,,residential,11.6702737,78.1167606
way/1214250730,Unnamed Feature,road,11.6681069,78.118993,,,residential,11.6702737,78.1167606
way/1214252417,Unnamed Feature,road,11.665736,78.1175683,,,residential,11.6702737,78.1167606
way/1214252418,Unnamed Feature,road,11.6664409,78.1177524,,,residential,11.6702737,78.1167606
way/1214252419,Unnamed Feature,road,11.6665864,78.1173366,,,residential,11.6702737,78.1167606
way/1214252420,Unnamed Feature,road,11.6661102,78.1166057,,,residential,11.6702737,78.1167606
way/1214252421,Unnamed Feature,road,11.6662647,78.1164492,,,residential,11.6702737,78.1167606
way/1214252422,Unnamed Feature,road,11.665942,78.1164676,,,residential,11.6702737,78.1167606
way/1214252423,Unnamed Feature,road,11.6671666,78.117902,,,residential,11.6702737,78.1167606
way/1214252424,Unnamed Feature,road,11.6687978,78.1178038,,,residential,11.6702737,78.1167606
way/1214252425,Unnamed Feature,road,11.6691126,78.1171363,,,residential,11.6702737,78.1167606
way/1214252426,Unnamed Feature,road,11.6682501,78.117182,,,residential,11.6702737,78.1167606
way/1214252427,Unnamed Feature,road,11.6699519,78.1185629,,,residential,11.6702737,78.1167606
way/1214252428,Unnamed Feature,road,11.6700967,78.1155803,,,residential,11.6702737,78.1167606
way/1214252429,Unnamed Feature,road,11.6674079,78.1153216,,,residential,11.6702737,78.1167606
way/1214253057,Unnamed Feature,road,11.6697749,78.1180854,,,residential,11.6702737,78.1167606
way/1227711040,Salem Junction,road,11.6703357,78.1142096,,,service,11.6702737,78.1167606
way/1296280174,Maruti Suzuki ARENA (Thriveni Car Company),shop_car,11.6719681,78.1194458,,car,,11.6702737,78.1167606
way/1366741574,Unnamed Feature,road,11.6720461,78.1133861,,,path,11.6702737,78.1167606
way/1366741575,Unnamed Feature,road,11.6721098,78.113166,,,path,11.6702737,78.1167606
way/1366741576,Unnamed Feature,road,11.6720468,78.112647,,,path,11.6702737,78.1167606
way/1370266067,Salem Junction,road,11.6706189,78.1140768,,,service,11.6702737,78.1167606
way/1370266068,Unnamed Feature,road,11.6710452,78.113856,,,service,11.6702737,78.1167606
way/1370477071,Unnamed Feature,road,11.6721092,78.1130411,,,path,11.6702737,78.1167606
way/1370477072,Unnamed Feature,road,11.6720409,78.1128316,,,path,11.6702737,78.1167606
way/1370477073,Unnamed Feature,road,11.6720246,78.1130816,,,path,11.6702737,78.1167606
way/1370477074,Unnamed Feature,road,11.6719326,78.1127216,,,path,11.6702737,78.1167606
way/1370477075,Unnamed Feature,road,11.6719128,78.1126775,,,path,11.6702737,78.1167606
way/1370477076,Unnamed Feature,road,11.6718375,78.1124605,,,path,11.6702737,78.1167606
way/1371099460,Unnamed Feature,road,11.6725894,78.1127202,,,path,11.6702737,78.1167606
way/1434649159,Railway Underpass,road,11.6704016,78.1135333,,,footway,11.6702737,78.1167606
way/1434649160,Railway Underpass,road,11.6702742,78.1132134,,,footway,11.6702737,78.1167606
way/1434649161,Railway Underpass,road,11.6702987,78.1132748,,,footway,11.6702737,78.1167606
way/1434649162,Unnamed Feature,road,11.6702819,78.1131701,,,steps,11.6702737,78.1167606
way/1434649163,Unnamed Feature,road,11.6704324,78.1135795,,,steps,11.6702737,78.1167606
way/1434649164,Unnamed Feature,road,11.6703537,78.1133655,,,steps,11.6702737,78.1167606
way/1434649165,Unnamed Feature,road,11.6705162,78.1137558,,,steps,11.6702737,78.1167606
way/197120808,Unnamed Feature,road,11.4018604,78.177328,,,residential,11.4042039,78.17576299999999
way/1336418918,Unnamed Feature,road,11.4011085,78.1834314,,,unclassified,11.4042039,78.17576299999999
way/1336418919,Unnamed Feature,road,11.4003716,78.1728203,,,unclassified,11.4042039,78.17576299999999
way/965363742,Unnamed Feature,road,11.4430189,78.171942,,,unclassified,11.4512338,78.17095760000001
way/1013260870,Unnamed Feature,road,11.4561873,78.1706402,,,residential,11.4512338,78.17095760000001
way/1013260910,Mallikkarai - Rasipuram - Thiruchengode - Erode Road,road,11.4506438,78.1669876,,,primary,11.4512338,78.17095760000001
way/1222148852,Unnamed Feature,road,11.4567919,78.171402,,,residential,11.4512338,78.17095760000001
way/1222148853,Unnamed Feature,road,11.455593,78.1716221,,,residential,11.4512338,78.17095760000001
way/1222148855,Unnamed Feature,road,11.4556211,78.1698099,,,service,11.4512338,78.17095760000001
way/1222148857,Unnamed Feature,road,11.4553333,78.1690493,,,service,11.4512338,78.17095760000001
way/1222148861,Unnamed Feature,road,11.4541118,78.1686924,,,residential,11.4512338,78.17095760000001
way/1222148862,Unnamed Feature,road,11.4556493,78.1674269,,,residential,11.4512338,78.17095760000001
way/1222149365,Unnamed Feature,road,11.4534044,78.1712038,,,residential,11.4512338,78.17095760000001
way/1222149366,Unnamed Feature,road,11.4533307,78.1709398,,,residential,11.4512338,78.17095760000001
way/1222149367,Unnamed Feature,road,11.4526229,78.1707452,,,residential,11.4512338,78.17095760000001
way/1222149368,Unnamed Feature,road,11.4539094,78.1721132,,,residential,11.4512338,78.17095760000001
way/1222149369,Unnamed Feature,road,11.4547167,78.1733344,,,residential,11.4512338,78.17095760000001
way/1222149370,Unnamed Feature,road,11.453788,78.1737049,,,residential,11.4512338,78.17095760000001
way/1222149371,Unnamed Feature,road,11.4535935,78.1737109,,,residential,11.4512338,78.17095760000001
way/1222149372,Unnamed Feature,road,11.4535547,78.1730525,,,residential,11.4512338,78.17095760000001
way/1222149540,Unnamed Feature,road,11.454589,78.1747684,,,residential,11.4512338,78.17095760000001
way/1222149541,Unnamed Feature,road,11.4533393,78.1747915,,,residential,11.4512338,78.17095760000001
way/1222149542,Unnamed Feature,road,11.4513791,78.1746565,,,residential,11.4512338,78.17095760000001
way/1333667760,Unnamed Feature,road,11.4473342,78.1717836,,,unclassified,11.4512338,78.17095760000001
way/1333667761,Unnamed Feature,road,11.4494827,78.171046,,,unclassified,11.4512338,78.17095760000001
way/1333667762,Unnamed Feature,road,11.4494965,78.1736382,,,unclassified,11.4512338,78.17095760000001
way/1333667763,Unnamed Feature,road,11.4507068,78.1740597,,,unclassified,11.4512338,78.17095760000001
way/1333667764,Unnamed Feature,road,11.4510129,78.1740893,,,unclassified,11.4512338,78.17095760000001
way/1333667765,Unnamed Feature,road,11.4524552,78.1703091,,,residential,11.4512338,78.17095760000001
way/1333667766,Unnamed Feature,road,11.4517726,78.1676504,,,unclassified,11.4512338,78.17095760000001
way/1333667767,Unnamed Feature,road,11.4507773,78.168932,,,unclassified,11.4512338,78.17095760000001
way/1333667768,Unnamed Feature,road,11.4508142,78.1693655,,,unclassified,11.4512338,78.17095760000001
way/1333667769,Unnamed Feature,road,11.4516486,78.1690351,,,unclassified,11.4512338,78.17095760000001
way/1333667770,Unnamed Feature,road,11.4518165,78.1691058,,,unclassified,11.4512338,78.17095760000001
way/1333667771,Unnamed Feature,road,11.4511965,78.1691302,,,unclassified,11.4512338,78.17095760000001
way/1333667772,Unnamed Feature,road,11.4492663,78.1713256,,,unclassified,11.4512338,78.17095760000001
way/1333667773,Unnamed Feature,road,11.4488436,78.1713151,,,unclassified,11.4512338,78.17095760000001
way/1333667774,Unnamed Feature,road,11.4490795,78.1712169,,,unclassified,11.4512338,78.17095760000001
way/1333667775,Unnamed Feature,road,11.4486792,78.1733269,,,unclassified,11.4512338,78.17095760000001
way/1333667777,Unnamed Feature,road,11.4469592,78.1715382,,,residential,11.4512338,78.17095760000001
way/1338508685,Unnamed Feature,road,11.4534937,78.165346,,,residential,11.4512338,78.17095760000001
way/1338508696,Unnamed Feature,road,11.4461311,78.1667282,,,unclassified,11.4512338,78.17095760000001
node/337516320,Sri Angannan Briyani Hotel,restaurant,10.9977025,76.9615688,restaurant,,,11.0,76.96
node/1474491024,corporation Girls High school,education,10.9955422,76.9601082,school,,,11.0,76.96
node/1474818962,CHENNAI SILKS,shop_clothes,10.9963631,76.9602814,,clothes,,11.0,76.96
node/1474818981,NELLAI LALA,shop_confectionery,10.9966895,76.9588814,,confectionery,,11.0,76.96
node/1474818989,Unnamed Feature,bus_stop,10.9967735,76.9589148,,,bus_stop,11.0,76.96
node/3964515538,Elite Furniture Mart,shop_furniture,10.9977678,76.962161,,furniture,,11.0,76.96
node/6914937646,Sri Ramana Hospital,healthcare,10.9972817,76.9598213,hospital,,,11.0,76.96
way/29984343,Sukrawarpettai Mill Road,road,11.0002951,76.957502,,,trunk,11.0,76.96
way/30919012,Rangai Gounder Street,road,10.9934595,76.9582338,,,residential,11.0,76.96
way/62288325,Sukrawarpettai Mill Road,road,10.9999405,76.9544667,,,tertiary,11.0,76.96
way/66252738,Goods Shed Road,road,10.9973265,76.9653737,,,secondary,11.0,76.96
way/131290321,Thomas Street,road,10.9960008,76.9554296,,,residential,11.0,76.96
way/134097162,Unnamed Feature,road,10.9983236,76.9595281,,,residential,11.0,76.96
way/134097190,Ismail Rovuthar Street,road,10.9967449,76.9621595,,,residential,11.0,76.96
way/134137175,Edaiyar Street,road,10.9970832,76.9553533,,,tertiary,11.0,76.96
way/134137177,Variety Hall Road,road,10.9978846,76.9625151,,,tertiary,11.0,76.96
way/134917704,Unnamed Feature,road,10.9988276,76.9549525,,,residential,11.0,76.96
way/134923595,Unnamed Feature,road,11.0011246,76.9550513,,,residential,11.0,76.96
way/153816287,Rangai Gouder Street,road,10.9987219,76.9572561,,,residential,11.0,76.96
way/374742895,Unnamed Feature,road,10.9970681,76.9617405,,,residential,11.0,76.96
way/374742896,Unnamed Feature,road,10.9966542,76.962744,,,residential,11.0,76.96
way/374742899,Unnamed Feature,road,10.9956119,76.9584715,,,residential,11.0,76.96
way/374742900,Unnamed Feature,road,10.9974949,76.9614002,,,residential,11.0,76.96
way/374742901,Unnamed Feature,road,10.997139,76.9610467,,,residential,11.0,76.96
way/374742902,Unnamed Feature,road,10.9971561,76.9606535,,,residential,11.0,76.96
way/374742904,Unnamed Feature,road,10.996604,76.9617225,,,residential,11.0,76.96
way/374742906,Unnamed Feature,road,10.9988939,76.9638656,,,residential,11.0,76.96
way/374784185,Unnamed Feature,education,10.996211,76.9626716,school,,,11.0,76.96
way/374785130,Unnamed Feature,road,10.9986836,76.9579466,,,unclassified,11.0,76.96
way/374785132,Unnamed Feature,road,10.9993493,76.959392,,,living_street,11.0,76.96
way/374785134,Unnamed Feature,road,10.9981388,76.9603854,,,residential,11.0,76.96
way/374785138,Unnamed Feature,road,10.9992803,76.960274,,,residential,11.0,76.96
way/374785139,Unnamed Feature,road,10.9985104,76.9603503,,,unclassified,11.0,76.96
way/374785146,Unnamed Feature,road,10.9991346,76.9575262,,,unclassified,11.0,76.96
way/377992176,Unnamed Feature,road,10.9985859,76.9619777,,,residential,11.0,76.96
way/744212578,Unnamed Feature,road,11.0007507,76.9562269,,,residential,11.0,76.96
way/908257535,Mettupalayam Road,road,11.0008444,76.9567415,,,trunk,11.0,76.96
way/910713065,Unnamed Feature,road,10.9993167,76.955709,,,residential,11.0,76.96
way/913071904,Unnamed Feature,road,11.0020003,76.9557802,,,residential,11.0,76.96
way/914622101,Unnamed Feature,road,10.9960307,76.9601164,,,residential,11.0,76.96
way/993568917,Unnamed Feature,road,10.9984411,76.9559905,,,residential,11.0,76.96
way/993577213,Unnamed Feature,road,10.9974273,76.964036,,,residential,11.0,76.96
way/993577214,Unnamed Feature,road,10.9976292,76.9620591,,,residential,11.0,76.96
way/1089379753,Unnamed Feature,road,10.9983257,76.9641511,,,service,11.0,76.96
way/1112233138,Unnamed Feature,road,10.9974621,76.9560862,,,residential,11.0,76.96
way/1124055452,Unnamed Feature,road,11.0015666,76.9560465,,,residential,11.0,76.96
way/1227932033,Unnamed Feature,road,10.9985604,76.9641513,,,service,11.0,76.96
way/1229279892,Unnamed Feature,road,10.9992037,76.9565335,,,living_street,11.0,76.96
way/1266001679,Unnamed Feature,road,10.9997094,76.9602709,,,residential,11.0,76.96
way/1316883072,Goods Shed Road Flyover,road,11.0003383,76.963577,,,secondary,11.0,76.96
way/1338514048,Unnamed Feature,road,10.9979308,76.9639686,,,residential,11.0,76.96
way/1338514051,Unnamed Feature,road,10.9994094,76.9632175,,,residential,11.0,76.96
way/1338514052,Unnamed Feature,road,10.9997654,76.9633142,,,residential,11.0,76.96
way/1338514053,Unnamed Feature,road,10.9987461,76.9621279,,,residential,11.0,76.96
way/1338514054,Unnamed Feature,road,10.9993414,76.9608936,,,residential,11.0,76.96
way/1338514055,Unnamed Feature,road,10.9988424,76.9617925,,,residential,11.0,76.96
way/1338514056,Unnamed Feature,road,10.9986455,76.9618045,,,residential,11.0,76.96
way/1338514057,Unnamed Feature,road,10.9984251,76.9621738,,,residential,11.0,76.96
way/1338514058,Unnamed Feature,road,10.9984213,76.9617159,,,residential,11.0,76.96
way/1338514059,Unnamed Feature,road,10.9987491,76.9615212,,,residential,11.0,76.96
way/1338514060,Unnamed Feature,road,10.9989864,76.9617562,,,residential,11.0,76.96
way/1338514061,Unnamed Feature,road,10.9988498,76.9594155,,,residential,11.0,76.96
way/1338514062,Unnamed Feature,road,10.9982994,76.9594893,,,residential,11.0,76.96
way/1338514063,Unnamed Feature,road,10.9987729,76.960111,,,residential,11.0,76.96
way/1338514064,Unnamed Feature,road,10.9990552,76.9600937,,,residential,11.0,76.96
way/1338514065,Unnamed Feature,road,10.9990747,76.9605888,,,residential,11.0,76.96
way/1338514066,Unnamed Feature,road,10.9984301,76.9565422,,,residential,11.0,76.96
way/1338514067,Unnamed Feature,road,10.9982025,76.9560512,,,residential,11.0,76.96
way/1338514068,Unnamed Feature,road,10.9983823,76.9556295,,,residential,11.0,76.96
way/1338514070,Unnamed Feature,road,10.9975783,76.9570038,,,residential,11.0,76.96
way/1338514071,Unnamed Feature,road,10.9968879,76.9569282,,,residential,11.0,76.96
way/1338514072,Unnamed Feature,road,10.9966366,76.9572478,,,residential,11.0,76.96
way/1338514074,Unnamed Feature,road,11.0006721,76.9553622,,,residential,11.0,76.96
way/1338514075,Unnamed Feature,road,11.0010606,76.956205,,,residential,11.0,76.96
way/1338514076,Unnamed Feature,road,11.0008886,76.9566215,,,residential,11.0,76.96
way/1338514078,Unnamed Feature,road,11.0005666,76.9565595,,,residential,11.0,76.96
way/1338534550,Unnamed Feature,road,10.9961354,76.9612493,,,residential,11.0,76.96
way/1338534551,Unnamed Feature,road,10.9972567,76.9604307,,,residential,11.0,76.96
way/1338534555,Unnamed Feature,road,11.0004592,76.9631588,,,residential,11.0,76.96
way/1423471887,Unnamed Feature,road,11.0014313,76.9563333,,,residential,11.0,76.96
node/7161554511,vetri vikas school,office,11.456166,78.1750179,,,,11.4562338,78.1759576
node/10188898650,Sudha Hospital,healthcare,11.4555773,78.1760125,hospital,,,11.4562338,78.1759576
way/1013260866,Unnamed Feature,road,11.462938,78.1768606,,,residential,11.4562338,78.1759576
way/1013260867,Unnamed Feature,road,11.4598256,78.1721772,,,residential,11.4562338,78.1759576
way/1013260869,Unnamed Feature,road,11.4607772,78.1721853,,,residential,11.4562338,78.1759576
way/1013260911,Mallikkarai - Rasipuram - Thiruchengode - Erode Road,road,11.4558634,78.1779966,,,primary,11.4562338,78.1759576
way/1221972653,Unnamed Feature,road,11.4628058,78.1744921,,,track,11.4562338,78.1759576
way/1222149543,Unnamed Feature,road,11.4541544,78.1759806,,,residential,11.4562338,78.1759576
way/1222149545,Unnamed Feature,road,11.4557468,78.1766611,,,residential,11.4562338,78.1759576
way/1222149546,Unnamed Feature,road,11.4556887,78.1787914,,,residential,11.4562338,78.1759576
way/1222149547,Unnamed Feature,road,11.4557038,78.1786202,,,residential,11.4562338,78.1759576
way/1222149548,Unnamed Feature,road,11.4557096,78.178468,,,residential,11.4562338,78.1759576
way/1222149667,Unnamed Feature,road,11.4571787,78.1742985,,,residential,11.4562338,78.1759576
way/1222149668,Unnamed Feature,road,11.4565143,78.1744932,,,residential,11.4562338,78.1759576
way/1222149669,Unnamed Feature,road,11.4571299,78.1753493,,,residential,11.4562338,78.1759576
way/1222151143,Unnamed Feature,road,11.4577224,78.180221,,,residential,11.4562338,78.1759576
way/1222151144,Unnamed Feature,road,11.459127,78.1793164,,,service,11.4562338,78.1759576
way/1222151146,Unnamed Feature,road,11.4592996,78.1794579,,,service,11.4562338,78.1759576
way/1222151147,Unnamed Feature,road,11.4589393,78.1794318,,,service,11.4562338,78.1759576
way/1222153433,Unnamed Feature,road,11.4565891,78.1803992,,,residential,11.4562338,78.1759576
way/1222153434,Unnamed Feature,road,11.4566505,78.179863,,,residential,11.4562338,78.1759576
way/1222153435,Unnamed Feature,road,11.4574342,78.1807577,,,residential,11.4562338,78.1759576
node/1784405202,American Hospital,bus_stop,10.8049536,78.686074,,,bus_stop,10.805,78.6856
node/4349265791,Grill Chicken,restaurant,10.806285,78.6842837,restaurant,,,10.805,78.6856
node/4349861866,Marrybrown,restaurant,10.8024945,78.6846151,fast_food,,,10.805,78.6856
node/4349861867,Friends Blood Bank,other,10.8015533,78.6840697,blood_bank,,,10.805,78.6856
node/4543308056,Fastrack,shop_watches,10.807259,78.6834039,,watches,,10.805,78.6856
node/4701650726,Poorvika Mobile Store,shop_mobile_phone,10.8041177,78.6870584,,mobile_phone,,10.805,78.6856
node/4701650727,BSNL,shop_mobile_phone,10.8021056,78.6885105,,mobile_phone,,10.805,78.6856
node/4832818692,Kavi motors Yamaha,shop_motorcycle,10.8023,78.684479,,motorcycle,,10.805,78.6856
node/4832818693,Indian Bank,bank,10.802468,78.68475,bank,,,10.805,78.6856
node/4832818695,Bread basket bakery,shop_bakery,10.8036559,78.6857997,,bakery,,10.805,78.6856
node/4832818696,Indian Overseas Bank,bank,10.8052877,78.685554,bank,,,10.805,78.6856
node/4832818698,Mobile store,shop_mobile_phone,10.8067432,78.6835251,,mobile_phone,,10.805,78.6856
node/6494325189,Child Jesus Hospital,healthcare,10.8051465,78.6865772,hospital,,,10.805,78.6856
node/6884772539,Child Jesus Hospital Blood Bank,other,10.8051863,78.686661,blood_bank,,,10.805,78.6856
node/6927581292,Al Ameen Nursing Home,healthcare,10.8074646,78.6873496,clinic,,,10.805,78.6856
node/6934162619,"Shyamala Nursing Home, Tiruchirappalli",healthcare,10.8028471,78.6845919,clinic,,,10.805,78.6856
node/9256594615,Ammikkal,restaurant,10.8042966,78.6864815,restaurant,,,10.805,78.6856
node/11044550281,SuXuS Mobile ServicsS,shop_mobile_phone,10.8033032,78.6884492,,mobile_phone,,10.805,78.6856
node/12972950169,Tanishq,shop_jewelry,10.8036956,78.6879985,,jewelry,,10.805,78.6856
node/12972962890,Padmakshi hospital,healthcare,10.8032623,78.6877965,hospital,,,10.805,78.6856
node/12972985852,Kay Jay Auto Unit,shop_car_parts,10.8035105,78.6877587,,car_parts,,10.805,78.6856
node/13003760767,BSNL customer service centre,shop_telecommunication,10.8026651,78.6883463,,telecommunication,,10.805,78.6856
node/13031427844,தலைமை பொறியாளர் அலுவலகம்,office,10.8082395,78.6845499,,,,10.805,78.6856
node/13757942101,Cake house,shop_bakery,10.804008,78.6826068,,bakery,,10.805,78.6856
node/13757942102,Sri Velan Pharmacy,pharmacy,10.8041336,78.6826127,pharmacy,,,10.805,78.6856
node/13757942201,Dr. Akila Skin Hair Laser clinic,healthcare,10.8041021,78.6826248,clinic,,,10.805,78.6856
node/13757967904,Blue Dart DHL,office,10.8039792,78.682613,,,,10.805,78.6856
node/13765768903,N.R. Brothers,shop_hardware,10.8041568,78.6870007,,hardware,,10.805,78.6856
node/13767480301,New Lips,shop_stationery,10.8039958,78.6877482,,stationery,,10.805,78.6856
node/14143817702,Axis bank,bank,10.8072633,78.6833148,bank,,,10.805,78.6856
node/14143820601,City Union Bank,bank,10.807392,78.6831537,bank,,,10.805,78.6856
way/70370191,Reynolds Road,road,10.8066299,78.6810913,,,unclassified,10.805,78.6856
way/100787181,Convent road,road,10.80419,78.6885843,,,tertiary,10.805,78.6856
way/198550473,Birds Road,road,10.8012378,78.6872956,,,unclassified,10.805,78.6856
way/198550474,Unnamed Feature,road,10.8042869,78.6867228,,,tertiary,10.805,78.6856
way/198550475,Unnamed Feature,road,10.8019915,78.6863935,,,residential,10.805,78.6856
way/198550476,Benwells Road,road,10.8047347,78.6837365,,,unclassified,10.805,78.6856
way/201744694,Reliance Mart,grocery_store,10.8072546,78.68137,,supermarket,,10.805,78.6856
way/204763534,Campion Anglo-Indian Higher Secondary School,education,10.8050939,78.6843134,school,,,10.805,78.6856
way/206049561,Unnamed Feature,road,10.8067601,78.6830936,,,residential,10.805,78.6856
way/206210667,Unnamed Feature,road,10.8079971,78.6822729,,,tertiary,10.805,78.6856
way/206238052,Bharathidasan Salai,road,10.805662,78.6850837,,,primary,10.805,78.6856
way/206266162,Unnamed Feature,road,10.80215,78.6869053,,,residential,10.805,78.6856
way/207310298,Unnamed Feature,road,10.8076517,78.687091,,,residential,10.805,78.6856
way/207310300,Unnamed Feature,road,10.8068354,78.6890063,,,residential,10.805,78.6856
way/207310303,Unnamed Feature,road,10.806282,78.6882766,,,residential,10.805,78.6856
way/207310304,Unnamed Feature,road,10.8103632,78.6860282,,,residential,10.805,78.6856
way/207310311,Unnamed Feature,road,10.8096022,78.6837841,,,service,10.805,78.6856
way/207310313,Unnamed Feature,road,10.8097974,78.6878136,,,residential,10.805,78.6856
way/207310322,Unnamed Feature,road,10.8073341,78.6894792,,,residential,10.805,78.6856
way/207310325,Unnamed Feature,road,10.807034,78.6890397,,,residential,10.805,78.6856
way/207310335,Unnamed Feature,road,10.8058696,78.6891125,,,residential,10.805,78.6856
way/207310336,Unnamed Feature,road,10.8058629,78.6888774,,,residential,10.805,78.6856
way/207310338,Unnamed Feature,road,10.8071134,78.6887895,,,residential,10.805,78.6856
way/207310354,Unnamed Feature,road,10.8069598,78.6893106,,,residential,10.805,78.6856
way/207310356,Unnamed Feature,road,10.8081831,78.6869166,,,residential,10.805,78.6856
way/207310360,Unnamed Feature,road,10.8074038,78.6892363,,,residential,10.805,78.6856
way/207310361,Unnamed Feature,road,10.8076903,78.6879125,,,residential,10.805,78.6856
way/207310382,Unnamed Feature,road,10.8058407,78.6898348,,,residential,10.805,78.6856
way/207310388,Unnamed Feature,road,10.8055447,78.6891854,,,residential,10.805,78.6856
way/207310398,Unnamed Feature,road,10.809571,78.6873852,,,residential,10.805,78.6856
way/207310399,Unnamed Feature,road,10.8068237,78.6899963,,,residential,10.805,78.6856
way/207310406,Unnamed Feature,road,10.8071785,78.689676,,,residential,10.805,78.6856
way/207310418,Unnamed Feature,road,10.806116,78.6892648,,,residential,10.805,78.6856
way/207310424,Unnamed Feature,road,10.8092405,78.6857964,,,residential,10.805,78.6856
way/207310427,Unnamed Feature,road,10.8093082,78.6854528,,,residential,10.805,78.6856
way/207310431,Unnamed Feature,road,10.8075239,78.6894908,,,residential,10.805,78.6856
way/207310433,Unnamed Feature,road,10.8074016,78.689233,,,residential,10.805,78.6856
way/207328871,Unnamed Feature,road,10.8091735,78.6869801,,,residential,10.805,78.6856
way/207449148,Alexandria Road,road,10.8030569,78.6819589,,,unclassified,10.805,78.6856
way/207449150,Warners Rd,road,10.8021238,78.6832219,,,unclassified,10.805,78.6856
way/207449157,Unnamed Feature,road,10.8031923,78.6869176,,,residential,10.805,78.6856
way/207449159,Unnamed Feature,road,10.803402,78.6870214,,,residential,10.805,78.6856
way/207449162,Unnamed Feature,road,10.8034729,78.6873612,,,residential,10.805,78.6856
way/207449165,Unnamed Feature,road,10.8018393,78.6844759,,,residential,10.805,78.6856
way/207449167,Unnamed Feature,road,10.8040148,78.6855536,,,residential,10.805,78.6856
way/207449168,Unnamed Feature,road,10.803799,78.6853062,,,residential,10.805,78.6856
way/207449172,Unnamed Feature,road,10.8042637,78.68978,,,residential,10.805,78.6856
way/207449174,Unnamed Feature,road,10.8019255,78.6850271,,,residential,10.805,78.6856
way/207449178,Unnamed Feature,road,10.8006827,78.6843256,,,residential,10.805,78.6856
way/207449180,Unnamed Feature,road,10.8045488,78.686031,,,residential,10.805,78.6856
way/207449188,Unnamed Feature,road,10.8065932,78.6898627,,,residential,10.805,78.6856
way/207449189,Unnamed Feature,road,10.8045596,78.6822544,,,residential,10.805,78.6856
way/207449195,Unnamed Feature,road,10.8044969,78.6888285,,,residential,10.805,78.6856
way/207449196,Unnamed Feature,road,10.803753,78.6829028,,,residential,10.805,78.6856
way/207449197,Unnamed Feature,road,10.8078314,78.6873749,,,residential,10.805,78.6856
way/207449200,Unnamed Feature,road,10.8014335,78.6809465,,,residential,10.805,78.6856
way/207449203,Unnamed Feature,road,10.8046336,78.6821804,,,residential,10.805,78.6856
way/207449207,Unnamed Feature,road,10.8063691,78.6877381,,,residential,10.805,78.6856
way/207449210,Unnamed Feature,road,10.8027943,78.6872281,,,residential,10.805,78.6856
way/210756391,Unnamed Feature,road,10.8029019,78.6848985,,,unclassified,10.805,78.6856
way/210995429,Warners road,road,10.8051465,78.682548,,,unclassified,10.805,78.6856
way/232595295,Unnamed Feature,road,10.8041271,78.6893326,,,residential,10.805,78.6856
way/232595296,Unnamed Feature,road,10.8043915,78.6897872,,,residential,10.805,78.6856
way/369881223,Bharathidasan Salai,road,10.8055467,78.6850435,,,primary,10.805,78.6856
way/456124571,Ministry Of Finance - Customs Central Excise & Service Tax,office,10.8029684,78.6857739,,,,10.805,78.6856
way/456124855,TABS Complex,shop_mall,10.8045348,78.6863771,,mall,,10.805,78.6856
way/456125055,Tiruchirappalli City Municipal Corporation,office,10.8064203,78.685499,,,,10.805,78.6856
way/607655099,Unnamed Feature,road,10.8074936,78.683397,,,residential,10.805,78.6856
way/607655101,Promenade Road,road,10.8074034,78.6840763,,,residential,10.805,78.6856
way/607655103,Unnamed Feature,road,10.8073737,78.685288,,,residential,10.805,78.6856
way/607655105,Unnamed Feature,road,10.8064753,78.6866369,,,residential,10.805,78.6856
way/607655647,Williams Road,road,10.8043689,78.6866328,,,tertiary,10.805,78.6856
way/625610378,Heber Street,road,10.8085366,78.6873105,,,tertiary,10.805,78.6856
way/693800987,Williams Road,road,10.8023549,78.6846857,,,tertiary,10.805,78.6856
way/730090730,Unnamed Feature,road,10.8082032,78.683297,,,tertiary,10.805,78.6856
way/730092635,Benwells Road,road,10.8028105,78.6848068,,,unclassified,10.805,78.6856
way/731008020,Unnamed Feature,road,10.8013822,78.6835466,,,unclassified,10.805,78.6856
way/731231342,Unnamed Feature,road,10.8087451,78.6835276,,,service,10.805,78.6856
way/731231343,Unnamed Feature,road,10.8085118,78.6825457,,,service,10.805,78.6856
way/731231345,Unnamed Feature,road,10.8093885,78.6830918,,,service,10.805,78.6856
way/731231347,Unnamed Feature,road,10.8088013,78.6821813,,,service,10.805,78.6856
way/731238115,Unnamed Feature,road,10.805419,78.6890796,,,residential,10.805,78.6856
way/731238116,Unnamed Feature,road,10.8054857,78.6885309,,,residential,10.805,78.6856
way/732810729,Unnamed Feature,road,10.8056526,78.6853127,,,primary_link,10.805,78.6856
way/816051076,Unnamed Feature,road,10.8012324,78.6846504,,,residential,10.805,78.6856
way/816051077,Unnamed Feature,road,10.8018427,78.6878786,,,residential,10.805,78.6856
way/816051078,Unnamed Feature,road,10.8046491,78.6889707,,,residential,10.805,78.6856
way/816066605,Unnamed Feature,road,10.806205,78.6816022,,,residential,10.805,78.6856
way/816066606,Unnamed Feature,road,10.8061604,78.6811603,,,residential,10.805,78.6856
way/816066607,Unnamed Feature,road,10.8042928,78.6847677,,,residential,10.805,78.6856
way/816066608,Unnamed Feature,road,10.8044609,78.6850488,,,residential,10.805,78.6856
way/816066609,Unnamed Feature,road,10.8033431,78.6838224,,,residential,10.805,78.6856
way/816070240,Unnamed Feature,road,10.809526,78.6842137,,,service,10.805,78.6856
way/816070241,Unnamed Feature,road,10.8090469,78.6849693,,,residential,10.805,78.6856
way/816070242,Unnamed Feature,road,10.8087911,78.6862593,,,residential,10.805,78.6856
way/816070243,Unnamed Feature,road,10.8088444,78.6876811,,,residential,10.805,78.6856
way/816084694,Unnamed Feature,road,10.8013515,78.6850332,,,residential,10.805,78.6856
way/816084698,Unnamed Feature,road,10.8034792,78.6850812,,,residential,10.805,78.6856
way/816120247,Unnamed Feature,road,10.80057,78.684657,,,residential,10.805,78.6856
way/816446838,Unnamed Feature,road,10.8094148,78.6860067,,,residential,10.805,78.6856
way/1059830965,Unnamed Feature,road,10.8060405,78.6855979,,,residential,10.805,78.6856
way/1096193589,Unnamed Feature,road,10.8080971,78.6833818,,,tertiary,10.805,78.6856
way/1130828954,Unnamed Feature,road,10.8009628,78.6868084,,,residential,10.805,78.6856
way/1229041039,Unnamed Feature,road,10.8024139,78.6815156,,,residential,10.805,78.6856
way/1229049908,Unnamed Feature,road,10.8048304,78.6815652,,,residential,10.805,78.6856
way/1229050649,Unnamed Feature,road,10.8033573,78.6868945,,,residential,10.805,78.6856
way/1231076810,Unnamed Feature,road,10.804464,78.6893587,,,residential,10.805,78.6856
way/1231079139,Unnamed Feature,road,10.8063439,78.6840617,,,residential,10.805,78.6856
way/1231079320,Unnamed Feature,road,10.8013879,78.68555,,,residential,10.805,78.6856
way/1231079327,Unnamed Feature,road,10.8076893,78.6852767,,,residential,10.805,78.6856
way/1391379618,Bharathidasan Salai,road,10.8017388,78.6894853,,,primary,10.805,78.6856
way/1391379619,Bharathidasan Salai,road,10.8018159,78.6895093,,,primary,10.805,78.6856
way/1535736388,Unnamed Feature,road,10.8026277,78.6822145,,,service,10.805,78.6856
node/313865729,Taluk Office,bus_stop,11.6767332,78.1635559,,,bus_stop,11.6778088,78.1645798
node/7262945640,Salem Medical Centre,healthcare,11.67607,78.163014,hospital,,,11.6778088,78.1645798
node/7840770104,KS Siddha Hospital,healthcare,11.6752685,78.1633063,hospital,,,11.6778088,78.1645798
node/7840837253,Sindhu Eye Care Centre,healthcare,11.6814684,78.1625895,clinic,,,11.6778088,78.1645798
node/9069628924,Court,bus_stop,11.6791355,78.1610112,,,bus_stop,11.6778088,78.1645798
node/9872118653,Court,bus_stop,11.679123,78.1610806,,,bus_stop,11.6778088,78.1645798
way/28573230,Court Road,road,11.6694311,78.16292,,,tertiary,11.6778088,78.1645798
way/207574582,Unnamed Feature,road,11.6745259,78.1641258,,,residential,11.6778088,78.1645798
way/207574590,Unnamed Feature,road,11.6737575,78.1646473,,,residential,11.6778088,78.1645798
way/207574595,Unnamed Feature,road,11.6741447,78.1647323,,,residential,11.6778088,78.1645798
way/207574603,Unnamed Feature,road,11.6743304,78.1660786,,,residential,11.6778088,78.1645798
way/207574613,Unnamed Feature,road,11.674363,78.166087,,,residential,11.6778088,78.1645798
way/207574617,Unnamed Feature,road,11.6750744,78.1639726,,,residential,11.6778088,78.1645798
way/207574619,Unnamed Feature,road,11.6744041,78.1639933,,,residential,11.6778088,78.1645798
way/207574626,Unnamed Feature,road,11.6740911,78.163748,,,residential,11.6778088,78.1645798
way/207574627,Unnamed Feature,road,11.6746505,78.1648583,,,residential,11.6778088,78.1645798
way/207574643,Unnamed Feature,road,11.6750467,78.1642658,,,residential,11.6778088,78.1645798
way/207574644,Unnamed Feature,road,11.6747688,78.1676559,,,residential,11.6778088,78.1645798
way/207574649,Unnamed Feature,road,11.6805136,78.162119,,,residential,11.6778088,78.1645798
way/207574674,Unnamed Feature,road,11.6763432,78.1641792,,,residential,11.6778088,78.1645798
way/207574677,Unnamed Feature,road,11.6743304,78.1660687,,,residential,11.6778088,78.1645798
way/207574690,Unnamed Feature,road,11.6732265,78.16451,,,residential,11.6778088,78.1645798
way/207574697,Unnamed Feature,road,11.6728321,78.1659797,,,residential,11.6778088,78.1645798
way/208162436,Unnamed Feature,road,11.6745697,78.1618628,,,residential,11.6778088,78.1645798
way/208162443,Unnamed Feature,road,11.6751895,78.1625259,,,residential,11.6778088,78.1645798
way/356374002,Unnamed Feature,road,11.6817013,78.1621281,,,residential,11.6778088,78.1645798
way/356401577,Unnamed Feature,road,11.6753731,78.1668775,,,residential,11.6778088,78.1645798
way/356401589,Unnamed Feature,road,11.6751035,78.1658836,,,residential,11.6778088,78.1645798
way/356401609,Unnamed Feature,road,11.6756971,78.1654621,,,residential,11.6778088,78.1645798
way/356405172,Unnamed Feature,road,11.6757228,78.1623102,,,residential,11.6778088,78.1645798
way/356405267,Unnamed Feature,road,11.6753595,78.1620793,,,residential,11.6778088,78.1645798
way/356588674,Unnamed Feature,road,11.6779609,78.1601375,,,residential,11.6778088,78.1645798
way/356588707,Unnamed Feature,road,11.6789986,78.1600338,,,residential,11.6778088,78.1645798
way/356588730,Unnamed Feature,road,11.6772884,78.1594231,,,residential,11.6778088,78.1645798
way/449407171,Unnamed Feature,road,11.6748981,78.1613608,,,residential,11.6778088,78.1645798
way/950227705,MBS Nagar,road,11.67596,78.1626056,,,residential,11.6778088,78.1645798
way/964517821,Salem Junction - Salem New Bypass Link Road,road,11.6761242,78.1617629,,,secondary,11.6778088,78.1645798
way/980466385,Unnamed Feature,road,11.6790869,78.1616758,,,residential,11.6778088,78.1645798
way/980466387,Unnamed Feature,road,11.6786743,78.1614211,,,residential,11.6778088,78.1645798
way/981153521,Unnamed Feature,road,11.6771243,78.1629677,,,unclassified,11.6778088,78.1645798
way/1066306525,Unnamed Feature,road,11.6808137,78.1617186,,,residential,11.6778088,78.1645798
way/1066306526,Unnamed Feature,road,11.679606,78.1621686,,,residential,11.6778088,78.1645798
way/1066309102,Unnamed Feature,road,11.6743575,78.162493,,,residential,11.6778088,78.1645798
way/1066309103,Unnamed Feature,road,11.6753682,78.1650679,,,residential,11.6778088,78.1645798
way/1066309104,Unnamed Feature,road,11.676034,78.1649508,,,residential,11.6778088,78.1645798
way/1066310419,Unnamed Feature,road,11.6734299,78.165306,,,residential,11.6778088,78.1645798
way/1066310420,Unnamed Feature,road,11.6742082,78.1670846,,,residential,11.6778088,78.1645798
way/1076546235,Unnamed Feature,road,11.6842211,78.1617634,,,primary,11.6778088,78.1645798
way/1076546236,Unnamed Feature,road,11.6791293,78.1610459,,,residential,11.6778088,78.1645798
way/1228560499,Salem Junction - Yercaud Road,road,11.6843934,78.1617059,,,primary,11.6778088,78.1645798
node/4426197797,Unnamed Feature,shop_bicycle,11.667979,78.1324546,,bicycle,,11.6702737,78.13176059999999
node/5590275438,Computer Mart,shop_computer,11.6681504,78.1326476,,computer,,11.6702737,78.13176059999999
node/6743577735,Sri Vidya matric higher secondary school,education,11.6671931,78.133112,school,,,11.6702737,78.13176059999999
node/6744566247,Sony Centre,shop_electronics,11.6680622,78.133288,,electronics,,11.6702737,78.13176059999999
node/6744603024,Poorvika mobile,shop_mobile_phone,11.6680443,78.1335218,,mobile_phone,,11.6702737,78.13176059999999
node/6886284876,Sri Gokulam Hospital Blood Bank,other,11.67271,78.1341447,blood_bank,,,11.6702737,78.13176059999999
node/6914764665,Sri Gokulam Hospital Pvt Ltd,healthcare,11.6725694,78.1337169,hospital,,,11.6702737,78.13176059999999
node/7658068071,IPCS GLOBAL,office,11.6681467,78.1320913,,,,11.6702737,78.13176059999999
node/7840770084,Ayush Care Siddha Centre,healthcare,11.6731195,78.1351967,clinic,,,11.6702737,78.13176059999999
node/7840770095,Ramalingam Hospital,healthcare,11.6689149,78.1311615,hospital,,,11.6702737,78.13176059999999
node/7840770136,Lavanya Hospital,healthcare,11.668831,78.1337965,hospital,,,11.6702737,78.13176059999999
node/9006288709,Darling digital world,shop_mall,11.6663344,78.132388,,mall,,11.6702737,78.13176059999999
way/31852521,Meyyanur Bypass Road,road,11.6678893,78.1353386,,,primary,11.6702737,78.13176059999999
way/207894443,Unnamed Feature,road,11.6705255,78.1306137,,,residential,11.6702737,78.13176059999999
way/207894446,Unnamed Feature,road,11.6720707,78.1315484,,,residential,11.6702737,78.13176059999999
way/207894447,Unnamed Feature,road,11.6693665,78.1296749,,,residential,11.6702737,78.13176059999999
way/207894448,Unnamed Feature,road,11.6702826,78.1355734,,,residential,11.6702737,78.13176059999999
way/207894458,Unnamed Feature,road,11.6689383,78.1340028,,,residential,11.6702737,78.13176059999999
way/207894462,Unnamed Feature,road,11.666216,78.1347306,,,residential,11.6702737,78.13176059999999
way/207894489,Unnamed Feature,road,11.6706043,78.1350415,,,residential,11.6702737,78.13176059999999
way/207894495,Unnamed Feature,road,11.6669338,78.1313994,,,residential,11.6702737,78.13176059999999
way/207894499,Unnamed Feature,road,11.6672187,78.1311771,,,residential,11.6702737,78.13176059999999
way/207894504,Unnamed Feature,road,11.6681415,78.1363968,,,residential,11.6702737,78.13176059999999
way/207894508,Unnamed Feature,road,11.6661589,78.130442,,,residential,11.6702737,78.13176059999999
way/207894515,Unnamed Feature,road,11.6680626,78.1272639,,,residential,11.6702737,78.13176059999999
way/207905967,Unnamed Feature,road,11.6747095,78.1305694,,,residential,11.6702737,78.13176059999999
way/207905977,Unnamed Feature,road,11.6734602,78.1301739,,,residential,11.6702737,78.13176059999999
way/207905981,Unnamed Feature,road,11.6731511,78.1292022,,,residential,11.6702737,78.13176059999999
way/207906009,Unnamed Feature,road,11.6739097,78.1294607,,,residential,11.6702737,78.13176059999999
way/207906016,Unnamed Feature,road,11.6732006,78.1294937,,,residential,11.6702737,78.13176059999999
way/232492922,Unnamed Feature,road,11.6727732,78.1326611,,,residential,11.6702737,78.13176059999999
way/356882437,Unnamed Feature,road,11.6740921,78.1311846,,,residential,11.6702737,78.13176059999999
way/356882473,Unnamed Feature,road,11.6739637,78.1308618,,,residential,11.6702737,78.13176059999999
way/356969855,Unnamed Feature,road,11.6716791,78.1360638,,,residential,11.6702737,78.13176059999999
way/356969857,Unnamed Feature,road,11.674269,78.133803,,,residential,11.6702737,78.13176059999999
way/356969859,Unnamed Feature,road,11.6724881,78.1349064,,,residential,11.6702737,78.13176059999999
way/356969861,Unnamed Feature,road,11.6706013,78.1344819,,,residential,11.6702737,78.13176059999999
way/356969862,Unnamed Feature,road,11.668681,78.1328384,,,residential,11.6702737,78.13176059999999
way/356969863,Unnamed Feature,road,11.6725308,78.1349168,,,residential,11.6702737,78.13176059999999
way/356969864,Unnamed Feature,road,11.6691182,78.1354477,,,residential,11.6702737,78.13176059999999
way/356969866,Unnamed Feature,road,11.6719668,78.133594,,,residential,11.6702737,78.13176059999999
way/356969868,Unnamed Feature,road,11.6695645,78.1362516,,,residential,11.6702737,78.13176059999999
way/356969869,Unnamed Feature,road,11.6694549,78.1334902,,,residential,11.6702737,78.13176059999999
way/356969870,Unnamed Feature,road,11.6696052,78.1355179,,,residential,11.6702737,78.13176059999999
way/356969871,Unnamed Feature,road,11.670902,78.1352919,,,residential,11.6702737,78.13176059999999
way/356969872,Unnamed Feature,road,11.6695495,78.1349009,,,residential,11.6702737,78.13176059999999
way/356969873,Unnamed Feature,road,11.6717793,78.1357137,,,residential,11.6702737,78.13176059999999
way/356969874,Unnamed Feature,road,11.6740602,78.1337864,,,residential,11.6702737,78.13176059999999
way/356969875,Unnamed Feature,road,11.6719563,78.1338012,,,residential,11.6702737,78.13176059999999
way/356969876,Unnamed Feature,road,11.6710784,78.1344792,,,residential,11.6702737,78.13176059999999
way/356969877,Unnamed Feature,road,11.6682741,78.1328628,,,residential,11.6702737,78.13176059999999
way/356969878,Unnamed Feature,road,11.6719047,78.1336217,,,residential,11.6702737,78.13176059999999
way/356969879,Unnamed Feature,road,11.6689249,78.1337908,,,residential,11.6702737,78.13176059999999
way/356969881,Unnamed Feature,road,11.6691735,78.1333014,,,residential,11.6702737,78.13176059999999
way/356969883,Unnamed Feature,road,11.6701712,78.135028,,,residential,11.6702737,78.13176059999999
way/356969884,Unnamed Feature,road,11.6718167,78.134425,,,residential,11.6702737,78.13176059999999
way/356969885,Unnamed Feature,road,11.6714072,78.1333441,,,residential,11.6702737,78.13176059999999
way/356969886,Unnamed Feature,road,11.6732758,78.1349944,,,residential,11.6702737,78.13176059999999
way/356969887,Unnamed Feature,road,11.6692026,78.133781,,,residential,11.6702737,78.13176059999999
way/356969888,Unnamed Feature,road,11.6695137,78.1357203,,,residential,11.6702737,78.13176059999999
way/356969889,Unnamed Feature,road,11.6713439,78.1363944,,,residential,11.6702737,78.13176059999999
way/356969891,Unnamed Feature,road,11.6708457,78.1360605,,,residential,11.6702737,78.13176059999999
way/356969893,Unnamed Feature,road,11.6682705,78.1360138,,,residential,11.6702737,78.13176059999999
way/356969894,Unnamed Feature,road,11.6708083,78.1332187,,,residential,11.6702737,78.13176059999999
way/356969897,Unnamed Feature,road,11.6725334,78.1357732,,,residential,11.6702737,78.13176059999999
way/356969900,Unnamed Feature,road,11.6719739,78.1354613,,,residential,11.6702737,78.13176059999999
way/356969904,Unnamed Feature,road,11.6696754,78.1340171,,,residential,11.6702737,78.13176059999999
way/356969906,Unnamed Feature,road,11.672033,78.134229,,,residential,11.6702737,78.13176059999999
way/356969907,Unnamed Feature,road,11.671126,78.1329968,,,residential,11.6702737,78.13176059999999
way/430888005,Unnamed Feature,road,11.6728549,78.1317606,,,residential,11.6702737,78.13176059999999
way/430888006,Unnamed Feature,road,11.6748945,78.1330999,,,residential,11.6702737,78.13176059999999
way/430888007,Unnamed Feature,road,11.6718836,78.1325422,,,residential,11.6702737,78.13176059999999
way/430888008,Unnamed Feature,road,11.670395,78.1308886,,,residential,11.6702737,78.13176059999999
way/430888009,Unnamed Feature,road,11.6666829,78.1309911,,,residential,11.6702737,78.13176059999999
way/430888010,Unnamed Feature,road,11.6730054,78.1307888,,,residential,11.6702737,78.13176059999999
way/430888011,Unnamed Feature,road,11.6715057,78.1298446,,,residential,11.6702737,78.13176059999999
way/430888012,Unnamed Feature,road,11.6698538,78.1306225,,,residential,11.6702737,78.13176059999999
way/430888013,Unnamed Feature,road,11.6671438,78.13078,,,residential,11.6702737,78.13176059999999
way/430888015,Unnamed Feature,road,11.6719246,78.1299968,,,residential,11.6702737,78.13176059999999
way/430888016,Unnamed Feature,road,11.670028,78.1300952,,,residential,11.6702737,78.13176059999999
way/430888017,Unnamed Feature,road,11.6694257,78.1301616,,,residential,11.6702737,78.13176059999999
way/430888018,Unnamed Feature,road,11.6709764,78.1305771,,,residential,11.6702737,78.13176059999999
way/430888019,Unnamed Feature,road,11.6674737,78.1300074,,,residential,11.6702737,78.13176059999999
way/430888021,Unnamed Feature,road,11.6728006,78.12827,,,residential,11.6702737,78.13176059999999
way/430888022,Unnamed Feature,road,11.6659232,78.1307284,,,residential,11.6702737,78.13176059999999
way/430888023,Unnamed Feature,road,11.6692251,78.1298235,,,residential,11.6702737,78.13176059999999
way/430888025,Unnamed Feature,road,11.6733781,78.132525,,,residential,11.6702737,78.13176059999999
way/430888027,Unnamed Feature,road,11.673288,78.1283247,,,residential,11.6702737,78.13176059999999
way/430888029,Unnamed Feature,road,11.6664881,78.131664,,,residential,11.6702737,78.13176059999999
way/430888031,Unnamed Feature,road,11.6706217,78.1317843,,,residential,11.6702737,78.13176059999999
way/430888032,Unnamed Feature,road,11.6727957,78.1310656,,,residential,11.6702737,78.13176059999999
way/430888035,Unnamed Feature,road,11.674483,78.1324321,,,residential,11.6702737,78.13176059999999
way/430888036,Unnamed Feature,road,11.6664153,78.1319883,,,residential,11.6702737,78.13176059999999
way/430888038,Unnamed Feature,road,11.672344,78.1294027,,,residential,11.6702737,78.13176059999999
way/430888039,Unnamed Feature,road,11.6712108,78.1298547,,,residential,11.6702737,78.13176059999999
way/430888041,Unnamed Feature,road,11.6666529,78.1302209,,,residential,11.6702737,78.13176059999999
way/430888045,Unnamed Feature,road,11.673218,78.1298356,,,residential,11.6702737,78.13176059999999
way/430888047,Unnamed Feature,road,11.6673209,78.1301103,,,residential,11.6702737,78.13176059999999
way/430888049,Unnamed Feature,road,11.6683864,78.1302326,,,residential,11.6702737,78.13176059999999
way/430888053,Unnamed Feature,road,11.667022,78.1311472,,,residential,11.6702737,78.13176059999999
way/430888054,Unnamed Feature,road,11.6709684,78.1300378,,,residential,11.6702737,78.13176059999999
way/430888055,Unnamed Feature,road,11.6659668,78.129935,,,residential,11.6702737,78.13176059999999
way/430888056,Unnamed Feature,road,11.6708831,78.1292935,,,residential,11.6702737,78.13176059999999
way/430888057,Unnamed Feature,road,11.666223,78.1335138,,,residential,11.6702737,78.13176059999999
way/430888058,Unnamed Feature,road,11.6726544,78.1303863,,,residential,11.6702737,78.13176059999999
way/430888060,Unnamed Feature,road,11.6734231,78.1323522,,,residential,11.6702737,78.13176059999999
way/430888061,Unnamed Feature,road,11.6675106,78.1309394,,,residential,11.6702737,78.13176059999999
way/430888062,Unnamed Feature,road,11.6664246,78.1297361,,,residential,11.6702737,78.13176059999999
way/1066324801,Unnamed Feature,road,11.6688426,78.1357213,,,residential,11.6702737,78.13176059999999
way/1066324802,Unnamed Feature,road,11.6702922,78.1342659,,,residential,11.6702737,78.13176059999999
way/1066324803,Unnamed Feature,road,11.6706296,78.135059,,,residential,11.6702737,78.13176059999999
way/1066324805,Unnamed Feature,road,11.6702643,78.1360796,,,residential,11.6702737,78.13176059999999
way/1066324806,Unnamed Feature,road,11.669557,78.1346287,,,residential,11.6702737,78.13176059999999
way/1079671370,Unnamed Feature,road,11.6696541,78.1299834,,,residential,11.6702737,78.13176059999999
way/1103148992,Unnamed Feature,road,11.6678083,78.1337756,,,residential,11.6702737,78.13176059999999
way/1103148993,Unnamed Feature,road,11.6677956,78.1337637,,,primary,11.6702737,78.13176059999999
way/1103148994,Unnamed Feature,road,11.6675506,78.1352957,,,primary,11.6702737,78.13176059999999
way/1120042004,Suramanagalam Road,road,11.6696635,78.1327559,,,primary,11.6702737,78.13176059999999
way/1127409868,Unnamed Feature,road,11.6736484,78.1286196,,,residential,11.6702737,78.13176059999999
way/1153954753,Relaince Mall,shop_mall,11.6747667,78.1325586,,mall,,11.6702737,78.13176059999999
way/1197884426,Unnamed Feature,road,11.6669994,78.1289091,,,residential,11.6702737,78.13176059999999
way/1214250068,Unnamed Feature,road,11.6680672,78.1315592,,,residential,11.6702737,78.13176059999999
way/1218499493,Unnamed Feature,road,11.6711312,78.1314251,,,residential,11.6702737,78.13176059999999
node/7161554510,lic office,office,11.456145,78.1806184,,,,11.4537338,78.1784576
way/1120037761,Mallikkarai - Rasipuram - Thiruchengode - Erode Road,road,11.4580913,78.1827177,,,primary,11.4537338,78.1784576
way/1222153436,Unnamed Feature,road,11.4561808,78.1811457,,,residential,11.4537338,78.1784576
way/1222153437,Unnamed Feature,road,11.4564423,78.1817931,,,residential,11.4537338,78.1784576
node/4571630634,Tamilnad Mercantile Bank Limited,bank,10.9880299,76.9377131,bank,,,10.99,76.94
node/4571630635,Canara Bank,bank,10.9877987,76.9377631,bank,,,10.99,76.94
node/4571630636,Unnamed Feature,restaurant,10.9877076,76.9367498,restaurant,,,10.99,76.94
node/4571630638,Pani Puri,restaurant,10.9873924,76.9367641,fast_food,,,10.99,76.94
node/4571630642,Sri Krishna Chips,restaurant,10.9878758,76.9370638,fast_food,,,10.99,76.94
node/4571630643,Subham,grocery_store,10.987912,76.9369225,,supermarket,,10.99,76.94
node/4571630644,Segar Store,grocery_store,10.9873504,76.9367498,,supermarket,,10.99,76.94
node/4571630646,Sri Murugan Store,grocery_store,10.9876236,76.9367569,,supermarket,,10.99,76.94
node/4571630647,Anuraj Bakary,restaurant,10.9879528,76.9368069,fast_food,,,10.99,76.94
node/4571630648,C.A.Prabha Bakary,restaurant,10.9881139,76.9368925,fast_food,,,10.99,76.94
node/4571630649,Karur Vysya Bank,bank,10.9877637,76.9379558,bank,,,10.99,76.94
node/4571630650,Oviyas,grocery_store,10.9877006,76.938284,,supermarket,,10.99,76.94
node/5338402545,Gokulam Sweets,shop_confectionery,10.9879451,76.9389252,,confectionery,,10.99,76.94
node/5338402884,Ideal Supermarket,grocery_store,10.988663,76.9413226,,supermarket,,10.99,76.94
node/7257183907,"Rani Nursing Home, Selvapuram, Coimbatore",healthcare,10.9871756,76.9392029,hospital,,,10.99,76.94
node/7257184012,"Revathi Hospital, Selvapuram",healthcare,10.9882483,76.9400963,hospital,,,10.99,76.94
node/7844131991,Vennila Hospital,healthcare,10.9901191,76.9421502,hospital,,,10.99,76.94
way/29976386,Unnamed Feature,road,10.9854899,76.9419904,,,secondary,10.99,76.94
way/134938584,Unnamed Feature,road,10.9930118,76.9466953,,,residential,10.99,76.94
way/134938594,Unnamed Feature,road,10.9918703,76.9425277,,,residential,10.99,76.94
way/155623302,Unnamed Feature,road,10.9894373,76.935963,,,residential,10.99,76.94
way/206788428,Unnamed Feature,road,10.9939956,76.9420741,,,residential,10.99,76.94
way/206788429,Unnamed Feature,road,10.9891693,76.9398154,,,residential,10.99,76.94
way/206788432,Unnamed Feature,road,10.991725,76.9428982,,,residential,10.99,76.94
way/206788436,Unnamed Feature,road,10.9842477,76.9374797,,,residential,10.99,76.94
way/206788438,Unnamed Feature,road,10.986616,76.9382054,,,residential,10.99,76.94
way/206788441,Unnamed Feature,road,10.9861304,76.9402963,,,residential,10.99,76.94
way/206788442,Unnamed Feature,road,10.991279,76.9423346,,,residential,10.99,76.94
way/206788444,Unnamed Feature,road,10.9859417,76.9383102,,,residential,10.99,76.94
way/206788445,Unnamed Feature,road,10.9914042,76.9434619,,,residential,10.99,76.94
way/206788446,Unnamed Feature,road,10.9862405,76.9390979,,,residential,10.99,76.94
way/206788449,Unnamed Feature,road,10.9907079,76.9424581,,,residential,10.99,76.94
way/206788450,Unnamed Feature,road,10.9923952,76.9421203,,,residential,10.99,76.94
way/206788454,Unnamed Feature,road,10.9914971,76.9422859,,,residential,10.99,76.94
way/206788455,Unnamed Feature,road,10.9911153,76.943516,,,residential,10.99,76.94
way/206788457,Unnamed Feature,road,10.987228,76.939766,,,residential,10.99,76.94
way/206788469,Unnamed Feature,road,10.9933862,76.9430546,,,residential,10.99,76.94
way/206788470,Unnamed Feature,road,10.9861427,76.9373901,,,residential,10.99,76.94
way/206788471,Unnamed Feature,road,10.9919914,76.9431939,,,residential,10.99,76.94
way/206788474,Unnamed Feature,road,10.9909892,76.9423985,,,residential,10.99,76.94
way/206788476,Unnamed Feature,road,10.9939341,76.9421362,,,residential,10.99,76.94
way/206788483,Unnamed Feature,road,10.9917409,76.9420133,,,residential,10.99,76.94
way/206788497,Unnamed Feature,road,10.9936228,76.9426883,,,residential,10.99,76.94
way/206788499,Unnamed Feature,road,10.9876389,76.9362231,,,residential,10.99,76.94
way/206788502,Unnamed Feature,road,10.9931468,76.9419603,,,residential,10.99,76.94
way/206788503,Unnamed Feature,road,10.9874088,76.9386669,,,residential,10.99,76.94
way/206788508,Unnamed Feature,road,10.9930498,76.9415869,,,residential,10.99,76.94
way/206788519,Unnamed Feature,road,10.9921159,76.9422774,,,residential,10.99,76.94
way/206788521,Unnamed Feature,road,10.9867643,76.9365863,,,residential,10.99,76.94
way/206788526,Unnamed Feature,road,10.9921358,76.9431503,,,residential,10.99,76.94
way/206788527,Unnamed Feature,road,10.9888679,76.9395358,,,residential,10.99,76.94
way/206788535,Unnamed Feature,road,10.9936737,76.9428731,,,residential,10.99,76.94
way/206788536,Unnamed Feature,road,10.9862367,76.937889,,,residential,10.99,76.94
way/206788537,Unnamed Feature,road,10.9901217,76.9430784,,,residential,10.99,76.94
way/206788538,Unnamed Feature,road,10.993624,76.9418974,,,residential,10.99,76.94
way/206788540,Unnamed Feature,road,10.9866237,76.9400487,,,residential,10.99,76.94
way/206788544,Unnamed Feature,road,10.9914468,76.9416674,,,residential,10.99,76.94
way/206804304,Unnamed Feature,road,10.9873511,76.9439213,,,residential,10.99,76.94
way/206804306,Unnamed Feature,road,10.9902989,76.9349123,,,residential,10.99,76.94
way/206804307,Unnamed Feature,road,10.9873786,76.9422927,,,residential,10.99,76.94
way/206804308,Unnamed Feature,road,10.9907205,76.9355267,,,residential,10.99,76.94
way/206804316,Unnamed Feature,road,10.988297,76.9438908,,,residential,10.99,76.94
way/206804317,Unnamed Feature,road,10.9875907,76.9445575,,,residential,10.99,76.94
way/374784964,Unnamed Feature,road,10.9868748,76.9385983,,,unclassified,10.99,76.94
way/374784966,Unnamed Feature,road,10.9885277,76.9406846,,,unclassified,10.99,76.94
way/374784975,Unnamed Feature,road,10.9858428,76.9398749,,,residential,10.99,76.94
way/374784976,Unnamed Feature,road,10.9877922,76.9425411,,,unclassified,10.99,76.94
way/374784986,Unnamed Feature,road,10.9879142,76.9424838,,,unclassified,10.99,76.94
way/374784995,Unnamed Feature,road,10.9886235,76.9405256,,,unclassified,10.99,76.94
way/377997455,Unnamed Feature,road,10.9932323,76.9398274,,,residential,10.99,76.94
way/377997456,Unnamed Feature,road,10.9906094,76.9380456,,,residential,10.99,76.94
way/377997457,Unnamed Feature,road,10.9898337,76.9369681,,,unclassified,10.99,76.94
way/501935223,Unnamed Feature,road,10.9873555,76.94354,,,residential,10.99,76.94
way/501935225,Unnamed Feature,road,10.9878517,76.9434935,,,residential,10.99,76.94
way/501935226,Unnamed Feature,road,10.9877363,76.943303,,,residential,10.99,76.94
way/501935227,Unnamed Feature,road,10.9898703,76.9418098,,,residential,10.99,76.94
way/501935228,Unnamed Feature,road,10.9899484,76.9407974,,,residential,10.99,76.94
way/501935229,Unnamed Feature,road,10.989526,76.9408515,,,residential,10.99,76.94
way/501935230,Unnamed Feature,road,10.9884723,76.9389527,,,residential,10.99,76.94
way/501935231,Unnamed Feature,road,10.9911239,76.9398949,,,residential,10.99,76.94
way/501935232,Unnamed Feature,road,10.9920469,76.940682,,,residential,10.99,76.94
way/501935233,Unnamed Feature,road,10.9935985,76.9415202,,,residential,10.99,76.94
way/501935234,Unnamed Feature,road,10.9939717,76.9409674,,,residential,10.99,76.94
way/501940824,Unnamed Feature,road,10.9888584,76.9381362,,,residential,10.99,76.94
way/501940825,Unnamed Feature,road,10.9885716,76.9371089,,,residential,10.99,76.94
way/501940826,Unnamed Feature,road,10.9893474,76.9367032,,,residential,10.99,76.94
way/501940827,Unnamed Feature,road,10.9894374,76.9373279,,,residential,10.99,76.94
way/501940828,Unnamed Feature,road,10.9893224,76.9365356,,,residential,10.99,76.94
way/501940829,Unnamed Feature,road,10.9908862,76.9371533,,,residential,10.99,76.94
way/501940830,Unnamed Feature,road,10.9923752,76.9373606,,,residential,10.99,76.94
way/501940831,Unnamed Feature,road,10.9926161,76.9371034,,,residential,10.99,76.94
way/501940832,Unnamed Feature,road,10.9909537,76.9386994,,,residential,10.99,76.94
way/501940833,Unnamed Feature,road,10.9919067,76.9384463,,,residential,10.99,76.94
way/501940834,Unnamed Feature,road,10.9914627,76.939058,,,residential,10.99,76.94
way/501940835,Unnamed Feature,road,10.9902283,76.9387031,,,residential,10.99,76.94
way/501940836,Unnamed Feature,road,10.9941281,76.9399214,,,residential,10.99,76.94
way/502561596,Unnamed Feature,road,10.9911458,76.9395845,,,residential,10.99,76.94
way/503496995,Unnamed Feature,road,10.9919889,76.9442947,,,residential,10.99,76.94
way/503496999,Unnamed Feature,road,10.9919267,76.9443131,,,residential,10.99,76.94
way/503497008,Unnamed Feature,road,10.9909576,76.9447531,,,residential,10.99,76.94
way/503497009,Unnamed Feature,road,10.9896796,76.9380738,,,residential,10.99,76.94
way/581642957,Unnamed Feature,road,10.9907788,76.9403651,,,residential,10.99,76.94
way/581642958,Unnamed Feature,road,10.990791,76.9409763,,,residential,10.99,76.94
way/581642959,Unnamed Feature,road,10.9901434,76.939379,,,residential,10.99,76.94
way/581642960,Unnamed Feature,road,10.9893653,76.938654,,,residential,10.99,76.94
way/581642961,Unnamed Feature,road,10.9896905,76.9386641,,,residential,10.99,76.94
way/581642962,Unnamed Feature,road,10.9886569,76.9393096,,,residential,10.99,76.94
way/581642963,Unnamed Feature,road,10.9897062,76.939396,,,residential,10.99,76.94
way/581642964,Unnamed Feature,road,10.9892453,76.9395646,,,residential,10.99,76.94
way/581642965,Unnamed Feature,road,10.989216,76.9388519,,,residential,10.99,76.94
way/581645029,Unnamed Feature,road,10.9860497,76.9408071,,,residential,10.99,76.94
way/581645030,Unnamed Feature,road,10.9861325,76.9413249,,,residential,10.99,76.94
way/581645031,Unnamed Feature,road,10.9859696,76.9409821,,,residential,10.99,76.94
way/581645032,Unnamed Feature,road,10.9871383,76.9411011,,,residential,10.99,76.94
way/592753262,Unnamed Feature,road,10.9903471,76.938118,,,residential,10.99,76.94
way/593055690,Unnamed Feature,road,10.9934201,76.9402982,,,residential,10.99,76.94
way/594662198,Unnamed Feature,road,10.9883284,76.9415153,,,secondary,10.99,76.94
way/642859701,Unnamed Feature,road,10.9905127,76.9353438,,,residential,10.99,76.94
way/911126524,Unnamed Feature,road,10.9889571,76.935421,,,residential,10.99,76.94
way/911126525,Unnamed Feature,road,10.9898656,76.935672,,,residential,10.99,76.94
way/992425883,Unnamed Feature,road,10.9877819,76.9441256,,,residential,10.99,76.94
way/992425884,Unnamed Feature,road,10.9867572,76.9432068,,,residential,10.99,76.94
way/992425885,Unnamed Feature,road,10.9864484,76.9397115,,,residential,10.99,76.94
way/992425886,Unnamed Feature,road,10.987332,76.9401701,,,residential,10.99,76.94
way/992425904,Unnamed Feature,road,10.9882892,76.9367092,,,residential,10.99,76.94
way/992425905,Unnamed Feature,road,10.9901648,76.9423416,,,residential,10.99,76.94
way/992425906,Unnamed Feature,road,10.9881325,76.9398689,,,residential,10.99,76.94
way/992425925,Unnamed Feature,road,10.9945108,76.9400635,,,residential,10.99,76.94
way/992425927,Unnamed Feature,road,10.9937625,76.9392606,,,residential,10.99,76.94
way/1050245100,Unnamed Feature,road,10.9855695,76.9408449,,,residential,10.99,76.94
way/1065030175,Unnamed Feature,road,10.9909933,76.9382144,,,residential,10.99,76.94
way/1065030176,Unnamed Feature,road,10.9906768,76.9380639,,,residential,10.99,76.94
way/1065030177,Unnamed Feature,road,10.9916289,76.938135,,,residential,10.99,76.94
way/1088777102,Unnamed Feature,road,10.9930623,76.9381371,,,residential,10.99,76.94
way/1117819142,Unnamed Feature,road,10.989506,76.9430309,,,unclassified,10.99,76.94
way/1117819143,Unnamed Feature,road,10.9896276,76.9430893,,,unclassified,10.99,76.94
way/1127454895,Unnamed Feature,road,10.9929103,76.9402827,,,residential,10.99,76.94
way/1127454896,Unnamed Feature,road,10.9925857,76.9402192,,,residential,10.99,76.94
way/1190289248,Unnamed Feature,road,10.9886039,76.9393084,,,residential,10.99,76.94
way/1190289857,Unnamed Feature,road,10.9900558,76.9371006,,,residential,10.99,76.94
way/1190290002,Unnamed Feature,road,10.9897782,76.9367544,,,residential,10.99,76.94
way/1190290148,Unnamed Feature,road,10.9919728,76.9394051,,,residential,10.99,76.94
way/1190290149,Unnamed Feature,road,10.9916011,76.9435802,,,residential,10.99,76.94
way/1192638248,Unnamed Feature,road,10.9860002,76.9323206,,,primary,10.99,76.94
way/1192638249,Coimbatore - Siruvani Road,road,10.9900921,76.9454348,,,primary,10.99,76.94
way/1192638250,Coimbatore - Siruvani Road,road,10.9880122,76.9375218,,,primary,10.99,76.94
way/1215921726,Unnamed Feature,road,10.9860344,76.9395136,,,residential,10.99,76.94
way/1233306607,Raj Store,grocery_store,10.9866872,76.9369741,,supermarket,,10.99,76.94
way/1233306725,Coffee House,restaurant,10.9875309,76.9371272,cafe,,,10.99,76.94
way/1233306764,Unnamed Feature,restaurant,10.9871597,76.9367077,restaurant,,,10.99,76.94
way/1233607543,Unnamed Feature,road,10.9897294,76.9392255,,,residential,10.99,76.94
way/1233607654,Unnamed Feature,road,10.9906347,76.9428573,,,residential,10.99,76.94
way/1233607714,Unnamed Feature,road,10.9916523,76.9439892,,,residential,10.99,76.94
way/1233607813,Unnamed Feature,road,10.9899291,76.9399495,,,residential,10.99,76.94
way/1235003199,Unnamed Feature,road,10.9889345,76.9387328,,,residential,10.99,76.94
way/1235003380,Unnamed Feature,road,10.9894948,76.9400217,,,residential,10.99,76.94
way/1235003726,Unnamed Feature,road,10.9871548,76.9435573,,,residential,10.99,76.94
way/1236511852,Unnamed Feature,road,10.9912427,76.9384554,,,residential,10.99,76.94
way/1338513947,Unnamed Feature,road,10.9932673,76.9396548,,,residential,10.99,76.94
way/1338513948,Unnamed Feature,road,10.9921103,76.9386731,,,residential,10.99,76.94
way/1338513949,Unnamed Feature,road,10.9920364,76.9386884,,,residential,10.99,76.94
way/1338513950,Unnamed Feature,road,10.9923445,76.9407906,,,residential,10.99,76.94
way/1338513951,Unnamed Feature,road,10.9865811,76.9404728,,,residential,10.99,76.94
way/1338513952,Unnamed Feature,road,10.9866449,76.9408819,,,residential,10.99,76.94
way/208361862,Unnamed Feature,road,11.6764593,78.1158823,,,residential,11.680273699999999,78.1167606
way/208361903,Unnamed Feature,road,11.676457,78.1164154,,,residential,11.680273699999999,78.1167606
way/208361913,Unnamed Feature,road,11.6763666,78.117291,,,residential,11.680273699999999,78.1167606
way/208361916,Unnamed Feature,road,11.6769245,78.1162418,,,residential,11.680273699999999,78.1167606
way/208361936,Unnamed Feature,road,11.6770286,78.1149678,,,residential,11.680273699999999,78.1167606
way/208361946,Unnamed Feature,road,11.6774107,78.1148926,,,residential,11.680273699999999,78.1167606
way/208361965,Unnamed Feature,road,11.675876,78.116675,,,residential,11.680273699999999,78.1167606
way/208361968,Unnamed Feature,road,11.6799248,78.1112375,,,residential,11.680273699999999,78.1167606
way/208361972,Unnamed Feature,road,11.6765992,78.1180369,,,residential,11.680273699999999,78.1167606
way/208361983,Unnamed Feature,road,11.675981,78.1159535,,,residential,11.680273699999999,78.1167606
way/208361984,Unnamed Feature,road,11.6807811,78.1116659,,,residential,11.680273699999999,78.1167606
way/208362001,Unnamed Feature,road,11.6763355,78.1169007,,,residential,11.680273699999999,78.1167606
way/481329176,Unnamed Feature,road,11.6765683,78.1159803,,,residential,11.680273699999999,78.1167606
way/481329192,Unnamed Feature,road,11.6776134,78.1162075,,,residential,11.680273699999999,78.1167606
way/481329194,Unnamed Feature,road,11.6773952,78.1165858,,,residential,11.680273699999999,78.1167606
way/481329196,Unnamed Feature,road,11.6773077,78.1174029,,,residential,11.680273699999999,78.1167606
way/481329197,Unnamed Feature,road,11.6769498,78.1175719,,,residential,11.680273699999999,78.1167606
way/481329204,Unnamed Feature,road,11.6777443,78.1157147,,,residential,11.680273699999999,78.1167606
way/481329205,Unnamed Feature,road,11.6768948,78.1158946,,,residential,11.680273699999999,78.1167606
way/481329212,Unnamed Feature,road,11.6767755,78.1176815,,,residential,11.680273699999999,78.1167606
way/481329213,Unnamed Feature,road,11.6773558,78.1167595,,,residential,11.680273699999999,78.1167606
way/481329223,Unnamed Feature,road,11.6759561,78.1159632,,,residential,11.680273699999999,78.1167606
way/481329231,Unnamed Feature,road,11.6767908,78.1147708,,,residential,11.680273699999999,78.1167606
way/481329234,Unnamed Feature,road,11.6772908,78.1171078,,,residential,11.680273699999999,78.1167606
way/481329247,Unnamed Feature,road,11.6762051,78.1161351,,,residential,11.680273699999999,78.1167606
way/481329252,Unnamed Feature,road,11.6777821,78.1162409,,,residential,11.680273699999999,78.1167606
way/481329260,Unnamed Feature,road,11.6761153,78.1159718,,,residential,11.680273699999999,78.1167606
way/481329264,Unnamed Feature,road,11.6778132,78.1130548,,,residential,11.680273699999999,78.1167606
way/481329283,Unnamed Feature,road,11.6777058,78.113321,,,residential,11.680273699999999,78.1167606
way/481329284,Unnamed Feature,road,11.6760083,78.1136895,,,residential,11.680273699999999,78.1167606
way/481329299,Unnamed Feature,road,11.6760235,78.1183124,,,residential,11.680273699999999,78.1167606
way/481329300,Unnamed Feature,road,11.6760711,78.1178893,,,residential,11.680273699999999,78.1167606
way/481329302,Unnamed Feature,road,11.67853,78.1163087,,,residential,11.680273699999999,78.1167606
way/481329308,Unnamed Feature,road,11.6762803,78.1183851,,,residential,11.680273699999999,78.1167606
way/481329313,Unnamed Feature,road,11.6761228,78.1170877,,,residential,11.680273699999999,78.1167606
way/481329324,Unnamed Feature,road,11.6762451,78.1129553,,,residential,11.680273699999999,78.1167606
way/481329325,Unnamed Feature,road,11.6764433,78.1184198,,,residential,11.680273699999999,78.1167606
way/481329329,Unnamed Feature,road,11.6769264,78.1167399,,,residential,11.680273699999999,78.1167606
way/481329346,Unnamed Feature,road,11.6770657,78.1159487,,,residential,11.680273699999999,78.1167606
way/482588271,Unnamed Feature,road,11.6810562,78.1131533,,,residential,11.680273699999999,78.1167606
way/482588289,Unnamed Feature,road,11.6825242,78.1128024,,,residential,11.680273699999999,78.1167606
way/482588295,Unnamed Feature,road,11.6820703,78.1132518,,,residential,11.680273699999999,78.1167606
way/482588302,Unnamed Feature,road,11.6805271,78.1132221,,,residential,11.680273699999999,78.1167606
way/482588305,Unnamed Feature,road,11.6803961,78.1129432,,,residential,11.680273699999999,78.1167606
way/482588320,Unnamed Feature,road,11.6815875,78.1135105,,,residential,11.680273699999999,78.1167606
way/482588321,Unnamed Feature,road,11.6809553,78.113252,,,residential,11.680273699999999,78.1167606
way/482588322,Unnamed Feature,road,11.6812657,78.1133212,,,residential,11.680273699999999,78.1167606
way/482588325,Unnamed Feature,road,11.6821083,78.1124134,,,residential,11.680273699999999,78.1167606
way/483371373,Unnamed Feature,road,11.6817465,78.1126712,,,residential,11.680273699999999,78.1167606
way/483371394,Unnamed Feature,road,11.6805098,78.1122142,,,residential,11.680273699999999,78.1167606
way/483371435,Unnamed Feature,road,11.6800045,78.1119602,,,residential,11.680273699999999,78.1167606
way/483371438,Unnamed Feature,road,11.6814738,78.1125685,,,residential,11.680273699999999,78.1167606
way/483371508,Unnamed Feature,road,11.6806928,78.1122682,,,residential,11.680273699999999,78.1167606
way/483371517,Unnamed Feature,road,11.6802618,78.1120947,,,residential,11.680273699999999,78.1167606
way/1080243973,Unnamed Feature,road,11.6781713,78.1124716,,,residential,11.680273699999999,78.1167606
node/330069974,Bishop Ubagarm's Primary School,education,11.0130484,76.942949,school,,,11.01,76.94
node/1468078964,Lawley road,bus_stop,11.0136038,76.9417304,,,bus_stop,11.01,76.94
node/4288600146,Pizza Paradise,restaurant,11.009435,76.9444445,fast_food,,,11.01,76.94
node/4703147672,TNAU Hospital,healthcare,11.0080012,76.9362691,hospital,,,11.01,76.94
node/4799154418,Adyar Ananda Bhavan,restaurant,11.0119442,76.9433364,restaurant,confectionery,,11.01,76.94
node/5212312247,Nellai siva sakthi sites stores,shop_greengrocer,11.0071411,76.9416802,,greengrocer,,11.01,76.94
node/6317234289,lawley road,bus_stop,11.0136802,76.9398778,,,bus_stop,11.01,76.94
node/6317234291,lawley road,bus_stop,11.0134529,76.9399007,,,bus_stop,11.01,76.94
node/6346388020,lawley road,bus_stop,11.0139156,76.9418616,,,bus_stop,11.01,76.94
node/12285349814,Unnamed Feature,education,11.0131687,76.9428933,school,,,11.01,76.94
node/12285349832,Vannamalar Institute Of Forest Genetics & Tree Breeding,education,11.010034,76.9444043,college,,,11.01,76.94
way/29980779,Periasamy Road,road,11.012682,76.946524,,,residential,11.01,76.94
way/30919046,Thadagam Road,road,11.0096176,76.9443116,,,primary,11.01,76.94
way/66102343,Tamilnadu Forest Academy,education,11.0167662,76.946606,college,,,11.01,76.94
way/133360772,Unnamed Feature,road,11.0080204,76.943384,,,residential,11.01,76.94
way/133360775,Robertson Road,road,11.0073927,76.9421859,,,residential,11.01,76.94
way/133360777,Unnamed Feature,road,11.0092327,76.9431376,,,residential,11.01,76.94
way/133360780,Unnamed Feature,road,11.0114544,76.9425207,,,residential,11.01,76.94
way/133360782,Unnamed Feature,road,11.0094606,76.9418924,,,residential,11.01,76.94
way/133360787,Unnamed Feature,road,11.0101187,76.9428866,,,residential,11.01,76.94
way/133360788,Unnamed Feature,road,11.0085163,76.9432954,,,residential,11.01,76.94
way/133360789,Nehru maha vidhyalaya,education,11.0069406,76.9440841,school,,,11.01,76.94
way/133360790,Unnamed Feature,road,11.0107504,76.9426963,,,residential,11.01,76.94
way/134912599,Unnamed Feature,road,11.0079485,76.9426132,,,residential,11.01,76.94
way/134912600,1st Street,road,11.006505,76.9431411,,,residential,11.01,76.94
way/134912601,2nd Street,road,11.0066073,76.9426519,,,residential,11.01,76.94
way/134912602,Unnamed Feature,road,11.0128175,76.9410177,,,residential,11.01,76.94
way/155629773,Coimbatore - Thondamuthur - Narasipuram Road,road,10.9997751,76.8931736,,,primary,11.01,76.94
way/206788448,4th Street,road,11.0066403,76.9415683,,,residential,11.01,76.94
way/206788456,5th Streer,road,11.0065799,76.9411405,,,residential,11.01,76.94
way/206788468,Department of ABM road,road,11.0115082,76.9372246,,,residential,11.01,76.94
way/206788480,Garden Gate - Ground - Library - Redfort Hostel -Back Gate road,road,11.0100184,76.9357325,,,residential,11.01,76.94
way/206788487,6th Street,road,11.0065064,76.9406754,,,residential,11.01,76.94
way/206788493,Unnamed Feature,road,11.0061044,76.9401121,,,residential,11.01,76.94
way/206788498,Pathology - Physical Science road,road,11.0121662,76.9376813,,,residential,11.01,76.94
way/206788513,Unnamed Feature,road,11.0120897,76.9368526,,,residential,11.01,76.94
way/206788543,Crop Physiology - First Gate road,road,11.0122831,76.9377556,,,residential,11.01,76.94
way/439263684,TNAU Hospital road,road,11.0086033,76.9372978,,,residential,11.01,76.94
way/439263685,Ladies Club road,road,11.0090116,76.9372677,,,residential,11.01,76.94
way/439263686,Physiology to Back Gate road,road,11.0107427,76.937243,,,residential,11.01,76.94
way/444510306,Techno Park road,road,11.0121739,76.9386803,,,residential,11.01,76.94
way/444510307,First Gate road,road,11.0131904,76.9382917,,,residential,11.01,76.94
way/458806226,Unnamed Feature,road,11.0140055,76.9382229,,,residential,11.01,76.94
way/458806228,Unnamed Feature,road,11.0136986,76.9378372,,,residential,11.01,76.94
way/458806229,Unnamed Feature,road,11.0136932,76.9357092,,,residential,11.01,76.94
way/461525359,Convocation Hall road,road,11.0122055,76.9365617,,,residential,11.01,76.94
way/461525362,Convocation Hall road,road,11.0123276,76.9365603,,,residential,11.01,76.94
way/461525387,Unnamed Feature,road,11.0081181,76.9397814,,,track,11.01,76.94
way/461526033,Pathology - Mushroom/tribal Showroom road,road,11.0133159,76.9380826,,,residential,11.01,76.94
way/538403720,Unnamed Feature,road,11.0095101,76.9395391,,,residential,11.01,76.94
way/543277405,Breeding to RI Building road,road,11.0126154,76.936152,,,residential,11.01,76.94
way/543277406,Plant Breeding Dept road,road,11.0128496,76.9364577,,,residential,11.01,76.94
way/543277407,SBI road,road,11.0133495,76.9368276,,,residential,11.01,76.94
way/553623237,Unnamed Feature,road,11.0161282,76.943405,,,service,11.01,76.94
way/581641506,Unnamed Feature,road,11.0123397,76.9412224,,,residential,11.01,76.94
way/581641507,Unnamed Feature,road,11.0122836,76.9400706,,,residential,11.01,76.94
way/581641508,Unnamed Feature,road,11.0123412,76.9406556,,,residential,11.01,76.94
way/581641509,Unnamed Feature,road,11.0122109,76.9398282,,,residential,11.01,76.94
way/581641510,Unnamed Feature,road,11.0131831,76.9400481,,,residential,11.01,76.94
way/581641511,Unnamed Feature,road,11.0132062,76.9407081,,,residential,11.01,76.94
way/581641512,Unnamed Feature,road,11.0132189,76.9413552,,,residential,11.01,76.94
way/581641513,Unnamed Feature,road,11.0139169,76.9418045,,,primary,11.01,76.94
way/581641514,Unnamed Feature,road,11.0110743,76.9399161,,,residential,11.01,76.94
way/581641515,Unnamed Feature,road,11.0096208,76.9438409,,,residential,11.01,76.94
way/581641516,Unnamed Feature,road,11.0082055,76.9433265,,,residential,11.01,76.94
way/593057748,Unnamed Feature,road,11.0116501,76.9421561,,,residential,11.01,76.94
way/594392935,Thadagam Road,road,11.0261237,76.9337936,,,primary,11.01,76.94
way/594392953,Cowley Brown Road,road,11.0146377,76.9483723,,,primary,11.01,76.94
way/594453885,Maruthamalai Road,road,11.0179845,76.9276265,,,primary,11.01,76.94
way/594455271,Maruthamalai Road,road,11.0180886,76.9276304,,,primary,11.01,76.94
way/594464980,Unnamed Feature,road,11.0135425,76.9421809,,,primary_link,11.01,76.94
way/688255612,lawley road bus stop,bus_stop,11.0135617,76.9417323,,,platform,11.01,76.94
way/688255614,lawley road bus stop,bus_stop,11.0139053,76.9418223,,,platform,11.01,76.94
way/761468551,Unnamed Feature,road,11.009201,76.9444811,,,secondary,11.01,76.94
way/992428533,Primary School road,road,11.0096445,76.9363458,,,residential,11.01,76.94
way/992440703,Unnamed Feature,road,11.013195,76.94037,,,residential,11.01,76.94
way/993570411,Unnamed Feature,road,11.0088872,76.9428443,,,residential,11.01,76.94
way/1065444158,Unnamed Feature,road,11.0121003,76.943067,,,residential,11.01,76.94
way/1190307893,Unnamed Feature,road,11.0123579,76.9404208,,,residential,11.01,76.94
way/1212739930,Unnamed Feature,road,11.0066403,76.9395797,,,residential,11.01,76.94
way/1240248116,Thangu Bakery,restaurant,11.0134396,76.9421462,cafe,,,11.01,76.94
way/1240366847,Unnamed Feature,road,11.0124497,76.9422541,,,residential,11.01,76.94
way/1240366848,Unnamed Feature,road,11.0120682,76.9418918,,,residential,11.01,76.94
way/1338144845,Unnamed Feature,road,11.0120335,76.9410634,,,residential,11.01,76.94
way/1338144846,Unnamed Feature,road,11.0123702,76.941037,,,residential,11.01,76.94
way/1338144847,Unnamed Feature,road,11.0121986,76.942319,,,residential,11.01,76.94
way/1338144848,Unnamed Feature,road,11.0121385,76.9427537,,,residential,11.01,76.94
way/1338144850,Unnamed Feature,road,11.0118284,76.9436852,,,residential,11.01,76.94
way/1338144851,Unnamed Feature,road,11.0130742,76.942895,,,residential,11.01,76.94
way/1338144852,Unnamed Feature,road,11.01091,76.9443526,,,residential,11.01,76.94
way/1338149271,Unnamed Feature,road,11.0094284,76.9433491,,,residential,11.01,76.94
way/1338149272,Unnamed Feature,road,11.0090473,76.9440513,,,residential,11.01,76.94
way/1338149273,Unnamed Feature,road,11.0093969,76.9427442,,,residential,11.01,76.94
way/1338149274,Unnamed Feature,road,11.0095146,76.9416286,,,residential,11.01,76.94
way/1338149275,Unnamed Feature,road,11.0091311,76.9417262,,,residential,11.01,76.94
way/1338149276,Unnamed Feature,road,11.0087446,76.941755,,,residential,11.01,76.94
way/1338149277,Unnamed Feature,road,11.0088531,76.9419831,,,residential,11.01,76.94
way/1338149278,Unnamed Feature,road,11.0086628,76.9424643,,,residential,11.01,76.94
way/1338149279,Unnamed Feature,road,11.0082009,76.942135,,,residential,11.01,76.94
way/1338149280,Unnamed Feature,road,11.0080179,76.9418081,,,residential,11.01,76.94
way/1338149281,Unnamed Feature,road,11.0077756,76.9421082,,,residential,11.01,76.94
way/1338149282,Unnamed Feature,road,11.011359,76.9385617,,,residential,11.01,76.94
way/1338149283,Unnamed Feature,road,11.0116027,76.9386198,,,residential,11.01,76.94
way/1338149284,Unnamed Feature,road,11.0114289,76.9391715,,,residential,11.01,76.94
way/1338149285,Unnamed Feature,road,11.010028,76.9399374,,,residential,11.01,76.94
way/1338149286,Unnamed Feature,road,11.0099286,76.9407538,,,residential,11.01,76.94
way/1338149287,Unnamed Feature,road,11.0090624,76.9408114,,,residential,11.01,76.94
way/1338149288,Unnamed Feature,road,11.0097904,76.9385934,,,residential,11.01,76.94
way/1338149289,Unnamed Feature,road,11.0099343,76.9384311,,,residential,11.01,76.94
way/1338149290,Unnamed Feature,road,11.0096586,76.9368496,,,residential,11.01,76.94
way/1338149291,Unnamed Feature,road,11.009002,76.9367368,,,residential,11.01,76.94
way/1338149292,Unnamed Feature,road,11.009663,76.9353593,,,residential,11.01,76.94
way/1338149293,Unnamed Feature,road,11.0088676,76.9364045,,,residential,11.01,76.94
way/1338149297,Unnamed Feature,road,11.0075152,76.9372783,,,residential,11.01,76.94
way/1338149298,Unnamed Feature,road,11.0075868,76.9369774,,,residential,11.01,76.94
way/1338149299,Unnamed Feature,road,11.0073937,76.9364774,,,residential,11.01,76.94
way/1338149300,Unnamed Feature,road,11.0073134,76.9368537,,,residential,11.01,76.94
way/1338149321,Unnamed Feature,road,11.0055738,76.9384163,,,residential,11.01,76.94
way/1338149323,Unnamed Feature,road,11.005524,76.9386809,,,residential,11.01,76.94
way/1338149325,Unnamed Feature,road,11.0054363,76.9397886,,,residential,11.01,76.94
way/1338149326,Unnamed Feature,road,11.0056844,76.9403356,,,residential,11.01,76.94
way/1338149327,Unnamed Feature,road,11.0054836,76.9406144,,,residential,11.01,76.94
way/1013260862,Unnamed Feature,road,11.4674757,78.171424,,,residential,11.4612338,78.17095760000001
way/1013260864,Unnamed Feature,road,11.4646125,78.1730704,,,residential,11.4612338,78.17095760000001
way/1013260865,Unnamed Feature,road,11.4642907,78.1723241,,,residential,11.4612338,78.17095760000001
way/1013260868,Unnamed Feature,road,11.4606615,78.1721021,,,residential,11.4612338,78.17095760000001
way/1221473860,Unnamed Feature,road,11.4658739,78.1697253,,,residential,11.4612338,78.17095760000001
way/1221473861,Unnamed Feature,road,11.4638872,78.1639806,,,residential,11.4612338,78.17095760000001
way/1221473862,Unnamed Feature,road,11.4644028,78.1678764,,,residential,11.4612338,78.17095760000001
way/1221473863,Unnamed Feature,road,11.4640498,78.1684555,,,residential,11.4612338,78.17095760000001
way/1221473864,Unnamed Feature,road,11.4643788,78.1681073,,,residential,11.4612338,78.17095760000001
way/1221475474,Unnamed Feature,road,11.4648988,78.1716569,,,residential,11.4612338,78.17095760000001
way/1221475475,Unnamed Feature,road,11.4643928,78.1712687,,,residential,11.4612338,78.17095760000001
way/1221475476,Unnamed Feature,road,11.4648386,78.1720817,,,residential,11.4612338,78.17095760000001
way/1221475477,Unnamed Feature,road,11.4648685,78.171826,,,residential,11.4612338,78.17095760000001
way/1221475478,Unnamed Feature,road,11.4650457,78.1716878,,,residential,11.4612338,78.17095760000001
way/1221475479,Unnamed Feature,road,11.4648964,78.1705014,,,service,11.4612338,78.17095760000001
way/1221475480,Unnamed Feature,road,11.4646466,78.1703107,,,service,11.4612338,78.17095760000001
way/1221475481,Unnamed Feature,road,11.4651352,78.1708989,,,living_street,11.4612338,78.17095760000001
way/1221475664,Unnamed Feature,road,11.4654022,78.1727891,,,residential,11.4612338,78.17095760000001
way/1221672616,Unnamed Feature,road,11.4625935,78.1710532,,,residential,11.4612338,78.17095760000001
way/1221672617,Unnamed Feature,road,11.4645173,78.1700359,,,residential,11.4612338,78.17095760000001
way/1221672618,Unnamed Feature,road,11.4619023,78.1696826,,,residential,11.4612338,78.17095760000001
way/1221672619,Unnamed Feature,road,11.4632219,78.1699079,,,residential,11.4612338,78.17095760000001
way/1221672620,Unnamed Feature,road,11.4628274,78.1727216,,,residential,11.4612338,78.17095760000001
way/1221973690,Unnamed Feature,road,11.4633998,78.1724899,,,residential,11.4612338,78.17095760000001
way/1221973691,Unnamed Feature,road,11.4633768,78.1729389,,,residential,11.4612338,78.17095760000001
way/1221973692,Unnamed Feature,road,11.4623724,78.1727111,,,residential,11.4612338,78.17095760000001
way/1221973693,Unnamed Feature,road,11.4631052,78.1727521,,,residential,11.4612338,78.17095760000001
way/1222146837,Unnamed Feature,road,11.4591629,78.172218,,,residential,11.4612338,78.17095760000001
way/1222146838,Unnamed Feature,road,11.4602617,78.1722634,,,residential,11.4612338,78.17095760000001
way/1222146839,Unnamed Feature,road,11.4594719,78.1722545,,,residential,11.4612338,78.17095760000001
way/1222146840,Unnamed Feature,road,11.4599596,78.1722846,,,residential,11.4612338,78.17095760000001
way/1222146841,Unnamed Feature,road,11.4596937,78.1722647,,,residential,11.4612338,78.17095760000001
way/1222146842,Unnamed Feature,road,11.4605316,78.1723027,,,residential,11.4612338,78.17095760000001
way/1222147235,Unnamed Feature,road,11.4613782,78.1710184,,,residential,11.4612338,78.17095760000001
way/1222147236,Unnamed Feature,road,11.4615514,78.1698712,,,residential,11.4612338,78.17095760000001
way/1222147237,Unnamed Feature,road,11.4612808,78.1701058,,,residential,11.4612338,78.17095760000001
way/1222147238,Unnamed Feature,road,11.4614235,78.1708636,,,residential,11.4612338,78.17095760000001
way/1222147239,Unnamed Feature,road,11.4612108,78.1706912,,,residential,11.4612338,78.17095760000001
way/1222147240,Unnamed Feature,road,11.4620005,78.170958,,,residential,11.4612338,78.17095760000001
way/1222147241,Unnamed Feature,road,11.4618943,78.1706742,,,residential,11.4612338,78.17095760000001
way/1222147242,Unnamed Feature,road,11.4617786,78.1719009,,,residential,11.4612338,78.17095760000001
way/1222147243,Unnamed Feature,road,11.4623147,78.1703969,,,residential,11.4612338,78.17095760000001
way/1222147244,Unnamed Feature,road,11.4622201,78.1713349,,,residential,11.4612338,78.17095760000001
way/1222147245,Unnamed Feature,road,11.4621728,78.1719375,,,residential,11.4612338,78.17095760000001
way/1222147246,Unnamed Feature,road,11.4610718,78.1722635,,,residential,11.4612338,78.17095760000001
way/1222147247,Unnamed Feature,road,11.4613894,78.172266,,,residential,11.4612338,78.17095760000001
way/1222147248,Unnamed Feature,road,11.4613578,78.1727131,,,residential,11.4612338,78.17095760000001
way/1222147249,Unnamed Feature,road,11.4619493,78.1728289,,,residential,11.4612338,78.17095760000001
way/1222147250,Unnamed Feature,road,11.4622221,78.1728227,,,residential,11.4612338,78.17095760000001
way/1222147251,Unnamed Feature,road,11.4619208,78.1730157,,,residential,11.4612338,78.17095760000001
way/1222147588,Unnamed Feature,road,11.4630441,78.1695921,,,residential,11.4612338,78.17095760000001
way/1222147589,Unnamed Feature,road,11.4635057,78.1682706,,,residential,11.4612338,78.17095760000001
way/1222147590,Unnamed Feature,road,11.4625481,78.1680647,,,residential,11.4612338,78.17095760000001
way/1222147591,Unnamed Feature,road,11.4628876,78.1681004,,,residential,11.4612338,78.17095760000001
way/1222147592,Unnamed Feature,road,11.4625659,78.1680041,,,residential,11.4612338,78.17095760000001
way/1222147593,Unnamed Feature,road,11.4622262,78.1678534,,,residential,11.4612338,78.17095760000001
way/1222147594,Unnamed Feature,road,11.4619111,78.1678108,,,residential,11.4612338,78.17095760000001
way/1222147595,Unnamed Feature,road,11.4643899,78.169843,,,residential,11.4612338,78.17095760000001
way/1222147596,Unnamed Feature,road,11.4640654,78.1700528,,,residential,11.4612338,78.17095760000001
way/1222147597,Unnamed Feature,road,11.4644186,78.1692159,,,residential,11.4612338,78.17095760000001
way/1222148858,Unnamed Feature,road,11.4567654,78.1704804,,,residential,11.4612338,78.17095760000001
way/1222148860,Unnamed Feature,road,11.4565086,78.1706951,,,residential,11.4612338,78.17095760000001
way/1336418920,Unnamed Feature,road,11.3976733,78.1731031,,,unclassified,11.3992039,78.17576299999999
way/1336418921,Unnamed Feature,road,11.3960154,78.1729145,,,unclassified,11.3992039,78.17576299999999
node/313764625,Gandhi Road,bus_stop,11.6712883,78.1582122,,,bus_stop,11.670308799999999,78.1570798
node/2184892601,Vincent,bus_stop,11.6660067,78.1583077,,,bus_stop,11.670308799999999,78.1570798
node/4305484395,"Kiruba Hospital, Salem",healthcare,11.6670638,78.1563369,hospital,,,11.670308799999999,78.1570798
node/4444456005,Lef Eden Garden Matric School,education,11.6719193,78.1590295,school,,,11.670308799999999,78.1570798
node/6914880533,Chellam Hospital,healthcare,11.6698836,78.1559497,hospital,,,11.670308799999999,78.1570798
node/6933999000,Shankar Nursing Home,healthcare,11.6716527,78.1534566,clinic,,,11.670308799999999,78.1570798
node/6934340633,Neomed Hospital,healthcare,11.6716218,78.1550612,hospital,,,11.670308799999999,78.1570798
node/6935272553,C.K.R. Hospital,healthcare,11.6671517,78.155776,hospital,,,11.670308799999999,78.1570798
node/6936305687,Appusami Hospital,healthcare,11.6714255,78.156175,hospital,,,11.670308799999999,78.1570798
node/7262945616,Santhi Nursing Home,healthcare,11.666132,78.1562017,clinic,,,11.670308799999999,78.1570798
node/7262945639,Ruthramoorthy Polyclinic,healthcare,11.67157,78.158408,clinic,,,11.670308799999999,78.1570798
node/7262945653,SIMS Chellum Hospital,healthcare,11.6698396,78.1558407,hospital,,,11.670308799999999,78.1570798
node/7840770073,Malar Maternity Hospital & Arul Eye Care,healthcare,11.6711265,78.1554168,hospital,,,11.670308799999999,78.1570798
node/7840770098,Ammani Multi Speciality Hospital,healthcare,11.671775,78.156181,hospital,,,11.670308799999999,78.1570798
node/7840770102,Radhai Speciality Clinics,healthcare,11.67228,78.159115,clinic,,,11.670308799999999,78.1570798
node/7840770103,Surya Sugalaya Hospital,healthcare,11.6716498,78.1538322,hospital,,,11.670308799999999,78.1570798
node/7840770113,Ak Hospital,healthcare,11.6669992,78.1565393,hospital,,,11.670308799999999,78.1570798
node/7840770129,Revathi Hospital,healthcare,11.6698571,78.1526859,hospital,,,11.670308799999999,78.1570798
node/7840770139,Ramana Surgical Hospital,healthcare,11.6731205,78.15862,hospital,,,11.670308799999999,78.1570798
node/7840770145,Manipal Fertility Hospital,healthcare,11.6726603,78.1586522,hospital,,,11.670308799999999,78.1570798
node/10918024043,MYSHOPY FOOTWEAR,shop_shoes,11.6734584,78.1586451,,shoes,,11.670308799999999,78.1570798
way/31852792,Unnamed Feature,road,11.6671886,78.153872,,,tertiary,11.670308799999999,78.1570798
way/31852802,Unnamed Feature,road,11.6660569,78.1574839,,,tertiary,11.670308799999999,78.1570798
way/31852810,Unnamed Feature,road,11.674521,78.1580057,,,tertiary,11.670308799999999,78.1570798
way/186675288,Hasthampatty - Cherry Road,road,11.669481,78.1589232,,,primary,11.670308799999999,78.1570798
way/208162437,Unnamed Feature,road,11.6732416,78.1594727,,,residential,11.670308799999999,78.1570798
way/208162440,Unnamed Feature,road,11.6665487,78.1603029,,,tertiary,11.670308799999999,78.1570798
way/208162446,Unnamed Feature,road,11.6706171,78.1565643,,,residential,11.670308799999999,78.1570798
way/208162447,Unnamed Feature,road,11.6682609,78.1532274,,,residential,11.670308799999999,78.1570798
way/208162450,Unnamed Feature,road,11.6686859,78.1590548,,,residential,11.670308799999999,78.1570798
way/208162456,Unnamed Feature,road,11.6660936,78.1559606,,,residential,11.670308799999999,78.1570798
way/208162458,Unnamed Feature,road,11.674593,78.1583729,,,residential,11.670308799999999,78.1570798
way/208162459,Unnamed Feature,road,11.6720074,78.1573491,,,residential,11.670308799999999,78.1570798
way/208162466,Unnamed Feature,road,11.6717816,78.1556627,,,residential,11.670308799999999,78.1570798
way/208162469,Unnamed Feature,road,11.6699965,78.16117,,,residential,11.670308799999999,78.1570798
way/208162479,Unnamed Feature,road,11.6697639,78.1519216,,,residential,11.670308799999999,78.1570798
way/208162491,Unnamed Feature,road,11.6657573,78.1572969,,,residential,11.670308799999999,78.1570798
way/208162493,Unnamed Feature,road,11.6679597,78.1573556,,,residential,11.670308799999999,78.1570798
way/208162495,Unnamed Feature,road,11.6714389,78.1595524,,,residential,11.670308799999999,78.1570798
way/208162496,Unnamed Feature,road,11.6726005,78.160903,,,residential,11.670308799999999,78.1570798
way/208162497,Unnamed Feature,road,11.6729323,78.1615716,,,residential,11.670308799999999,78.1570798
way/208162499,Unnamed Feature,road,11.6662157,78.1542907,,,residential,11.670308799999999,78.1570798
way/208162503,Unnamed Feature,road,11.6697411,78.1566655,,,residential,11.670308799999999,78.1570798
way/208162506,Unnamed Feature,road,11.6701377,78.1614469,,,residential,11.670308799999999,78.1570798
way/208162510,Unnamed Feature,road,11.674696,78.1538535,,,residential,11.670308799999999,78.1570798
way/208162516,Unnamed Feature,road,11.6678132,78.1575249,,,residential,11.670308799999999,78.1570798
way/208162520,Unnamed Feature,road,11.6663467,78.1581384,,,residential,11.670308799999999,78.1570798
way/208162521,Unnamed Feature,road,11.6706168,78.1547224,,,residential,11.670308799999999,78.1570798
way/208162523,Unnamed Feature,road,11.6692405,78.1529756,,,residential,11.670308799999999,78.1570798
way/208162526,Unnamed Feature,road,11.6678141,78.1579577,,,residential,11.670308799999999,78.1570798
way/356404313,Unnamed Feature,road,11.6665451,78.1596567,,,residential,11.670308799999999,78.1570798
way/356404317,Unnamed Feature,road,11.666852,78.1600782,,,residential,11.670308799999999,78.1570798
way/356404319,Unnamed Feature,road,11.6704553,78.1601681,,,residential,11.670308799999999,78.1570798
way/356404320,Unnamed Feature,road,11.6708452,78.1589717,,,residential,11.670308799999999,78.1570798
way/356404344,Unnamed Feature,road,11.6714709,78.1595499,,,residential,11.670308799999999,78.1570798
way/356404352,Unnamed Feature,road,11.6706809,78.1595367,,,residential,11.670308799999999,78.1570798
way/356404355,Unnamed Feature,road,11.6662377,78.1596192,,,residential,11.670308799999999,78.1570798
way/356404361,Unnamed Feature,road,11.6662241,78.1570215,,,residential,11.670308799999999,78.1570798
way/356404413,Unnamed Feature,road,11.6681818,78.1605584,,,residential,11.670308799999999,78.1570798
way/356404435,Unnamed Feature,road,11.670376,78.1613239,,,residential,11.670308799999999,78.1570798
way/356404440,Unnamed Feature,road,11.6664383,78.1583977,,,residential,11.670308799999999,78.1570798
way/356405158,Unnamed Feature,road,11.6739037,78.159338,,,residential,11.670308799999999,78.1570798
way/356405161,Unnamed Feature,road,11.6705272,78.1577432,,,residential,11.670308799999999,78.1570798
way/356405166,Unnamed Feature,road,11.6722749,78.1542204,,,residential,11.670308799999999,78.1570798
way/356405167,Unnamed Feature,road,11.6738545,78.1598287,,,residential,11.670308799999999,78.1570798
way/356405176,Unnamed Feature,road,11.6723921,78.1561662,,,residential,11.670308799999999,78.1570798
way/356405177,Unnamed Feature,road,11.673462,78.1605475,,,residential,11.670308799999999,78.1570798
way/356405180,Unnamed Feature,road,11.6740343,78.1582895,,,residential,11.670308799999999,78.1570798
way/356405182,Unnamed Feature,road,11.6721097,78.153775,,,residential,11.670308799999999,78.1570798
way/356405186,Unnamed Feature,road,11.671892,78.1558465,,,residential,11.670308799999999,78.1570798
way/356405190,Unnamed Feature,road,11.6727396,78.1533137,,,residential,11.670308799999999,78.1570798
way/356405192,Unnamed Feature,road,11.6720648,78.1544958,,,residential,11.670308799999999,78.1570798
way/356405194,Unnamed Feature,road,11.6726181,78.1538877,,,residential,11.670308799999999,78.1570798
way/356405195,Unnamed Feature,road,11.6736623,78.1582431,,,residential,11.670308799999999,78.1570798
way/356405203,Unnamed Feature,road,11.6689457,78.1587751,,,residential,11.670308799999999,78.1570798
way/356405204,Unnamed Feature,road,11.6738588,78.1582422,,,residential,11.670308799999999,78.1570798
way/356405208,Unnamed Feature,road,11.6715547,78.1527801,,,residential,11.670308799999999,78.1570798
way/356405216,Unnamed Feature,road,11.6689203,78.1592119,,,residential,11.670308799999999,78.1570798
way/356405217,Unnamed Feature,road,11.6713413,78.1543657,,,residential,11.670308799999999,78.1570798
way/356405243,Unnamed Feature,road,11.6694595,78.1570497,,,residential,11.670308799999999,78.1570798
way/356405244,Unnamed Feature,road,11.6720572,78.1609351,,,residential,11.670308799999999,78.1570798
way/356405248,Unnamed Feature,road,11.6693321,78.157799,,,residential,11.670308799999999,78.1570798
way/356405256,Unnamed Feature,road,11.6746109,78.1559065,,,residential,11.670308799999999,78.1570798
way/356405257,Unnamed Feature,road,11.6724211,78.1551009,,,residential,11.670308799999999,78.1570798
way/356405263,Unnamed Feature,road,11.6714173,78.1568968,,,residential,11.670308799999999,78.1570798
way/374689482,Gandhi Road,road,11.6715744,78.1548676,,,tertiary,11.670308799999999,78.1570798
way/374689487,Unnamed Feature,road,11.6668284,78.1576038,,,unclassified,11.670308799999999,78.1570798
way/388279982,Johnsonpet Road,road,11.6710267,78.1604629,,,tertiary,11.670308799999999,78.1570798
way/432304069,Unnamed Feature,road,11.6663836,78.1546461,,,residential,11.670308799999999,78.1570798
way/432304080,Unnamed Feature,road,11.6683051,78.1537148,,,residential,11.670308799999999,78.1570798
way/432304103,Unnamed Feature,road,11.6680608,78.1567898,,,residential,11.670308799999999,78.1570798
way/432304126,Unnamed Feature,road,11.6684928,78.1570703,,,residential,11.670308799999999,78.1570798
way/432304132,Unnamed Feature,road,11.6674657,78.1581762,,,residential,11.670308799999999,78.1570798
way/432304134,Unnamed Feature,road,11.6690893,78.1561625,,,residential,11.670308799999999,78.1570798
way/432827789,Unnamed Feature,road,11.6692836,78.1545751,,,residential,11.670308799999999,78.1570798
way/432827790,Unnamed Feature,road,11.6698209,78.1530005,,,residential,11.670308799999999,78.1570798
way/432827793,Unnamed Feature,road,11.6691801,78.1549824,,,residential,11.670308799999999,78.1570798
way/432827807,Unnamed Feature,road,11.6694864,78.1540662,,,residential,11.670308799999999,78.1570798
way/432827815,Unnamed Feature,road,11.6691664,78.1532174,,,residential,11.670308799999999,78.1570798
way/432827819,Unnamed Feature,road,11.6681345,78.1589157,,,residential,11.670308799999999,78.1570798
way/432827825,Unnamed Feature,road,11.6686888,78.1552846,,,residential,11.670308799999999,78.1570798
way/432827842,Unnamed Feature,road,11.6684364,78.155011,,,residential,11.670308799999999,78.1570798
way/432827846,Unnamed Feature,road,11.667575,78.1560309,,,residential,11.670308799999999,78.1570798
way/952198697,Savari Muthu,road,11.6712797,78.154067,,,residential,11.670308799999999,78.1570798
way/1043789700,Armed Reserve Force Road,road,11.6670912,78.1590908,,,residential,11.670308799999999,78.1570798
way/1066310421,Unnamed Feature,road,11.6728238,78.1530129,,,residential,11.670308799999999,78.1570798
way/1066310423,Unnamed Feature,road,11.6746221,78.1564035,,,residential,11.670308799999999,78.1570798
way/1066324810,Unnamed Feature,road,11.6706515,78.1560199,,,residential,11.670308799999999,78.1570798
way/1066324811,Unnamed Feature,road,11.6675618,78.1547214,,,residential,11.670308799999999,78.1570798
way/1066324812,Unnamed Feature,road,11.6663625,78.1553166,,,residential,11.670308799999999,78.1570798
way/1074397146,Unnamed Feature,road,11.6697031,78.1548243,,,residential,11.670308799999999,78.1570798
way/1120545092,Unnamed Feature,road,11.6684724,78.1527736,,,residential,11.670308799999999,78.1570798
way/1133458970,Unnamed Feature,road,11.6681108,78.1542697,,,residential,11.670308799999999,78.1570798
way/1153412054,Salem Forest Office,office,11.6696147,78.1593442,,,,11.670308799999999,78.1570798
way/1212751752,Unnamed Feature,road,11.6688339,78.1546387,,,residential,11.670308799999999,78.1570798
way/1228476359,Unnamed Feature,road,11.6670936,78.1597886,,,residential,11.670308799999999,78.1570798
way/1228476360,Unnamed Feature,road,11.6665521,78.1596457,,,residential,11.670308799999999,78.1570798
way/1228476363,CSI Hobart Edu Institute,education,11.673245,78.1567934,school,,,11.670308799999999,78.1570798
way/1228478256,PWD Bungalow Roundabout,road,11.6749293,78.156887,,,residential,11.670308799999999,78.1570798
way/1453854491,Unnamed Feature,road,11.6713368,78.1583269,,,tertiary,11.670308799999999,78.1570798
way/1453854492,Johnsonpet Rd,road,11.6712691,78.1583209,,,tertiary,11.670308799999999,78.1570798
node/10729578042,St. Paul's Primary School,education,11.6666385,78.1616741,school,,,11.670308799999999,78.1620798
way/207574580,Unnamed Feature,road,11.671828,78.16497,,,residential,11.670308799999999,78.1620798
way/207574587,Unnamed Feature,road,11.6663179,78.1629649,,,residential,11.670308799999999,78.1620798
way/207574597,Unnamed Feature,road,11.6729616,78.1644646,,,residential,11.670308799999999,78.1620798
way/207574600,Unnamed Feature,road,11.6730066,78.1634964,,,residential,11.670308799999999,78.1620798
way/207574607,Unnamed Feature,road,11.6727485,78.1644117,,,residential,11.670308799999999,78.1620798
way/207574609,Unnamed Feature,road,11.671771,78.1635394,,,residential,11.670308799999999,78.1620798
way/207574614,Unnamed Feature,road,11.6719555,78.1635852,,,residential,11.670308799999999,78.1620798
way/207574621,Unnamed Feature,road,11.6721879,78.1637158,,,residential,11.670308799999999,78.1620798
way/207574622,Unnamed Feature,road,11.6714989,78.1634722,,,residential,11.670308799999999,78.1620798
way/207574625,Unnamed Feature,road,11.6659692,78.1625826,,,residential,11.670308799999999,78.1620798
way/207574638,Unnamed Feature,road,11.6674102,78.1643687,,,residential,11.670308799999999,78.1620798
way/207574646,Unnamed Feature,road,11.6681685,78.1637415,,,residential,11.670308799999999,78.1620798
way/207574648,Unnamed Feature,road,11.67243,78.1638268,,,residential,11.670308799999999,78.1620798
way/207574659,Unnamed Feature,road,11.6729622,78.1639622,,,residential,11.670308799999999,78.1620798
way/207574660,Unnamed Feature,road,11.6667992,78.1635535,,,residential,11.670308799999999,78.1620798
way/207574662,Unnamed Feature,road,11.6671104,78.1639927,,,residential,11.670308799999999,78.1620798
way/207574667,Unnamed Feature,road,11.6710055,78.1638341,,,residential,11.670308799999999,78.1620798
way/207574669,Unnamed Feature,road,11.6659092,78.1627184,,,residential,11.670308799999999,78.1620798
way/207574670,Unnamed Feature,road,11.6731354,78.1647973,,,residential,11.670308799999999,78.1620798
way/207574680,Unnamed Feature,road,11.6673789,78.1627146,,,tertiary,11.670308799999999,78.1620798
way/207574684,Unnamed Feature,road,11.6685174,78.1659224,,,residential,11.670308799999999,78.1620798
way/207574694,Unnamed Feature,road,11.6727525,78.1654203,,,residential,11.670308799999999,78.1620798
way/207574695,Unnamed Feature,road,11.6725309,78.1653607,,,residential,11.670308799999999,78.1620798
way/208162460,Unnamed Feature,road,11.6745898,78.160205,,,residential,11.670308799999999,78.1620798
way/208162472,Unnamed Feature,road,11.6743438,78.1601341,,,residential,11.670308799999999,78.1620798
way/356401616,Unnamed Feature,road,11.672464,78.1662277,,,residential,11.670308799999999,78.1620798
way/356401685,Unnamed Feature,road,11.6705548,78.1664516,,,residential,11.670308799999999,78.1620798
way/356401726,Unnamed Feature,road,11.6693897,78.1662852,,,residential,11.670308799999999,78.1620798
way/356401727,Unnamed Feature,road,11.6709641,78.1663756,,,residential,11.670308799999999,78.1620798
way/356404342,Unnamed Feature,road,11.6679384,78.1656388,,,residential,11.670308799999999,78.1620798
way/356404369,Unnamed Feature,road,11.6667736,78.1653927,,,residential,11.670308799999999,78.1620798
way/356404385,Unnamed Feature,road,11.6689228,78.1642372,,,residential,11.670308799999999,78.1620798
way/356404389,Unnamed Feature,road,11.6680895,78.1644468,,,residential,11.670308799999999,78.1620798
way/356404395,Unnamed Feature,road,11.6679917,78.1652879,,,residential,11.670308799999999,78.1620798
way/356404398,Unnamed Feature,road,11.6701302,78.1650635,,,residential,11.670308799999999,78.1620798
way/356404411,Unnamed Feature,road,11.6663447,78.1621196,,,residential,11.670308799999999,78.1620798
way/356404437,Unnamed Feature,road,11.668127,78.1646141,,,residential,11.670308799999999,78.1620798
way/356405168,Unnamed Feature,road,11.6736857,78.1613902,,,residential,11.670308799999999,78.1620798
way/356405178,Unnamed Feature,road,11.6713673,78.1622062,,,residential,11.670308799999999,78.1620798
way/356405183,Unnamed Feature,road,11.6736995,78.1611134,,,residential,11.670308799999999,78.1620798
way/356405207,Unnamed Feature,road,11.6724296,78.1623652,,,residential,11.670308799999999,78.1620798
way/356405211,Unnamed Feature,road,11.6711535,78.1621655,,,residential,11.670308799999999,78.1620798
way/356405218,Unnamed Feature,road,11.6712666,78.1634174,,,residential,11.670308799999999,78.1620798
way/356405223,Unnamed Feature,road,11.6716327,78.1622555,,,residential,11.670308799999999,78.1620798
way/356405227,Unnamed Feature,road,11.6731719,78.1624742,,,residential,11.670308799999999,78.1620798
way/356405240,Unnamed Feature,road,11.6720802,78.1623317,,,residential,11.670308799999999,78.1620798
way/356405251,Unnamed Feature,road,11.6723791,78.1616711,,,residential,11.670308799999999,78.1620798
way/356405253,Unnamed Feature,road,11.6717741,78.1622784,,,residential,11.670308799999999,78.1620798
way/1066309098,Unnamed Feature,road,11.6702591,78.1617567,,,residential,11.670308799999999,78.1620798
way/1066309099,Unnamed Feature,road,11.6700121,78.1620063,,,residential,11.670308799999999,78.1620798
way/1066309100,Unnamed Feature,road,11.6715142,78.1618188,,,residential,11.670308799999999,78.1620798
way/1066309101,Unnamed Feature,road,11.6733536,78.1613707,,,residential,11.670308799999999,78.1620798
way/1066310418,Unnamed Feature,road,11.6724947,78.1617696,,,residential,11.670308799999999,78.1620798
way/1066310424,Unnamed Feature,road,11.6666277,78.1605574,,,residential,11.670308799999999,78.1620798
way/1066310425,Unnamed Feature,road,11.6664526,78.1623635,,,residential,11.670308799999999,78.1620798
way/1120328239,St. Paul Primary School,education,11.6666183,78.1616285,school,,,11.670308799999999,78.1620798
way/1120328240,St. Paul Higher Secondary School,education,11.6650859,78.1619786,school,,,11.670308799999999,78.1620798
node/4132074190,Dhanam Mess,restaurant,11.675501,78.1282058,fast_food,,,11.6752737,78.13176059999999
node/4299395093,Reliance Supermarket,grocery_store,11.6752079,78.1329478,,supermarket,,11.6752737,78.13176059999999
node/4305472890,Ramani Hyundai,shop_car,11.6780595,78.1324701,,car,,11.6752737,78.13176059999999
node/4426163192,Reliance Trends,shop_clothes,11.6750686,78.1323039,,clothes,,11.6752737,78.13176059999999
node/5205523145,"Hosanna Tours & Travels Pvt.Ltd.,",shop_travel_agency,11.6759693,78.1289297,,travel_agency,,11.6752737,78.13176059999999
node/6886284881,Minu Labs and Blood Bank,other,11.6754142,78.1314491,blood_bank,,,11.6752737,78.13176059999999
node/6886284886,Kurinji Hospital Blood Bank,other,11.6771688,78.135463,blood_bank,,,11.6752737,78.13176059999999
node/6914896198,"R.K. Hospital, Salem",healthcare,11.6746905,78.1339717,hospital,,,11.6752737,78.13176059999999
node/6933523233,"Kurinji Hospital, Salem",healthcare,11.6771806,78.1351224,hospital,,,11.6752737,78.13176059999999
node/6936421216,Bhavani Hospital,healthcare,11.6745697,78.1362683,hospital,,,11.6752737,78.13176059999999
node/7215478767,Tamil Nadu science Forum,office,11.6742794,78.1355629,,,,11.6752737,78.13176059999999
node/7840770069,Venkatesh Hospital and Urology Centre,healthcare,11.6759517,78.1324029,hospital,,,11.6752737,78.13176059999999
node/7840770135,Bismillah Piles Clinic,healthcare,11.6755285,78.1343325,clinic,,,11.6752737,78.13176059999999
node/9381012730,5 Road,bus_stop,11.675611,78.1340668,,,bus_stop,11.6752737,78.13176059999999
node/9719985262,5 Road,bus_stop,11.6754487,78.133721,,,bus_stop,11.6752737,78.13176059999999
node/10688153212,Sri Saravana Bhavan's Aasai Dosai,restaurant,11.6750586,78.1274372,restaurant,,,11.6752737,78.13176059999999
node/10688153213,Unnamed Feature,pharmacy,11.6748616,78.1344942,pharmacy,,,11.6752737,78.13176059999999
node/10688153216,State Bank of India,bank,11.6756101,78.1289149,bank,,,11.6752737,78.13176059999999
node/10688153217,Union Bank of India,bank,11.6755891,78.1296327,bank,,,11.6752737,78.13176059999999
node/10688153218,Decathlon,shop_sports,11.6750636,78.1324864,,sports,,11.6752737,78.13176059999999
node/10688153221,Poorvika,shop_electronics,11.6747657,78.1345886,,electronics,,11.6752737,78.13176059999999
node/10688153230,Kotak Mahindra Bank,bank,11.6755693,78.1291338,bank,,,11.6752737,78.13176059999999
node/11073590172,5 Road,bus_stop,11.6755549,78.1338854,,,bus_stop,11.6752737,78.13176059999999
way/28562510,Puratchi Thalaivi Jayalalithaa Two Tier Flyover,road,11.6764484,78.1442761,,,primary,11.6752737,78.13176059999999
way/197134461,Unnamed Feature,road,11.6717311,78.1262773,,,tertiary,11.6752737,78.13176059999999
way/207905947,Unnamed Feature,road,11.6786396,78.1336283,,,residential,11.6752737,78.13176059999999
way/207905963,Unnamed Feature,road,11.6786601,78.133636,,,residential,11.6752737,78.13176059999999
way/207905983,Unnamed Feature,road,11.6760389,78.1299833,,,residential,11.6752737,78.13176059999999
way/207905996,Unnamed Feature,road,11.6750293,78.1287568,,,residential,11.6752737,78.13176059999999
way/207905997,Unnamed Feature,road,11.6762298,78.1308747,,,residential,11.6752737,78.13176059999999
way/207906011,Unnamed Feature,road,11.6793579,78.1329148,,,residential,11.6752737,78.13176059999999
way/207906015,Unnamed Feature,road,11.6746647,78.1359493,,,residential,11.6752737,78.13176059999999
way/232492921,Unnamed Feature,road,11.6770566,78.1334357,,,residential,11.6752737,78.13176059999999
way/356793955,Unnamed Feature,road,11.6768701,78.1367184,,,residential,11.6752737,78.13176059999999
way/356793965,Unnamed Feature,road,11.6782247,78.1348227,,,residential,11.6752737,78.13176059999999
way/356793972,Unnamed Feature,road,11.6784071,78.1348537,,,residential,11.6752737,78.13176059999999
way/356793973,Unnamed Feature,road,11.6762358,78.1346046,,,residential,11.6752737,78.13176059999999
way/356793983,Unnamed Feature,road,11.6773343,78.135912,,,residential,11.6752737,78.13176059999999
way/356793984,Unnamed Feature,road,11.6761676,78.1362041,,,residential,11.6752737,78.13176059999999
way/356793985,Unnamed Feature,road,11.6763695,78.1353411,,,residential,11.6752737,78.13176059999999
way/356793987,Unnamed Feature,road,11.6786351,78.1337933,,,residential,11.6752737,78.13176059999999
way/356793988,Unnamed Feature,road,11.6761852,78.1341455,,,residential,11.6752737,78.13176059999999
way/356793995,Unnamed Feature,road,11.677399,78.1361657,,,residential,11.6752737,78.13176059999999
way/356882427,Unnamed Feature,road,11.6778047,78.1319836,,,residential,11.6752737,78.13176059999999
way/356882434,Unnamed Feature,road,11.6772456,78.1313545,,,residential,11.6752737,78.13176059999999
way/356882441,Unnamed Feature,road,11.6750642,78.1284562,,,residential,11.6752737,78.13176059999999
way/356882442,Unnamed Feature,road,11.67533,78.1315024,,,residential,11.6752737,78.13176059999999
way/356882443,Unnamed Feature,road,11.6769299,78.1310433,,,residential,11.6752737,78.13176059999999
way/356882447,Unnamed Feature,road,11.6765418,78.1327344,,,residential,11.6752737,78.13176059999999
way/356882449,Unnamed Feature,road,11.6749876,78.130386,,,residential,11.6752737,78.13176059999999
way/356882451,Unnamed Feature,road,11.6778945,78.1316137,,,residential,11.6752737,78.13176059999999
way/356882456,Unnamed Feature,road,11.675996,78.1325265,,,residential,11.6752737,78.13176059999999
way/356882459,Unnamed Feature,road,11.6769634,78.1304147,,,residential,11.6752737,78.13176059999999
way/356882460,Unnamed Feature,road,11.6752018,78.1310582,,,residential,11.6752737,78.13176059999999
way/356882461,Unnamed Feature,road,11.6765161,78.1304317,,,residential,11.6752737,78.13176059999999
way/356882467,Unnamed Feature,road,11.6780087,78.1314484,,,residential,11.6752737,78.13176059999999
way/356882477,Unnamed Feature,road,11.6775839,78.1317856,,,residential,11.6752737,78.13176059999999
way/356882496,Unnamed Feature,road,11.6785429,78.1311746,,,residential,11.6752737,78.13176059999999
way/356882498,Unnamed Feature,road,11.6778469,78.1319927,,,residential,11.6752737,78.13176059999999
way/356882504,Unnamed Feature,road,11.6761668,78.1312344,,,residential,11.6752737,78.13176059999999
way/356882505,Unnamed Feature,road,11.6750487,78.1289513,,,residential,11.6752737,78.13176059999999
way/356882506,Unnamed Feature,road,11.6759451,78.1311168,,,residential,11.6752737,78.13176059999999
way/356882510,Unnamed Feature,road,11.6775069,78.1308093,,,residential,11.6752737,78.13176059999999
way/356882511,Unnamed Feature,road,11.6778758,78.1313805,,,residential,11.6752737,78.13176059999999
way/356969880,Unnamed Feature,road,11.6739728,78.1349658,,,residential,11.6752737,78.13176059999999
way/356969896,Unnamed Feature,road,11.6744305,78.1346764,,,residential,11.6752737,78.13176059999999
way/374690849,Unnamed Feature,road,11.6716994,78.1265289,,,tertiary,11.6752737,78.13176059999999
way/430888048,Unnamed Feature,road,11.6738943,78.1282868,,,residential,11.6752737,78.13176059999999
way/1017058821,Unnamed Feature,road,11.6735402,78.1358857,,,primary,11.6752737,78.13176059999999
way/1017058822,Unnamed Feature,road,11.6737168,78.1353917,,,primary,11.6752737,78.13176059999999
way/1055890425,Unnamed Feature,road,11.6764866,78.1418091,,,primary,11.6752737,78.13176059999999
way/1055890426,Unnamed Feature,road,11.6760515,78.1377352,,,primary,11.6752737,78.13176059999999
way/1055890430,Unnamed Feature,road,11.6751909,78.1325925,,,residential,11.6752737,78.13176059999999
way/1056191335,Puratchi Thalaivi Jayalalithaa Two Tier Flyover,road,11.67548,78.1341448,,,primary,11.6752737,78.13176059999999
way/1057825620,Unnamed Feature,road,11.6755173,78.1326284,,,primary,11.6752737,78.13176059999999
way/1057825621,Unnamed Feature,road,11.6756254,78.1312,,,primary,11.6752737,78.13176059999999
way/1057825622,Unnamed Feature,road,11.6756472,78.1324768,,,primary,11.6752737,78.13176059999999
way/1057825623,Varanasi - Kanniyakumari Road (Old NH7),road,11.6755107,78.1340532,,,primary,11.6752737,78.13176059999999
way/1057825624,Unnamed Feature,road,11.6753848,78.1342999,,,primary,11.6752737,78.13176059999999
way/1088100946,Salem Junction - Yercaud Road,road,11.6757724,78.1296437,,,primary,11.6752737,78.13176059999999
way/1088100947,Puratchi Thalaivi Jayalalithaa Two Tier Flyover,road,11.675629,78.1325106,,,primary,11.6752737,78.13176059999999
way/1088100949,Puratchi Thalaivi Jayalalithaa Two Tier Flyover,road,11.673718,78.1342014,,,primary,11.6752737,78.13176059999999
way/1088100950,Unnamed Feature,road,11.6756889,78.1291767,,,primary,11.6752737,78.13176059999999
way/1088100951,Unnamed Feature,road,11.6754538,78.1327776,,,residential,11.6752737,78.13176059999999
way/1089836597,Salem Junction - Yercaud Road,road,11.6758368,78.1281623,,,primary,11.6752737,78.13176059999999
way/1089836598,Salem Junction - Yercaud Road,road,11.6758393,78.127975,,,primary,11.6752737,78.13176059999999
way/1089836603,Unnamed Feature,road,11.6748692,78.1254953,,,primary,11.6752737,78.13176059999999
way/1123528634,Unnamed Feature,road,11.677366,78.1323651,,,residential,11.6752737,78.13176059999999
way/1127409867,Unnamed Feature,road,11.6741776,78.1291348,,,residential,11.6752737,78.13176059999999
way/1192808453,Puratchi Thalaivi Jayalalithaa Two Tier Flyover,road,11.6756521,78.1310899,,,primary,11.6752737,78.13176059999999
way/1192808454,Puratchi Thalaivi Jayalalithaa Two Tier Flyover,road,11.6757064,78.1311896,,,primary,11.6752737,78.13176059999999
way/1205169346,Unnamed Feature,road,11.6753207,78.1341747,,,primary,11.6752737,78.13176059999999
way/1205169347,Unnamed Feature,road,11.6754014,78.1338458,,,primary,11.6752737,78.13176059999999
way/1205169348,Unnamed Feature,road,11.6751634,78.1337659,,,primary,11.6752737,78.13176059999999
way/1205169349,Unnamed Feature,road,11.6751813,78.13372,,,primary,11.6752737,78.13176059999999
way/1214951831,Unnamed Feature,road,11.6742432,78.1347668,,,residential,11.6752737,78.13176059999999
way/1368559720,Puratchi Thalaivi Jayalalitha Two Tier Flyover,road,11.6736322,78.1356988,,,primary,11.6752737,78.13176059999999
node/323638044,TVS Sundaram Motors,shop_car,12.9737535,77.5959935,,car,,12.9716,77.5946
node/597363559,Mishra Pedha,restaurant,12.9678501,77.5927753,fast_food,,,12.9716,77.5946
node/638168606,Shiro,restaurant,12.971852,77.5964092,restaurant,,,12.9716,77.5946
node/663568572,Cafe Coffee Day,restaurant,12.9717817,77.5942306,cafe,,,12.9716,77.5946
node/663568614,IELTS Test Center,office,12.9742008,77.5970447,,,,12.9716,77.5946
node/663573137,Kasturba Road,bus_stop,12.9741152,77.5960335,,,bus_stop,12.9716,77.5946
node/663941095,Museum Canteen,restaurant,12.9748503,77.5956392,fast_food,,,12.9716,77.5946
node/677286831,LimeLite Unisex Salon & Spa,shop_hairdresser,12.9711284,77.5959911,,hairdresser,,12.9716,77.5946
node/677286837,Levi's,shop_clothes,12.9710106,77.598276,,clothes,,12.9716,77.5946
node/677286838,Espirit,shop_clothes,12.9708747,77.5990041,,clothes,,12.9716,77.5946
node/1851612837,Toscano,restaurant,12.9717891,77.5962374,restaurant,,,12.9716,77.5946
node/1851613420,Cafe Noir,restaurant,12.9719381,77.5958753,restaurant,,,12.9716,77.5946
node/2079415303,St. Joseph's Indian Composite PU College,education,12.9689388,77.5950441,school,,,12.9716,77.5946
node/2468903219,Mallya Hospital,bus_stop,12.9703459,77.5943823,,,bus_stop,12.9716,77.5946
node/2872069692,Unnamed Feature,restaurant,12.9677684,77.593373,fast_food,,,12.9716,77.5946
node/3458333998,Harley Davidson,shop_motorcycle,12.9704791,77.5977284,,motorcycle,,12.9716,77.5946
node/3458333999,Smoke House Deli,restaurant,12.9715104,77.5983259,restaurant,,,12.9716,77.5946
node/3654118467,Shiva Bakery and Juice,restaurant,12.9680068,77.5918733,fast_food,,,12.9716,77.5946
node/3741208081,Kasturba Road,bus_stop,12.9740494,77.5956184,,,bus_stop,12.9716,77.5946
node/4038158089,SodaBottleOpenerWala,restaurant,12.9706578,77.5975349,restaurant,,,12.9716,77.5946
node/4307677591,Green Apple,pharmacy,12.9683737,77.5948809,pharmacy,,,12.9716,77.5946
node/4488002868,Moti Sales Corporation,office,12.9718474,77.5943937,,,,12.9716,77.5946
node/4489812790,O2 Spa,shop_beauty,12.9706238,77.5990824,,beauty,,12.9716,77.5946
node/4489832689,United Minerals,office,12.971746,77.5944262,,,,12.9716,77.5946
node/4490328354,Sapthagiri Property Consultancy,office,12.9678995,77.5925506,,,,12.9716,77.5946
node/4605313729,Cuepra Inc,office,12.9709513,77.5973294,,,,12.9716,77.5946
node/5229454406,Sri Nandi Silk House,shop_clothes,12.9679447,77.5919636,,clothes,,12.9716,77.5946
node/6882713302,Mallya Hospital Blood Bank,other,12.9681502,77.5950569,blood_bank,,,12.9716,77.5946
node/6898530486,Le Bistro,restaurant,12.9718776,77.5962988,restaurant,,,12.9716,77.5946
node/7037768785,Farzi Cafe,restaurant,12.9720385,77.5956455,restaurant,,,12.9716,77.5946
node/7243302577,Subway,restaurant,12.9718291,77.5961204,fast_food,,,12.9716,77.5946
node/7949885732,Go Native,restaurant,12.9688442,77.5970887,restaurant,,,12.9716,77.5946
node/9161061917,Hopcoms Juice Stand,restaurant,12.9748022,77.5934368,fast_food,,,12.9716,77.5946
node/9162183601,Go Green Organic's Nest,shop_greengrocer,12.9755262,77.5953238,,greengrocer,,12.9716,77.5946
node/9162183602,Hopcoms Juice Stand,restaurant,12.9756556,77.5951856,fast_food,,,12.9716,77.5946
node/9162183603,Jaivik Mall,shop_greengrocer,12.975998,77.5948369,,greengrocer,,12.9716,77.5946
node/9532858987,Starbucks,restaurant,12.97119,77.5982058,cafe,,,12.9716,77.5946
node/9532858988,Theobroma,restaurant,12.9712972,77.5975701,cafe,pastry,,12.9716,77.5946
node/9532858989,BMW,shop_motorcycle,12.9705444,77.5977405,,motorcycle,,12.9716,77.5946
node/9540035597,Forest Essentials,shop_beauty,12.9716893,77.5980556,,beauty,,12.9716,77.5946
node/9540035598,Canara Bank,bank,12.970798,77.5973193,bank,,,12.9716,77.5946
node/9892036257,Bengaluru Baking Company,shop_bakery,12.9721872,77.594908,,bakery,,12.9716,77.5946
node/10051816948,The Merak Brewhouse,restaurant,12.9721424,77.5951388,restaurant,,,12.9716,77.5946
node/10236025477,Cantan,restaurant,12.9706006,77.5975205,restaurant,,,12.9716,77.5946
node/10236025479,Ritu Kumar,shop_boutique,12.970151,77.597715,,boutique,,12.9716,77.5946
node/10236025482,Glen's Bakehouse,restaurant,12.969789,77.5974038,cafe,pastry,,12.9716,77.5946
node/10272932183,Raymond,shop_clothes,12.9708619,77.5983923,,clothes,,12.9716,77.5946
node/10272932184,Bombay Shirt Company,shop_clothes,12.9719179,77.5981991,,clothes,,12.9716,77.5946
node/10272932185,Nykaa Luxe,shop_beauty,12.971667,77.5983627,,beauty,,12.9716,77.5946
node/10290842821,One Night in Bangkok,restaurant,12.9722002,77.5963457,restaurant,,,12.9716,77.5946
node/10291118242,Apple,office,12.9718591,77.5956698,,,,12.9716,77.5946
node/10291118243,The Executive Centre,office,12.9718199,77.5956872,coworking_space,,,12.9716,77.5946
node/10728055708,The Purple Turtles,shop_lighting,12.9688729,77.5970417,,lighting,,12.9716,77.5946
node/10753340367,MAP Cafe,restaurant,12.9746415,77.5967427,cafe,,,12.9716,77.5946
node/10855355393,Isharya,shop_jewelry,12.9714647,77.5975648,,jewelry,,12.9716,77.5946
node/10865280923,Öz by Kebapçi,restaurant,12.9716094,77.5960305,restaurant,,,12.9716,77.5946
node/10924790338,Truefitt & Hill,shop_hairdresser,12.9716172,77.5984155,,hairdresser,,12.9716,77.5946
node/11107546220,Cumulus,restaurant,12.9744846,77.5967949,restaurant,,,12.9716,77.5946
node/11146651148,Heads Up For Tails,shop_pet,12.9709058,77.5980275,,pet,,12.9716,77.5946
node/11297781803,Unnamed Feature,shop_motorcycle,12.970949,77.5978079,,motorcycle,,12.9716,77.5946
node/11342975208,Kasturba Road,bus_stop,12.9738378,77.5953901,,,bus_stop,12.9716,77.5946
node/11342975209,Kasturba Road,bus_stop,12.9740803,77.5956811,,,bus_stop,12.9716,77.5946
node/11819678538,Kasturba Road,bus_stop,12.9741511,77.5957681,,,bus_stop,12.9716,77.5946
node/11921199878,Sozo Skyline,restaurant,12.9746977,77.5970538,restaurant,,,12.9716,77.5946
node/12118054087,Longitude Constructions,office,12.972931,77.5989418,,,,12.9716,77.5946
node/12118200955,Mad Fern,shop_beauty,12.9687789,77.5975893,,beauty,,12.9716,77.5946
node/12118752214,Jeane Claude Biguine,shop_beauty,12.971867,77.5981884,,beauty,,12.9716,77.5946
node/12118752215,Good Earth,shop_furniture,12.9717389,77.5979336,,furniture,,12.9716,77.5946
node/12118752216,Nicobar,shop_clothes,12.971667,77.5979269,,clothes,,12.9716,77.5946
node/12118752217,Bounce,shop_hairdresser,12.9713756,77.5975648,,hairdresser,,12.9716,77.5946
node/12118752218,Raw Mango,shop_clothes,12.9715089,77.5976023,,clothes,,12.9716,77.5946
node/12118752219,Vaishnavi,office,12.9721734,77.5979993,,,,12.9716,77.5946
node/12118752220,IndiQube Grandeur,office,12.9725988,77.5983681,,,,12.9716,77.5946
node/12118752231,ALMT Legal,office,12.967881,77.5962129,,,,12.9716,77.5946
node/12118752241,MFAR Developers Private Limited,office,12.9679881,77.5961781,,,,12.9716,77.5946
node/12118791713,Asha's Store,grocery_store,12.9725459,77.5990192,,convenience,,12.9716,77.5946
node/12118802546,Savills,office,12.9746232,77.5971061,,,,12.9716,77.5946
node/12118802550,SKAV Developers Pvt. Ltd.,office,12.972985,77.5989441,,,,12.9716,77.5946
node/12119590183,Third Wave Coffee,restaurant,12.9717772,77.5958246,cafe,,,12.9716,77.5946
node/12119590715,PMJ Jewels,shop_jewelry,12.9710829,77.5960547,,jewelry,,12.9716,77.5946
node/12119599766,Farah Builders Private Limited,office,12.9716298,77.5971182,,,,12.9716,77.5946
node/12119599769,TTS India,office,12.9713338,77.5974253,,,,12.9716,77.5946
node/12119599770,Synergia Foundation,office,12.9714762,77.5974347,,,,12.9716,77.5946
node/12129019647,Botany Brew and Kitchen,restaurant,12.9746519,77.5970726,restaurant,,,12.9716,77.5946
node/12461000328,Blue Tokai Coffee Roasters,restaurant,12.971744,77.5943973,cafe,,,12.9716,77.5946
node/12461052120,Hamleys,shop_toys,12.9716847,77.5962545,,toys,,12.9716,77.5946
node/12461052121,Samsung,shop_electronics,12.9716723,77.5962981,,electronics,,12.9716,77.5946
node/12461052122,Imagine,shop_electronics,12.9716494,77.5963658,,electronics,,12.9716,77.5946
node/12461052123,Swarovski,shop_jewelry,12.9716291,77.5964208,,jewelry,,12.9716,77.5946
node/12461052124,L'Occitane,shop_cosmetics,12.9715984,77.59652,,cosmetics,,12.9716,77.5946
node/12461052125,Tumi,shop_bag,12.9714331,77.596461,,bag,,12.9716,77.5946
node/12461052126,Diesel,shop_clothes,12.9714677,77.5963739,,clothes,,12.9716,77.5946
node/12461052127,Mango,shop_clothes,12.9714886,77.5963162,,clothes,,12.9716,77.5946
node/12461052128,Versace,shop_clothes,12.9715076,77.5962518,,clothes,,12.9716,77.5946
node/12461052129,Longines,shop_watches,12.9715226,77.5962035,,watches,,12.9716,77.5946
node/12461052130,Omega,shop_watches,12.9715416,77.5961398,,watches,,12.9716,77.5946
node/12461052131,Rolex,shop_watches,12.971637,77.59629,,watches,,12.9716,77.5946
node/12461052132,Burberry,shop_clothes,12.9716134,77.5963504,,clothes,,12.9716,77.5946
node/12461052133,Michael Kors,shop_clothes,12.9715867,77.5964195,,clothes,,12.9716,77.5946
node/12461052134,Canali,shop_clothes,12.9715612,77.5965133,,clothes,,12.9716,77.5946
node/12461052135,Salvatore Ferragamo,shop_shoes,12.9715148,77.5964959,,shoes,,12.9716,77.5946
node/12461052136,Hackett London,shop_clothes,12.9714717,77.5964684,,clothes,,12.9716,77.5946
node/12461052137,Emporio Armani,shop_clothes,12.9714952,77.5963859,,clothes,,12.9716,77.5946
node/12461052138,Coach,shop_bag,12.9715167,77.5963256,,bag,,12.9716,77.5946
node/12461052139,Jimmy Choo,shop_shoes,12.9715357,77.5962552,,shoes,,12.9716,77.5946
node/12461052140,Hugo Boss,shop_clothes,12.9715566,77.5962102,,clothes,,12.9716,77.5946
node/12461052141,Louis Vuitton,shop_clothes,12.9715795,77.5961485,,clothes,,12.9716,77.5946
node/12461052143,Sanchez,restaurant,12.9717337,77.5963457,restaurant,,,12.9716,77.5946
node/12461052144,Badmaash,restaurant,12.9721153,77.5963095,restaurant,,,12.9716,77.5946
node/12461101421,Roger Dubuis,shop_watches,12.9693297,77.5970558,,watches,,12.9716,77.5946
node/12461101422,Baume & Mercier,shop_watches,12.9693558,77.5970618,,watches,,12.9716,77.5946
node/12461101423,Jaeger-LeCoultre,shop_watches,12.9693832,77.596976,,watches,,12.9716,77.5946
node/12461101424,Bvlgari,shop_fashion_accessories,12.9693538,77.5969693,,fashion_accessories,,12.9716,77.5946
node/12545885467,PartTwo,restaurant,12.970907,77.5975481,restaurant,,,12.9716,77.5946
node/12862846446,Boss Burger,restaurant,12.971363,77.5983477,fast_food,,,12.9716,77.5946
node/12927909825,Laduree,shop_pastry,12.9717073,77.5961793,,pastry,,12.9716,77.5946
node/13013588749,Riko,restaurant,12.9716906,77.5960708,restaurant,,,12.9716,77.5946
node/13013958065,Isobel Coffee House,restaurant,12.9685475,77.5964624,cafe,,,12.9716,77.5946
node/13098377619,Siorai,shop_boutique,12.9725024,77.5986612,,boutique,,12.9716,77.5946
node/13168786891,Royal China,restaurant,12.9721676,77.5964811,restaurant,,,12.9716,77.5946
node/13288585567,Madras Kitchen and The Bar,restaurant,12.9722581,77.5951553,restaurant,,,12.9716,77.5946
node/13824117220,Dolci,restaurant,12.9705043,77.5978029,cafe,,,12.9716,77.5946
node/13824117221,Hatti Kappi Signature,restaurant,12.9706522,77.5978108,cafe,,,12.9716,77.5946
way/23029710,Vittal Mallya Road,road,12.9714887,77.5962259,,,tertiary,12.9716,77.5946
way/26283603,Kasturba Road,road,12.9723595,77.5941482,,,secondary,12.9716,77.5946
way/36851759,Vittal Mallya Road,road,12.9695378,77.5944741,,,primary,12.9716,77.5946
way/36882310,Unnamed Feature,road,12.9755446,77.5920716,,,unclassified,12.9716,77.5946
way/36882311,Unnamed Feature,road,12.9735638,77.5922942,,,unclassified,12.9716,77.5946
way/36882312,Unnamed Feature,road,12.9743838,77.5909419,,,service,12.9716,77.5946
way/36882313,Kasturba Road,road,12.9718733,77.5936313,,,secondary,12.9716,77.5946
way/36913434,Kasturba Road,road,12.974464,77.5967397,,,secondary,12.9716,77.5946
way/38318489,Unnamed Feature,road,12.9741698,77.5905513,,,service,12.9716,77.5946
way/38750705,Vydehi Superspeciality Hospital,healthcare,12.9681553,77.5950421,hospital,,,12.9716,77.5946
way/38757908,Unnamed Feature,road,12.9671101,77.5934137,,,residential,12.9716,77.5946
way/38757909,Unnamed Feature,road,12.9677832,77.5915775,,,tertiary,12.9716,77.5946
way/38773283,Bishop Cotton Boys School,education,12.9684197,77.5992361,school,,,12.9716,77.5946
way/38773284,4th Cross Road,road,12.9691512,77.5976742,,,residential,12.9716,77.5946
way/38773285,2nd Cross Road,road,12.968698,77.5973767,,,residential,12.9716,77.5946
way/38773287,St. Joseph's Indian High School,education,12.9701532,77.5951294,school,,,12.9716,77.5946
way/38773290,UB City,shop_mall,12.9723089,77.5959385,,mall,,12.9716,77.5946
way/38773813,Walton Road,road,12.9718479,77.5982312,,,residential,12.9716,77.5946
way/45308260,Lavelle Road,road,12.9723077,77.5985473,,,tertiary,12.9716,77.5946
way/51869443,Unnamed Feature,road,12.9753773,77.5931485,,,footway,12.9716,77.5946
way/51869445,Unnamed Feature,road,12.9763917,77.5939187,,,footway,12.9716,77.5946
way/51869446,Unnamed Feature,road,12.9758027,77.5934649,,,footway,12.9716,77.5946
way/52020423,Unnamed Feature,road,12.9749694,77.5959821,,,service,12.9716,77.5946
way/52032471,Unnamed Feature,road,12.9751217,77.5932792,,,unclassified,12.9716,77.5946
way/52032472,Unnamed Feature,road,12.9735075,77.5905204,,,pedestrian,12.9716,77.5946
way/52033924,Unnamed Feature,road,12.9750879,77.5921146,,,footway,12.9716,77.5946
way/52033925,Unnamed Feature,road,12.97511,77.5921133,,,footway,12.9716,77.5946
way/52059210,Viswesvariya Trade Promotion Center,office,12.975329,77.5970728,,,,12.9716,77.5946
way/52060138,Sundaram Motors,shop_car,12.973739,77.596179,,car,,12.9716,77.5946
way/52060141,HDFC Bank,bank,12.9733955,77.5955623,bank,,,12.9716,77.5946
way/52060801,Unnamed Feature,road,12.9741823,77.5973258,,,residential,12.9716,77.5946
way/52063803,Unnamed Feature,road,12.9733652,77.5914171,,,footway,12.9716,77.5946
way/52063804,Unnamed Feature,road,12.9722786,77.5928355,,,footway,12.9716,77.5946
way/52063805,Unnamed Feature,road,12.9723629,77.59138,,,footway,12.9716,77.5946
way/52063806,Unnamed Feature,road,12.9728801,77.5927626,,,footway,12.9716,77.5946
way/52063807,Unnamed Feature,road,12.9729375,77.5919004,,,footway,12.9716,77.5946
way/52245035,Unnamed Feature,road,12.9704647,77.5895694,,,footway,12.9716,77.5946
way/53624313,Unnamed Feature,road,12.973999,77.5929369,,,footway,12.9716,77.5946
way/53624314,Unnamed Feature,road,12.9750073,77.5937044,,,steps,12.9716,77.5946
way/107240639,Unnamed Feature,road,12.9718003,77.5968905,,,service,12.9716,77.5946
way/112028499,Unnamed Feature,road,12.9675901,77.5923931,,,residential,12.9716,77.5946
way/112657835,Lavelle Road,road,12.9681747,77.5970868,,,tertiary,12.9716,77.5946
way/112657837,Vittal Mallya Road,road,12.9707317,77.5993625,,,tertiary,12.9716,77.5946
way/142321163,Unnamed Feature,road,12.9716284,77.5972934,,,residential,12.9716,77.5946
way/142321526,Unnamed Feature,road,12.9728019,77.595391,,,service,12.9716,77.5946
way/142321527,Unnamed Feature,road,12.9721684,77.5955262,,,service,12.9716,77.5946
way/150785560,Unnamed Feature,road,12.9722047,77.5942789,,,secondary_link,12.9716,77.5946
way/154340361,Kasturba Road,road,12.9697885,77.590899,,,primary,12.9716,77.5946
way/173470557,3rd Cross Road,road,12.9691314,77.5962744,,,residential,12.9716,77.5946
way/173470558,Unnamed Feature,road,12.9705609,77.5985735,,,residential,12.9716,77.5946
way/173470560,Unnamed Feature,road,12.9705243,77.5962132,,,service,12.9716,77.5946
way/208694344,Unnamed Feature,road,12.9751861,77.5947351,,,service,12.9716,77.5946
way/208697530,Unnamed Feature,road,12.9717862,77.5927602,,,footway,12.9716,77.5946
way/208697538,Unnamed Feature,road,12.9728844,77.59598,,,footway,12.9716,77.5946
way/208697543,Unnamed Feature,road,12.9715113,77.5958318,,,footway,12.9716,77.5946
way/208701339,7th Cross Road,road,12.9738132,77.5989602,,,residential,12.9716,77.5946
way/213087106,Unnamed Feature,road,12.9703353,77.5978118,,,service,12.9716,77.5946
way/224618934,Rajaram Mohan Roy Road,road,12.9675819,77.5919942,,,primary,12.9716,77.5946
way/251493080,Unnamed Feature,road,12.967897,77.5920925,,,steps,12.9716,77.5946
way/254297307,Unnamed Feature,road,12.9676293,77.5935142,,,steps,12.9716,77.5946
way/271062095,Unnamed Feature,road,12.9699709,77.5922471,,,service,12.9716,77.5946
way/271062150,Unnamed Feature,road,12.9699885,77.5922824,,,service,12.9716,77.5946
way/327551786,Unnamed Feature,road,12.9746051,77.596068,,,service,12.9716,77.5946
way/327551787,Unnamed Feature,road,12.974998,77.596629,,,service,12.9716,77.5946
way/327551789,Unnamed Feature,road,12.9746659,77.5957782,,,service,12.9716,77.5946
way/328350806,Unnamed Feature,road,12.9719616,77.5988197,,,service,12.9716,77.5946
way/328996274,The Churches' Council for Child and Youth Care,office,12.9731218,77.5986467,,,,12.9716,77.5946
way/331184053,Unnamed Feature,road,12.9695048,77.5971371,,,service,12.9716,77.5946
way/331384308,Unnamed Feature,road,12.9718484,77.5963613,,,service,12.9716,77.5946
way/332394765,Sunnys,restaurant,12.9718635,77.5985557,restaurant,,,12.9716,77.5946
way/337781310,Unnamed Feature,road,12.9740037,77.5915074,,,footway,12.9716,77.5946
way/337781311,Unnamed Feature,road,12.9722351,77.591194,,,footway,12.9716,77.5946
way/360675529,Vittal Mallya Road,road,12.9672057,77.5947731,,,primary_link,12.9716,77.5946
way/366192433,Unnamed Feature,road,12.9719901,77.5919746,,,footway,12.9716,77.5946
way/369295564,Unnamed Feature,road,12.9761102,77.5945674,,,unclassified,12.9716,77.5946
way/369801330,Unnamed Feature,road,12.9674976,77.5957681,,,service,12.9716,77.5946
way/369801331,Unnamed Feature,road,12.9672021,77.5956472,,,service,12.9716,77.5946
way/370418975,Konark Kanteerava,restaurant,12.9700671,77.5920245,restaurant,,,12.9716,77.5946
way/370418978,Unnamed Feature,road,12.970233,77.5920331,,,steps,12.9716,77.5946
way/370418979,Unnamed Feature,road,12.9703171,77.592086,,,footway,12.9716,77.5946
way/370418980,Unnamed Feature,road,12.9688568,77.5912762,,,service,12.9716,77.5946
way/391160974,Unnamed Feature,road,12.97214,77.5937366,,,secondary_link,12.9716,77.5946
way/391160978,Unnamed Feature,road,12.9724316,77.5940558,,,secondary_link,12.9716,77.5946
way/391160989,Unnamed Feature,road,12.9702691,77.591547,,,footway,12.9716,77.5946
way/395716924,Unnamed Feature,road,12.9694632,77.5962483,,,residential,12.9716,77.5946
way/399001081,Unnamed Feature,road,12.9749915,77.5935306,,,unclassified,12.9716,77.5946
way/399001083,Unnamed Feature,road,12.9748172,77.5918439,,,unclassified,12.9716,77.5946
way/401390111,Unnamed Feature,road,12.9694378,77.5920418,,,service,12.9716,77.5946
way/401390112,Unnamed Feature,road,12.9693289,77.5920658,,,service,12.9716,77.5946
way/401390113,Unnamed Feature,road,12.9694111,77.5926123,,,service,12.9716,77.5946
way/403473951,Unnamed Feature,road,12.9722022,77.5942602,,,footway,12.9716,77.5946
way/403473952,Kasturba Road,road,12.9718918,77.5939912,,,secondary,12.9716,77.5946
way/403473957,Unnamed Feature,road,12.9719375,77.5941208,,,secondary_link,12.9716,77.5946
way/474654132,Third Wave Coffee,restaurant,12.9714678,77.5978865,cafe,,,12.9716,77.5946
way/474657506,Unnamed Feature,road,12.9673035,77.5936091,,,service,12.9716,77.5946
way/474657509,Unnamed Feature,road,12.9674451,77.5938541,,,service,12.9716,77.5946
way/486815239,Unnamed Feature,road,12.9737266,77.5925833,,,footway,12.9716,77.5946
way/506310559,Unnamed Feature,road,12.9719445,77.5953941,,,service,12.9716,77.5946
way/506310566,Unnamed Feature,road,12.9719341,77.5954296,,,service,12.9716,77.5946
way/506310568,Unnamed Feature,road,12.9718564,77.5949148,,,service,12.9716,77.5946
way/506310569,Unnamed Feature,road,12.9724278,77.5956427,,,service,12.9716,77.5946
way/508197004,Unnamed Feature,road,12.9756236,77.5941045,,,unclassified,12.9716,77.5946
way/508197007,Unnamed Feature,road,12.9734606,77.5936471,,,unclassified,12.9716,77.5946
way/553253479,Vittal Mallya Road,road,12.9719747,77.5945186,,,tertiary,12.9716,77.5946
way/553253480,Vittal Mallya Road,road,12.9721027,77.5941964,,,tertiary,12.9716,77.5946
way/557009789,Unnamed Feature,road,12.9694308,77.5924634,,,service,12.9716,77.5946
way/557009790,Unnamed Feature,road,12.9694173,77.5923925,,,service,12.9716,77.5946
way/661659065,Unnamed Feature,road,12.9706804,77.5970331,,,service,12.9716,77.5946
way/661659066,Unnamed Feature,road,12.9706533,77.5969496,,,service,12.9716,77.5946
way/691346387,Unnamed Feature,road,12.9680409,77.592897,,,steps,12.9716,77.5946
way/691346388,Unnamed Feature,road,12.9678654,77.5928614,,,steps,12.9716,77.5946
way/691346389,Unnamed Feature,road,12.9679432,77.5929305,,,footway,12.9716,77.5946
way/700036810,Unnamed Feature,road,12.9728857,77.5958326,,,service,12.9716,77.5946
way/725426825,Unnamed Feature,road,12.9719529,77.5959274,,,service,12.9716,77.5946
way/732820184,Unnamed Feature,road,12.9715148,77.5959932,,,service,12.9716,77.5946
way/760700376,Kasturba Road,road,12.9718046,77.5937737,,,primary,12.9716,77.5946
way/791095267,Unnamed Feature,road,12.9676684,77.5952644,,,service,12.9716,77.5946
way/835026121,Unnamed Feature,road,12.9739064,77.5956439,,,footway,12.9716,77.5946
way/835026122,Unnamed Feature,road,12.9739773,77.5955495,,,steps,12.9716,77.5946
way/835026123,Unnamed Feature,road,12.9738074,77.5957006,,,steps,12.9716,77.5946
way/984660863,Unnamed Feature,road,12.9731708,77.5924782,,,footway,12.9716,77.5946
way/991536567,Unnamed Feature,road,12.974702,77.5918115,,,footway,12.9716,77.5946
way/991661065,Unnamed Feature,road,12.9752407,77.5939505,,,footway,12.9716,77.5946
way/991661066,Unnamed Feature,road,12.975116,77.5919678,,,footway,12.9716,77.5946
way/995213652,Unnamed Feature,road,12.9680475,77.5967057,,,service,12.9716,77.5946
way/1035562486,Unnamed Feature,road,12.9738804,77.5911908,,,footway,12.9716,77.5946
way/1035562487,Unnamed Feature,road,12.9732743,77.5911536,,,footway,12.9716,77.5946
way/1035562488,Unnamed Feature,road,12.9721427,77.5913671,,,footway,12.9716,77.5946
way/1066895467,Kasturba Cross Road,road,12.9740609,77.597995,,,residential,12.9716,77.5946
way/1091791762,Unnamed Feature,road,12.967649,77.5935903,,,footway,12.9716,77.5946
way/1091791763,Unnamed Feature,road,12.9672759,77.5940978,,,footway,12.9716,77.5946
way/1093504017,Unnamed Feature,road,12.9726605,77.598751,,,service,12.9716,77.5946
way/1096187529,Unnamed Feature,road,12.9734524,77.5953413,,,service,12.9716,77.5946
way/1096187530,Unnamed Feature,road,12.9735503,77.5955707,,,service,12.9716,77.5946
way/1096187531,Unnamed Feature,road,12.97354,77.5954143,,,service,12.9716,77.5946
way/1096187532,Unnamed Feature,road,12.9738903,77.595824,,,service,12.9716,77.5946
way/1096187533,Unnamed Feature,road,12.9740223,77.5959895,,,service,12.9716,77.5946
way/1096187534,Unnamed Feature,road,12.9735991,77.5958876,,,service,12.9716,77.5946
way/1096187535,Unnamed Feature,road,12.9739828,77.5960816,,,service,12.9716,77.5946
way/1096187536,Unnamed Feature,road,12.9727749,77.5977953,,,living_street,12.9716,77.5946
way/1096187546,Unnamed Feature,road,12.9749593,77.5966085,,,footway,12.9716,77.5946
way/1096187547,Unnamed Feature,road,12.9749299,77.5965597,,,footway,12.9716,77.5946
way/1098770435,Unnamed Feature,road,12.9712382,77.5934362,,,service,12.9716,77.5946
way/1098770436,Unnamed Feature,road,12.9703205,77.5927147,,,service,12.9716,77.5946
way/1098770439,Unnamed Feature,road,12.9696601,77.593571,,,service,12.9716,77.5946
way/1098770440,Unnamed Feature,road,12.971682,77.5941809,,,footway,12.9716,77.5946
way/1098770445,Unnamed Feature,road,12.9710999,77.5960928,,,service,12.9716,77.5946
way/1098770446,Unnamed Feature,road,12.9698461,77.5961329,,,residential,12.9716,77.5946
way/1098770448,Unnamed Feature,road,12.972486,77.5975799,,,living_street,12.9716,77.5946
way/1098770450,Unnamed Feature,road,12.9708609,77.5981369,,,service,12.9716,77.5946
way/1098770451,Unnamed Feature,road,12.9708664,77.59794,,,service,12.9716,77.5946
way/1098776709,Unnamed Feature,road,12.9672848,77.5952526,,,service,12.9716,77.5946
way/1098776715,Unnamed Feature,road,12.9688044,77.5967161,,,service,12.9716,77.5946
way/1098776716,Unnamed Feature,road,12.9690582,77.5949763,,,service,12.9716,77.5946
way/1098776719,Unnamed Feature,road,12.970564,77.591335,,,service,12.9716,77.5946
way/1098776764,Unnamed Feature,road,12.9671155,77.5937089,,,service,12.9716,77.5946
way/1102326207,Unnamed Feature,road,12.9739865,77.5978808,,,service,12.9716,77.5946
way/1102326208,Unnamed Feature,road,12.9716406,77.594879,,,service,12.9716,77.5946
way/1102326210,Unnamed Feature,road,12.9718583,77.5945277,,,service,12.9716,77.5946
way/1102326211,Unnamed Feature,road,12.9718288,77.5943386,,,footway,12.9716,77.5946
way/1102326212,Unnamed Feature,road,12.9716276,77.5943564,,,service,12.9716,77.5946
way/1102326213,Unnamed Feature,road,12.9707083,77.5943185,,,service,12.9716,77.5946
way/1107016502,Unnamed Feature,road,12.9674839,77.595111,,,service,12.9716,77.5946
way/1109911786,Unnamed Feature,road,12.972254,77.5938622,,,unclassified,12.9716,77.5946
way/1109911787,Unnamed Feature,road,12.972315,77.5939481,,,unclassified,12.9716,77.5946
way/1109911788,Kasturba Road,road,12.9722329,77.5940405,,,secondary,12.9716,77.5946
way/1109911790,Kasturba Road,road,12.9721323,77.594063,,,secondary,12.9716,77.5946
way/1109911791,Vittal Mallya Road,road,12.9721791,77.5940464,,,tertiary,12.9716,77.5946
way/1109911794,Kasturba Road,road,12.9721201,77.5939187,,,secondary,12.9716,77.5946
way/1109911795,Unnamed Feature,road,12.9720805,77.5937444,,,footway,12.9716,77.5946
way/1110191850,Kasturba Road,road,12.9722831,77.5941911,,,secondary,12.9716,77.5946
way/1119627676,Unnamed Feature,road,12.9675115,77.5963474,,,service,12.9716,77.5946
way/1124083553,Unnamed Feature,road,12.9737467,77.5973439,,,service,12.9716,77.5946
way/1125334904,Unnamed Feature,road,12.9729197,77.5970178,,,service,12.9716,77.5946
way/1125334905,Unnamed Feature,road,12.9734069,77.5973935,,,service,12.9716,77.5946
way/1125334906,Unnamed Feature,road,12.9733995,77.5974222,,,service,12.9716,77.5946
way/1125334911,Unnamed Feature,road,12.9730785,77.5949749,,,service,12.9716,77.5946
way/1125334912,Unnamed Feature,road,12.9731052,77.5949964,,,service,12.9716,77.5946
way/1125385914,Unnamed Feature,road,12.9697578,77.5965911,,,residential,12.9716,77.5946
way/1132664940,Unnamed Feature,road,12.9685153,77.592673,,,service,12.9716,77.5946
way/1148155462,Vittal Mallya Road,road,12.9721432,77.5940073,,,tertiary,12.9716,77.5946
way/1148155463,Kasturba Road,road,12.9720215,77.5940162,,,secondary,12.9716,77.5946
way/1148155464,Vittal Mallya Road,road,12.9720407,77.5943439,,,tertiary,12.9716,77.5946
way/1148155465,Kasturba Road,road,12.97219,77.5939907,,,secondary,12.9716,77.5946
way/1148155466,Vittal Mallya Road,road,12.9720672,77.5941457,,,tertiary,12.9716,77.5946
way/1156298791,Unnamed Feature,road,12.9745993,77.5966952,,,footway,12.9716,77.5946
way/1162816459,Unnamed Feature,road,12.9677771,77.5932017,,,footway,12.9716,77.5946
way/1162816460,Unnamed Feature,road,12.9675943,77.5909176,,,footway,12.9716,77.5946
way/1162816462,Unnamed Feature,road,12.9680379,77.5910401,,,footway,12.9716,77.5946
way/1165376037,Unnamed Feature,road,12.9743558,77.5954732,,,service,12.9716,77.5946
way/1165376038,Unnamed Feature,road,12.974498,77.595211,,,service,12.9716,77.5946
way/1165376130,Unnamed Feature,road,12.9743669,77.5936554,,,service,12.9716,77.5946
way/1182193014,Unnamed Feature,road,12.9680449,77.5927468,,,service,12.9716,77.5946
way/1182193015,Unnamed Feature,road,12.968125,77.5927442,,,service,12.9716,77.5946
way/1182217672,Unnamed Feature,road,12.9747868,77.5938867,,,service,12.9716,77.5946
way/1183620703,Unnamed Feature,road,12.9749456,77.5973986,,,service,12.9716,77.5946
way/1183628554,Unnamed Feature,road,12.9712714,77.597038,,,service,12.9716,77.5946
way/1193543693,Unnamed Feature,road,12.9717134,77.5953182,,,service,12.9716,77.5946
way/1200760840,Unnamed Feature,road,12.972529,77.5936051,,,footway,12.9716,77.5946
way/1200760841,Unnamed Feature,road,12.9756282,77.5950664,,,service,12.9716,77.5946
way/1205171800,Kasturba Road,road,12.9720061,77.593793,,,secondary,12.9716,77.5946
way/1205171801,Kasturba Road,road,12.9721811,77.594107,,,secondary,12.9716,77.5946
way/1205171802,Kasturba Road,road,12.9743785,77.5964763,,,secondary,12.9716,77.5946
way/1219312242,Unnamed Feature,road,12.9711424,77.597587,,,footway,12.9716,77.5946
way/1219331391,Unnamed Feature,road,12.9702464,77.5921403,,,steps,12.9716,77.5946
way/1219331393,Unnamed Feature,road,12.9702595,77.5921092,,,footway,12.9716,77.5946
way/1221674743,Unnamed Feature,road,12.9708666,77.5974436,,,service,12.9716,77.5946
way/1222902235,Unnamed Feature,road,12.9721375,77.5938864,,,footway,12.9716,77.5946
way/1222902236,Unnamed Feature,road,12.9721625,77.5941769,,,footway,12.9716,77.5946
way/1222902237,Unnamed Feature,road,12.9722773,77.5940177,,,footway,12.9716,77.5946
way/1222902239,Unnamed Feature,road,12.9720565,77.5938742,,,footway,12.9716,77.5946
way/1222902240,Unnamed Feature,road,12.9722312,77.5939504,,,footway,12.9716,77.5946
way/1222902241,Unnamed Feature,road,12.9720939,77.594158,,,footway,12.9716,77.5946
way/1222902242,Unnamed Feature,road,12.9722297,77.5941079,,,footway,12.9716,77.5946
way/1222902243,Unnamed Feature,road,12.9739535,77.5955409,,,footway,12.9716,77.5946
way/1222902244,Unnamed Feature,road,12.974554,77.596496,,,footway,12.9716,77.5946
way/1222902245,Unnamed Feature,road,12.9738029,77.5956816,,,footway,12.9716,77.5946
way/1224538514,Unnamed Feature,road,12.9736565,77.5979686,,,living_street,12.9716,77.5946
way/1227541118,Lavelle Road,road,12.9712421,77.5979738,,,tertiary,12.9716,77.5946
way/1227941352,Unnamed Feature,road,12.9708418,77.5962315,,,service,12.9716,77.5946
way/1231870393,Unnamed Feature,road,12.969641,77.5945247,,,footway,12.9716,77.5946
way/1231870394,Unnamed Feature,road,12.971409,77.5943879,,,service,12.9716,77.5946
way/1231870395,Vittal Mallya Road,road,12.967165,77.5947987,,,primary_link,12.9716,77.5946
way/1231870397,Unnamed Feature,road,12.9680484,77.592824,,,footway,12.9716,77.5946
way/1231870398,Unnamed Feature,road,12.9678994,77.5927882,,,footway,12.9716,77.5946
way/1231870399,Unnamed Feature,road,12.9679808,77.5928045,,,footway,12.9716,77.5946
way/1231870402,Unnamed Feature,road,12.969432,77.5938488,,,footway,12.9716,77.5946
way/1231870406,Unnamed Feature,road,12.9712117,77.5975825,,,footway,12.9716,77.5946
way/1231870407,Unnamed Feature,road,12.9710688,77.5975915,,,footway,12.9716,77.5946
way/1231870408,Unnamed Feature,road,12.9712762,77.5977319,,,footway,12.9716,77.5946
way/1231870410,Unnamed Feature,road,12.9718174,77.5982482,,,footway,12.9716,77.5946
way/1231870411,Unnamed Feature,road,12.9723504,77.5987132,,,footway,12.9716,77.5946
way/1231870412,Unnamed Feature,road,12.9732118,77.599075,,,footway,12.9716,77.5946
way/1231870413,Unnamed Feature,road,12.9739851,77.5955783,,,footway,12.9716,77.5946
way/1231870414,Unnamed Feature,road,12.9738325,77.5957174,,,footway,12.9716,77.5946
way/1238638850,Unnamed Feature,road,12.9711372,77.5964692,,,service,12.9716,77.5946
way/1238638851,Unnamed Feature,road,12.9710601,77.5976912,,,footway,12.9716,77.5946
way/1238638852,Vittal Mallya Road,road,12.9715427,77.5959527,,,tertiary,12.9716,77.5946
way/1238638853,Vittal Mallya Road,road,12.9719349,77.5944724,,,tertiary,12.9716,77.5946
way/1240447779,Unnamed Feature,road,12.9721174,77.5960655,,,footway,12.9716,77.5946
way/1254858427,Unnamed Feature,road,12.9759255,77.595555,,,footway,12.9716,77.5946
way/1254858429,Unnamed Feature,road,12.9756338,77.5958382,,,footway,12.9716,77.5946
way/1257318350,Unnamed Feature,road,12.9705991,77.5896394,,,footway,12.9716,77.5946
way/1257318351,Unnamed Feature,road,12.9736256,77.5904218,,,footway,12.9716,77.5946
way/1262778078,Unnamed Feature,road,12.9700124,77.5916099,,,path,12.9716,77.5946
way/1270571359,Unnamed Feature,road,12.9726041,77.5908326,,,footway,12.9716,77.5946
way/1270571360,Unnamed Feature,road,12.9716486,77.5923224,,,footway,12.9716,77.5946
way/1270571442,Unnamed Feature,road,12.9709668,77.59169,,,footway,12.9716,77.5946
way/1270571443,Unnamed Feature,road,12.9707539,77.5917931,,,footway,12.9716,77.5946
way/1270572124,Unnamed Feature,road,12.9717601,77.5911329,,,footway,12.9716,77.5946
way/1270572125,Unnamed Feature,road,12.9712395,77.5904615,,,footway,12.9716,77.5946
way/1270572126,Unnamed Feature,road,12.9709557,77.5904534,,,footway,12.9716,77.5946
way/1297594206,Unnamed Feature,road,12.9717818,77.5993591,,,footway,12.9716,77.5946
way/1303040690,Unnamed Feature,road,12.9723789,77.5938196,,,secondary_link,12.9716,77.5946
way/1307644487,Unnamed Feature,road,12.976081,77.5927552,,,footway,12.9716,77.5946
way/1308621813,Unnamed Feature,road,12.9711937,77.5971688,,,service,12.9716,77.5946
way/1308629005,Unnamed Feature,road,12.9742823,77.598404,,,residential,12.9716,77.5946
way/1308629011,Unnamed Feature,road,12.9685902,77.595922,,,living_street,12.9716,77.5946
way/1308629012,Unnamed Feature,road,12.9684164,77.5954899,,,residential,12.9716,77.5946
way/1308629013,Unnamed Feature,road,12.9687002,77.5978889,,,service,12.9716,77.5946
way/1308629017,1st Cross Road,road,12.9684307,77.595902,,,residential,12.9716,77.5946
way/1308632309,Unnamed Feature,road,12.9716848,77.5985442,,,service,12.9716,77.5946
way/1308654698,Unnamed Feature,road,12.9706671,77.5993177,,,footway,12.9716,77.5946
way/1308725870,Rajaram Mohan Roy Road,road,12.9670023,77.5950127,,,primary,12.9716,77.5946
way/1308726387,Unnamed Feature,road,12.9715498,77.5971583,,,service,12.9716,77.5946
way/1308726389,Unnamed Feature,road,12.9710639,77.5976277,,,footway,12.9716,77.5946
way/1308726392,Unnamed Feature,road,12.9681771,77.5972096,,,footway,12.9716,77.5946
way/1308726393,Unnamed Feature,road,12.9670919,77.5964426,,,footway,12.9716,77.5946
way/1308727314,Unnamed Feature,road,12.9683944,77.5957225,,,service,12.9716,77.5946
way/1308728837,Unnamed Feature,road,12.9721685,77.5973502,,,service,12.9716,77.5946
way/1308734870,Unnamed Feature,road,12.9715949,77.5941404,,,footway,12.9716,77.5946
way/1308734874,Unnamed Feature,road,12.9674466,77.5949714,,,footway,12.9716,77.5946
way/1308734875,Unnamed Feature,road,12.9674411,77.5949191,,,footway,12.9716,77.5946
way/1308734876,Unnamed Feature,road,12.9674359,77.5948683,,,footway,12.9716,77.5946
way/1308734877,Unnamed Feature,road,12.9686989,77.5945933,,,footway,12.9716,77.5946
way/1308734878,Unnamed Feature,road,12.968718,77.5947075,,,footway,12.9716,77.5946
way/1308734879,Unnamed Feature,road,12.9687076,77.5946476,,,footway,12.9716,77.5946
way/1308734881,Unnamed Feature,road,12.9705165,77.5942627,,,footway,12.9716,77.5946
way/1308734882,Unnamed Feature,road,12.9705235,77.5943225,,,footway,12.9716,77.5946
way/1308734883,Unnamed Feature,road,12.9705106,77.5942114,,,footway,12.9716,77.5946
way/1308734884,Unnamed Feature,road,12.9715761,77.5940423,,,footway,12.9716,77.5946
way/1308734885,Unnamed Feature,road,12.9715864,77.5940929,,,footway,12.9716,77.5946
way/1308734886,Unnamed Feature,road,12.9715658,77.5939915,,,footway,12.9716,77.5946
way/1308734887,Unnamed Feature,road,12.9719213,77.5941453,,,footway,12.9716,77.5946
way/1308734888,Unnamed Feature,road,12.9719576,77.5941205,,,footway,12.9716,77.5946
way/1308734889,Unnamed Feature,road,12.9711011,77.5965562,,,footway,12.9716,77.5946
way/1308734890,Unnamed Feature,road,12.9711546,77.5965626,,,footway,12.9716,77.5946
way/1308734891,Unnamed Feature,road,12.9712094,77.5965695,,,footway,12.9716,77.5946
way/1308734892,Unnamed Feature,road,12.9712453,77.5966986,,,service,12.9716,77.5946
way/1308734893,Unnamed Feature,road,12.9714333,77.5967186,,,service,12.9716,77.5946
way/1308946228,Unnamed Feature,road,12.9722998,77.5986776,,,footway,12.9716,77.5946
way/1308946229,Unnamed Feature,road,12.9722854,77.5987033,,,footway,12.9716,77.5946
way/1308946230,Unnamed Feature,road,12.9722696,77.5987305,,,footway,12.9716,77.5946
way/1313770929,Unnamed Feature,road,12.9674446,77.5940956,,,service,12.9716,77.5946
way/1314840982,Unnamed Feature,road,12.9676798,77.5930565,,,residential,12.9716,77.5946
way/1317160283,Unnamed Feature,road,12.9764814,77.5967948,,,footway,12.9716,77.5946
way/1317160284,Unnamed Feature,road,12.9761399,77.5945213,,,footway,12.9716,77.5946
way/1317160288,Unnamed Feature,road,12.9760024,77.5946571,,,footway,12.9716,77.5946
way/1317160289,Unnamed Feature,road,12.9752419,77.5940236,,,footway,12.9716,77.5946
way/1317160290,Unnamed Feature,road,12.9751771,77.5919348,,,footway,12.9716,77.5946
way/1317160297,Unnamed Feature,road,12.9734793,77.5905265,,,footway,12.9716,77.5946
way/1317160298,Unnamed Feature,road,12.9751721,77.5925821,,,footway,12.9716,77.5946
way/1317160299,Unnamed Feature,road,12.9751308,77.5925595,,,footway,12.9716,77.5946
way/1343714130,Unnamed Feature,road,12.9729408,77.5974253,,,service,12.9716,77.5946
way/1343714131,Unnamed Feature,road,12.9715426,77.5950259,,,service,12.9716,77.5946
way/1343714132,Unnamed Feature,road,12.9692095,77.5920978,,,service,12.9716,77.5946
way/1343714133,Unnamed Feature,road,12.9686366,77.5919177,,,service,12.9716,77.5946
way/1343714134,Unnamed Feature,road,12.9689138,77.5920148,,,service,12.9716,77.5946
way/1343714135,Unnamed Feature,road,12.9691829,77.5925717,,,service,12.9716,77.5946
way/1347106633,Unnamed Feature,road,12.9717592,77.5959519,,,footway,12.9716,77.5946
way/1347245636,Unnamed Feature,road,12.9696999,77.5970696,,,footway,12.9716,77.5946
way/1347245637,Unnamed Feature,road,12.9683088,77.596464,,,footway,12.9716,77.5946
way/1347245638,Unnamed Feature,road,12.9716336,77.5953983,,,footway,12.9716,77.5946
way/1347245639,Unnamed Feature,road,12.9715326,77.5953566,,,footway,12.9716,77.5946
way/1347245640,Unnamed Feature,road,12.9715822,77.5953771,,,footway,12.9716,77.5946
way/1347246053,Unnamed Feature,road,12.9734828,77.5936814,,,footway,12.9716,77.5946
way/1347246054,Unnamed Feature,road,12.9736841,77.5925994,,,footway,12.9716,77.5946
way/1347246055,Unnamed Feature,road,12.975103,77.5931523,,,footway,12.9716,77.5946
way/1347246056,Unnamed Feature,road,12.975058,77.59316,,,footway,12.9716,77.5946
way/1356841809,Walton Road,road,12.9712221,77.5977496,,,tertiary,12.9716,77.5946
way/1356841810,Vittal Mallya Road,road,12.9711834,77.5976126,,,tertiary,12.9716,77.5946
way/1364673359,Vittal Mallya Road,road,12.9711656,77.5978674,,,tertiary,12.9716,77.5946
way/1368046448,Unnamed Feature,road,12.9714197,77.5922764,,,footway,12.9716,77.5946
way/1368046449,Unnamed Feature,road,12.9714517,77.5922533,,,footway,12.9716,77.5946
way/1368046450,Unnamed Feature,road,12.9714902,77.5922164,,,footway,12.9716,77.5946
way/1368046451,Unnamed Feature,road,12.9710572,77.5924454,,,footway,12.9716,77.5946
way/1368046454,Unnamed Feature,road,12.9757977,77.5936431,,,footway,12.9716,77.5946
way/1368284546,Unnamed Feature,road,12.9707398,77.5906265,,,footway,12.9716,77.5946
way/1368284547,Unnamed Feature,road,12.9695479,77.5899117,,,footway,12.9716,77.5946
way/1368284552,Unnamed Feature,road,12.9706506,77.5907657,,,footway,12.9716,77.5946
way/1368284553,Cubbon Park Nature Trail,road,12.9694231,77.5900805,,,footway,12.9716,77.5946
way/1368284555,Unnamed Feature,road,12.970563,77.5918904,,,footway,12.9716,77.5946
way/1368284556,Unnamed Feature,road,12.970576,77.5919276,,,footway,12.9716,77.5946
way/1368422461,Unnamed Feature,road,12.97586,77.5958151,,,footway,12.9716,77.5946
way/1368422466,Unnamed Feature,road,12.9707561,77.5912726,,,service,12.9716,77.5946
way/1372985167,Unnamed Feature,road,12.9712213,77.5927214,,,footway,12.9716,77.5946
way/1372985168,Unnamed Feature,road,12.971235,77.5927032,,,steps,12.9716,77.5946
way/1372985169,Unnamed Feature,road,12.9714255,77.5925897,,,footway,12.9716,77.5946
way/1372985171,Unnamed Feature,road,12.9699035,77.5909766,,,footway,12.9716,77.5946
way/1372987213,Unnamed Feature,road,12.9711696,77.5918097,,,footway,12.9716,77.5946
way/1372987214,Unnamed Feature,road,12.9709136,77.5912797,,,footway,12.9716,77.5946
way/1421715811,Unnamed Feature,road,12.9712612,77.5961967,,,service,12.9716,77.5946
way/1422250267,Unnamed Feature,road,12.9747645,77.5931345,,,unclassified,12.9716,77.5946
way/1422250268,Unnamed Feature,road,12.9750747,77.5927699,,,unclassified,12.9716,77.5946
way/1422250269,Unnamed Feature,road,12.9750099,77.5927607,,,unclassified,12.9716,77.5946
way/1459047310,Unnamed Feature,road,12.9674837,77.5949422,,,service,12.9716,77.5946
way/1459047313,Unnamed Feature,road,12.9672967,77.5950149,,,footway,12.9716,77.5946
way/1459047320,Unnamed Feature,road,12.9678967,77.5964221,,,footway,12.9716,77.5946
way/1459047321,Unnamed Feature,road,12.9675137,77.5964171,,,service,12.9716,77.5946
way/1466162863,Unnamed Feature,road,12.9702911,77.5919401,,,footway,12.9716,77.5946
way/1466162864,Unnamed Feature,road,12.9704033,77.5918276,,,footway,12.9716,77.5946
way/1466162865,Unnamed Feature,road,12.9703468,77.5918842,,,footway,12.9716,77.5946
way/1466162866,Unnamed Feature,road,12.9717481,77.5937637,,,footway,12.9716,77.5946
way/1467492970,Unnamed Feature,road,12.9745207,77.5955543,,,service,12.9716,77.5946
way/1467492971,Unnamed Feature,road,12.9745699,77.595604,,,service,12.9716,77.5946
way/1467492972,Unnamed Feature,road,12.9745291,77.5964374,,,footway,12.9716,77.5946
way/1467492973,Unnamed Feature,road,12.9733687,77.5954547,,,footway,12.9716,77.5946
way/1467492974,Unnamed Feature,road,12.9746294,77.5966464,,,footway,12.9716,77.5946
way/1467492975,Unnamed Feature,road,12.9755502,77.5979346,,,footway,12.9716,77.5946
way/1467492977,Unnamed Feature,road,12.975551,77.5980067,,,footway,12.9716,77.5946
way/1504026994,Unnamed Feature,road,12.9678121,77.5926333,,,steps,12.9716,77.5946
way/1512666760,5th Cross Road,road,12.9697064,77.598023,,,residential,12.9716,77.5946
way/1512666766,Unnamed Feature,road,12.9727088,77.596918,,,service,12.9716,77.5946
way/1512666768,Unnamed Feature,road,12.9732014,77.5967071,,,service,12.9716,77.5946
way/1512666769,Unnamed Feature,road,12.9723244,77.5945923,,,pedestrian,12.9716,77.5946
way/1512666770,Unnamed Feature,road,12.9728504,77.5950161,,,service,12.9716,77.5946
way/1512666771,Unnamed Feature,road,12.9723423,77.5950754,,,service,12.9716,77.5946
way/1536805325,Chidananda Maharashi Ashram Road,road,12.9671653,77.5926209,,,tertiary,12.9716,77.5946
way/1551001627,Kasturba Road,road,12.9718021,77.5939991,,,secondary,12.9716,77.5946
way/1562467428,Unnamed Feature,road,12.9716437,77.5952877,,,service,12.9716,77.5946
way/1562467429,Unnamed Feature,road,12.9715302,77.5967064,,,service,12.9716,77.5946
way/1562467430,Unnamed Feature,road,12.9712257,77.5966431,,,service,12.9716,77.5946
way/1562467431,Unnamed Feature,road,12.9725458,77.5958106,,,service,12.9716,77.5946
node/4444431841,Holy flower matric hr.sec school,education,11.6748637,78.1528099,school,,,11.6753088,78.1570798
node/6934685067,Shanmuga Hospital and Salem Cancer Institute,healthcare,11.6770178,78.1531844,hospital,,,11.6753088,78.1570798
node/6935249004,Tms Eye Hospital,healthcare,11.6772791,78.1536202,hospital,,,11.6753088,78.1570798
node/7262945617,"Government Hospital, Hasthampatti",healthcare,11.6795,78.157266,hospital,,,11.6753088,78.1570798
node/7840770121,Sureka Hospital,healthcare,11.676423,78.1550511,hospital,,,11.6753088,78.1570798
node/10169161013,Hasthampatti,bus_stop,11.6753543,78.1597183,,,bus_stop,11.6753088,78.1570798
node/10169161014,Hasthampatti,bus_stop,11.6755283,78.1602427,,,bus_stop,11.6753088,78.1570798
node/11393418773,Hasthampatti,bus_stop,11.6757735,78.1600056,,,bus_stop,11.6753088,78.1570798
way/208162435,Unnamed Feature,road,11.6789695,78.1564964,,,residential,11.6753088,78.1570798
way/208162439,Unnamed Feature,road,11.6814439,78.1582234,,,residential,11.6753088,78.1570798
way/208162444,Unnamed Feature,road,11.6785906,78.1557877,,,residential,11.6753088,78.1570798
way/208162461,Unnamed Feature,road,11.6750666,78.1603397,,,residential,11.6753088,78.1570798
way/208162464,Unnamed Feature,road,11.6774484,78.1568608,,,residential,11.6753088,78.1570798
way/208162468,Unnamed Feature,road,11.6783871,78.1557984,,,residential,11.6753088,78.1570798
way/208162471,Unnamed Feature,road,11.6767028,78.1531479,,,residential,11.6753088,78.1570798
way/208162474,Unnamed Feature,road,11.6787238,78.1543406,,,residential,11.6753088,78.1570798
way/208162481,Unnamed Feature,road,11.6796326,78.155852,,,residential,11.6753088,78.1570798
way/208162489,Unnamed Feature,road,11.6790885,78.154477,,,residential,11.6753088,78.1570798
way/208162501,Unnamed Feature,road,11.6753351,78.1552636,,,residential,11.6753088,78.1570798
way/208162511,Unnamed Feature,road,11.6784753,78.1541796,,,residential,11.6753088,78.1570798
way/208162512,Unnamed Feature,road,11.6748338,78.1597786,,,residential,11.6753088,78.1570798
way/356405164,Unnamed Feature,road,11.6755553,78.1554437,,,residential,11.6753088,78.1570798
way/356405175,Unnamed Feature,road,11.6749228,78.1579617,,,residential,11.6753088,78.1570798
way/356405214,Unnamed Feature,road,11.6733763,78.1533596,,,residential,11.6753088,78.1570798
way/356405238,Unnamed Feature,road,11.6755632,78.1550611,,,residential,11.6753088,78.1570798
way/356588675,Unnamed Feature,road,11.6765059,78.1545853,,,residential,11.6753088,78.1570798
way/356588683,Unnamed Feature,road,11.6785439,78.156833,,,residential,11.6753088,78.1570798
way/356588709,Unnamed Feature,road,11.6763995,78.1593673,,,residential,11.6753088,78.1570798
way/356588726,Unnamed Feature,road,11.6777234,78.1565611,,,residential,11.6753088,78.1570798
way/356588734,Unnamed Feature,road,11.6770504,78.1557368,,,residential,11.6753088,78.1570798
way/356588758,Unnamed Feature,road,11.6767792,78.1547613,,,residential,11.6753088,78.1570798
way/356588767,Unnamed Feature,road,11.6765748,78.1552047,,,residential,11.6753088,78.1570798
way/356588773,Unnamed Feature,road,11.6777909,78.1556749,,,residential,11.6753088,78.1570798
way/356588776,Unnamed Feature,road,11.6770078,78.1553484,,,residential,11.6753088,78.1570798
way/356588780,Unnamed Feature,road,11.6784495,78.1572514,,,residential,11.6753088,78.1570798
way/356588788,Unnamed Feature,road,11.6771991,78.1555795,,,residential,11.6753088,78.1570798
way/356588794,Unnamed Feature,road,11.6774663,78.1538081,,,residential,11.6753088,78.1570798
way/356588847,Unnamed Feature,road,11.6792497,78.1573157,,,residential,11.6753088,78.1570798
way/356588852,Unnamed Feature,road,11.6774662,78.1555764,,,residential,11.6753088,78.1570798
way/356588857,Unnamed Feature,road,11.677626,78.156908,,,residential,11.6753088,78.1570798
way/356590235,Unnamed Feature,road,11.6789161,78.155601,,,residential,11.6753088,78.1570798
way/356590274,Unnamed Feature,road,11.6795434,78.1564728,,,residential,11.6753088,78.1570798
way/1056191336,Unnamed Feature,road,11.6762656,78.151374,,,primary,11.6753088,78.1570798
way/1056191337,Sarada College Road,road,11.6759273,78.1573001,,,primary,11.6753088,78.1570798
way/1056191338,Sarada College Road,road,11.6760779,78.1546668,,,primary,11.6753088,78.1570798
way/1056191339,Unnamed Feature,road,11.6762986,78.151962,,,primary,11.6753088,78.1570798
way/1056191340,Puratchi Thalaivi Jayalalithaa Two Tier Flyover,road,11.6760495,78.154046,,,primary,11.6753088,78.1570798
way/1056191342,Unnamed Feature,road,11.6758272,78.1570068,,,primary,11.6753088,78.1570798
way/1056191343,Unnamed Feature,road,11.6761682,78.1575668,,,residential,11.6753088,78.1570798
way/1056191344,PWD Addi. Bungalow Rd,road,11.6756467,78.156866,,,residential,11.6753088,78.1570798
way/1066306508,Unnamed Feature,road,11.6782415,78.1565787,,,residential,11.6753088,78.1570798
way/1153718539,Hasthampatti Roundabout,road,11.6755452,78.159877,,,primary,11.6753088,78.1570798
way/1228478258,PWD Addi. Bungalow Rd,road,11.6756478,78.1569491,,,residential,11.6753088,78.1570798
way/1250250427,Puratchi Thalaivi Jayalalithaa Two Tier Flyover,road,11.676722,78.1483585,,,primary,11.6753088,78.1570798
way/1318162505,Puratchi Thalaivi Jayalalithaa Two Tier Flyover,road,11.6759827,78.1538537,,,primary,11.6753088,78.1570798
node/2185115887,Chinna Thirupathi,bus_stop,11.6813699,78.1734283,,,bus_stop,11.680308799999999,78.17207979999999
node/6915421475,Aishwaryam Nature Cure Hospital and Yoga Centre,healthcare,11.6826829,78.1758846,hospital,,,11.680308799999999,78.17207979999999
way/31929113,Unnamed Feature,road,11.6794875,78.1729228,,,residential,11.680308799999999,78.17207979999999
way/31929142,Mannarpaalayam Main Road,road,11.6887843,78.1870521,,,tertiary,11.680308799999999,78.17207979999999
way/186675293,Unnamed Feature,road,11.6778788,78.1737545,,,residential,11.680308799999999,78.17207979999999
way/207574575,Unnamed Feature,road,11.6805863,78.1745713,,,residential,11.680308799999999,78.17207979999999
way/207574576,Unnamed Feature,road,11.6777034,78.1734418,,,residential,11.680308799999999,78.17207979999999
way/207574588,Unnamed Feature,road,11.677442,78.1725883,,,residential,11.680308799999999,78.17207979999999
way/207574592,Unnamed Feature,road,11.675919,78.1725184,,,residential,11.680308799999999,78.17207979999999
way/207574594,Unnamed Feature,road,11.6765988,78.1725085,,,residential,11.680308799999999,78.17207979999999
way/207574596,Unnamed Feature,road,11.680107,78.1717843,,,residential,11.680308799999999,78.17207979999999
way/207574601,Unnamed Feature,road,11.6762924,78.1725129,,,residential,11.680308799999999,78.17207979999999
way/207574604,Unnamed Feature,road,11.6785197,78.1724789,,,residential,11.680308799999999,78.17207979999999
way/207574606,Unnamed Feature,road,11.6785754,78.1731575,,,residential,11.680308799999999,78.17207979999999
way/207574612,Unnamed Feature,road,11.6804942,78.1734714,,,residential,11.680308799999999,78.17207979999999
way/207574618,Unnamed Feature,road,11.6769384,78.1728576,,,residential,11.680308799999999,78.17207979999999
way/207574628,Unnamed Feature,road,11.6780958,78.1738695,,,residential,11.680308799999999,78.17207979999999
way/207574637,Unnamed Feature,road,11.6782879,78.1751587,,,residential,11.680308799999999,78.17207979999999
way/207574647,Unnamed Feature,road,11.6762906,78.1715516,,,residential,11.680308799999999,78.17207979999999
way/207574650,Unnamed Feature,road,11.6808818,78.1732955,,,residential,11.680308799999999,78.17207979999999
way/207574657,Unnamed Feature,road,11.6800781,78.1724906,,,residential,11.680308799999999,78.17207979999999
way/207574658,Unnamed Feature,road,11.6793945,78.173976,,,residential,11.680308799999999,78.17207979999999
way/207574664,Unnamed Feature,road,11.6803996,78.1746627,,,residential,11.680308799999999,78.17207979999999
way/207574678,Unnamed Feature,road,11.6812251,78.1775348,,,residential,11.680308799999999,78.17207979999999
way/207574689,Unnamed Feature,road,11.6760772,78.1723631,,,residential,11.680308799999999,78.17207979999999
way/207574693,Unnamed Feature,road,11.6795819,78.1768545,,,residential,11.680308799999999,78.17207979999999
way/208184760,Unnamed Feature,road,11.6825593,78.1727556,,,residential,11.680308799999999,78.17207979999999
way/208184762,Unnamed Feature,road,11.6856509,78.1726076,,,residential,11.680308799999999,78.17207979999999
way/208184773,Unnamed Feature,road,11.6842355,78.1732687,,,residential,11.680308799999999,78.17207979999999
way/208184781,Unnamed Feature,road,11.6838307,78.1733596,,,residential,11.680308799999999,78.17207979999999
way/208184839,Unnamed Feature,road,11.6842964,78.171508,,,residential,11.680308799999999,78.17207979999999
way/208184852,Unnamed Feature,road,11.6813487,78.1726304,,,residential,11.680308799999999,78.17207979999999
way/208184859,Unnamed Feature,road,11.6840851,78.1730755,,,residential,11.680308799999999,78.17207979999999
way/208184863,Unnamed Feature,road,11.6811889,78.1719487,,,residential,11.680308799999999,78.17207979999999
way/356373968,Unnamed Feature,road,11.6822357,78.1721993,,,residential,11.680308799999999,78.17207979999999
way/356373980,Unnamed Feature,road,11.6824454,78.1735571,,,residential,11.680308799999999,78.17207979999999
way/356373986,Unnamed Feature,road,11.6828321,78.1712543,,,residential,11.680308799999999,78.17207979999999
way/356373992,Unnamed Feature,road,11.6832435,78.1726678,,,residential,11.680308799999999,78.17207979999999
way/356373993,Unnamed Feature,road,11.684215,78.1706473,,,residential,11.680308799999999,78.17207979999999
way/356373995,Unnamed Feature,road,11.6826297,78.1730595,,,residential,11.680308799999999,78.17207979999999
way/356374004,Unnamed Feature,road,11.6828202,78.1725685,,,residential,11.680308799999999,78.17207979999999
way/356374018,Unnamed Feature,road,11.6847071,78.1699304,,,residential,11.680308799999999,78.17207979999999
way/356374023,Unnamed Feature,road,11.6843324,78.17022,,,residential,11.680308799999999,78.17207979999999
way/356374034,Unnamed Feature,road,11.6842344,78.169797,,,residential,11.680308799999999,78.17207979999999
way/356374047,Unnamed Feature,road,11.6839838,78.1717378,,,residential,11.680308799999999,78.17207979999999
way/356374058,Unnamed Feature,road,11.6833991,78.1725272,,,residential,11.680308799999999,78.17207979999999
way/356374064,Unnamed Feature,road,11.6843678,78.1718294,,,residential,11.680308799999999,78.17207979999999
way/356374067,Unnamed Feature,road,11.6845707,78.170842,,,residential,11.680308799999999,78.17207979999999
way/356374103,Unnamed Feature,road,11.6828421,78.1730273,,,residential,11.680308799999999,78.17207979999999
way/356374118,Unnamed Feature,road,11.6815146,78.1728532,,,residential,11.680308799999999,78.17207979999999
way/356374129,Unnamed Feature,road,11.6845157,78.1713499,,,residential,11.680308799999999,78.17207979999999
way/356374714,Unnamed Feature,road,11.68229,78.1759072,,,residential,11.680308799999999,78.17207979999999
way/356374715,Unnamed Feature,road,11.6809868,78.1770559,,,residential,11.680308799999999,78.17207979999999
way/356374718,Unnamed Feature,road,11.6826389,78.1760068,,,residential,11.680308799999999,78.17207979999999
way/356374719,Unnamed Feature,road,11.683209,78.1748618,,,residential,11.680308799999999,78.17207979999999
way/356374720,Unnamed Feature,road,11.6837867,78.1751071,,,residential,11.680308799999999,78.17207979999999
way/356374721,Unnamed Feature,road,11.6820574,78.1757173,,,residential,11.680308799999999,78.17207979999999
way/356374724,Unnamed Feature,road,11.6826047,78.1752195,,,residential,11.680308799999999,78.17207979999999
way/356374725,Unnamed Feature,road,11.6828341,78.1754556,,,residential,11.680308799999999,78.17207979999999
way/356374728,Unnamed Feature,road,11.6803637,78.1766318,,,residential,11.680308799999999,78.17207979999999
way/356374734,Unnamed Feature,road,11.6816492,78.1756142,,,residential,11.680308799999999,78.17207979999999
way/356374736,Unnamed Feature,road,11.6830922,78.1756204,,,residential,11.680308799999999,78.17207979999999
way/356374738,Unnamed Feature,road,11.680808,78.1756862,,,residential,11.680308799999999,78.17207979999999
way/356374739,Unnamed Feature,road,11.6810941,78.1754686,,,residential,11.680308799999999,78.17207979999999
way/356374740,Unnamed Feature,road,11.6817664,78.176088,,,residential,11.680308799999999,78.17207979999999
way/356374741,Unnamed Feature,road,11.6829252,78.1746529,,,residential,11.680308799999999,78.17207979999999
way/356374742,Unnamed Feature,road,11.6826335,78.1741622,,,residential,11.680308799999999,78.17207979999999
way/356374745,Unnamed Feature,road,11.6823638,78.1750354,,,residential,11.680308799999999,78.17207979999999
way/356374749,Unnamed Feature,road,11.6823924,78.1760796,,,residential,11.680308799999999,78.17207979999999
way/356374751,Unnamed Feature,road,11.6819347,78.1744875,,,residential,11.680308799999999,78.17207979999999
way/356374752,Unnamed Feature,road,11.6819686,78.175293,,,residential,11.680308799999999,78.17207979999999
way/356374754,Unnamed Feature,road,11.6830356,78.175189,,,residential,11.680308799999999,78.17207979999999
way/356401580,Unnamed Feature,road,11.6788976,78.1761243,,,residential,11.680308799999999,78.17207979999999
way/356401582,Unnamed Feature,road,11.6782421,78.1714639,,,residential,11.680308799999999,78.17207979999999
way/356401584,Unnamed Feature,road,11.676319,78.1732629,,,residential,11.680308799999999,78.17207979999999
way/356401591,Unnamed Feature,road,11.6798251,78.1744946,,,residential,11.680308799999999,78.17207979999999
way/356401593,Unnamed Feature,road,11.6779451,78.1757435,,,residential,11.680308799999999,78.17207979999999
way/356401597,Unnamed Feature,road,11.6793135,78.1769554,,,residential,11.680308799999999,78.17207979999999
way/356401600,Unnamed Feature,road,11.6791959,78.1764903,,,residential,11.680308799999999,78.17207979999999
way/356401613,Unnamed Feature,road,11.6777017,78.1756156,,,residential,11.680308799999999,78.17207979999999
way/356401617,Unnamed Feature,road,11.6759256,78.1731973,,,residential,11.680308799999999,78.17207979999999
way/356401623,Unnamed Feature,road,11.6772224,78.1750071,,,residential,11.680308799999999,78.17207979999999
way/356401630,Unnamed Feature,road,11.6789459,78.1716867,,,residential,11.680308799999999,78.17207979999999
way/356401638,Unnamed Feature,road,11.6760144,78.1697121,,,residential,11.680308799999999,78.17207979999999
way/356401639,Unnamed Feature,road,11.6761983,78.1699833,,,residential,11.680308799999999,78.17207979999999
way/356401640,Unnamed Feature,road,11.6791668,78.1737315,,,residential,11.680308799999999,78.17207979999999
way/356401648,Unnamed Feature,road,11.6791776,78.1753078,,,residential,11.680308799999999,78.17207979999999
way/356401654,Unnamed Feature,road,11.6760376,78.1709546,,,residential,11.680308799999999,78.17207979999999
way/356401656,Unnamed Feature,road,11.6770233,78.1713326,,,residential,11.680308799999999,78.17207979999999
way/356401658,Unnamed Feature,road,11.6761927,78.174077,,,residential,11.680308799999999,78.17207979999999
way/356401671,Unnamed Feature,road,11.6792998,78.1744451,,,residential,11.680308799999999,78.17207979999999
way/356401676,Unnamed Feature,road,11.6796133,78.1750215,,,residential,11.680308799999999,78.17207979999999
way/356401684,Unnamed Feature,road,11.6770546,78.1718094,,,residential,11.680308799999999,78.17207979999999
way/356401695,Unnamed Feature,road,11.6764344,78.1742522,,,residential,11.680308799999999,78.17207979999999
way/356401697,Unnamed Feature,road,11.6761035,78.1724143,,,residential,11.680308799999999,78.17207979999999
way/356401701,Unnamed Feature,road,11.6772568,78.174481,,,residential,11.680308799999999,78.17207979999999
way/356401712,Unnamed Feature,road,11.6789628,78.1722726,,,residential,11.680308799999999,78.17207979999999
way/356401716,Unnamed Feature,road,11.6795396,78.1759879,,,residential,11.680308799999999,78.17207979999999
way/356401721,Unnamed Feature,road,11.6762526,78.1707076,,,residential,11.680308799999999,78.17207979999999
way/356404339,Unnamed Feature,road,11.6775335,78.1734569,,,residential,11.680308799999999,78.17207979999999
way/356404429,Unnamed Feature,road,11.6793461,78.1722656,,,residential,11.680308799999999,78.17207979999999
way/356404431,Unnamed Feature,road,11.6774312,78.1732825,,,residential,11.680308799999999,78.17207979999999
way/926612858,Unnamed Feature,road,11.6832258,78.1743532,,,residential,11.680308799999999,78.17207979999999
way/926612859,Unnamed Feature,road,11.6833094,78.1741792,,,residential,11.680308799999999,78.17207979999999
way/1066306533,Unnamed Feature,road,11.6831001,78.1714566,,,residential,11.680308799999999,78.17207979999999
way/1066306537,Unnamed Feature,road,11.6824606,78.1745231,,,residential,11.680308799999999,78.17207979999999
way/1066310411,Unnamed Feature,road,11.6777254,78.1724591,,,residential,11.680308799999999,78.17207979999999
way/1066310412,Unnamed Feature,road,11.6776883,78.1728689,,,residential,11.680308799999999,78.17207979999999
way/1066310414,Unnamed Feature,road,11.6766306,78.1699268,,,residential,11.680308799999999,78.17207979999999
way/1216178933,Unnamed Feature,road,11.6846241,78.171199,,,residential,11.680308799999999,78.17207979999999
way/1216178936,Unnamed Feature,road,11.6835094,78.1713036,,,residential,11.680308799999999,78.17207979999999
way/1333667776,Unnamed Feature,road,11.446658,78.1724574,,,residential,11.4462338,78.17095760000001
way/1333667778,Unnamed Feature,road,11.4461882,78.1719121,,,residential,11.4462338,78.17095760000001
way/1333667779,Unnamed Feature,road,11.4459874,78.1718991,,,residential,11.4462338,78.17095760000001
way/1333667780,Unnamed Feature,road,11.4457675,78.171834,,,residential,11.4462338,78.17095760000001
way/1333667781,Unnamed Feature,road,11.4451842,78.171847,,,residential,11.4462338,78.17095760000001
way/1333667782,Unnamed Feature,road,11.4447316,78.172352,,,residential,11.4462338,78.17095760000001
way/1333667783,Unnamed Feature,road,11.4455446,78.1715614,,,residential,11.4462338,78.17095760000001
way/1333667784,Unnamed Feature,road,11.4430165,78.1738012,,,residential,11.4462338,78.17095760000001
way/1333667785,Unnamed Feature,road,11.4406541,78.1747294,,,residential,11.4462338,78.17095760000001
way/1338508697,Unnamed Feature,road,11.4449891,78.1647721,,,unclassified,11.4462338,78.17095760000001
way/1338508698,Unnamed Feature,road,11.4437972,78.1689399,,,unclassified,11.4462338,78.17095760000001
way/1338508699,Unnamed Feature,road,11.4427948,78.1675293,,,unclassified,11.4462338,78.17095760000001
node/6937037750,Aishwarya Hospital,healthcare,11.6716291,78.1267807,hospital,,,11.6752737,78.1267606
node/7840837231,C.M. Hospital,healthcare,11.6747345,78.1255034,hospital,,,11.6752737,78.1267606
node/10688153233,HDFC Bank,bank,11.6736041,78.1225666,bank,,,11.6752737,78.1267606
node/13394767320,THIAGARAJAR POLYTECHNIC COLLEGE,education,11.6756912,78.1252261,college,,,11.6752737,78.1267606
way/31857692,Cauvery Street,road,11.6712079,78.1229598,,,residential,11.6752737,78.1267606
way/207894453,Palar Street,road,11.6719248,78.123826,,,residential,11.6752737,78.1267606
way/207894466,Vaigai Street,road,11.6712726,78.1244089,,,residential,11.6752737,78.1267606
way/207894473,Thabathi Street,road,11.6714259,78.1250112,,,residential,11.6752737,78.1267606
way/207894480,Unnamed Feature,road,11.6719403,78.1252667,,,residential,11.6752737,78.1267606
way/207894502,Sindhu Street,road,11.6712273,78.1260951,,,residential,11.6752737,78.1267606
way/207905952,Unnamed Feature,road,11.672235,78.1252091,,,residential,11.6752737,78.1267606
way/207905969,Amaravathi Street,road,11.6723865,78.1237554,,,residential,11.6752737,78.1267606
way/207905970,Unnamed Feature,road,11.6735777,78.1255555,,,residential,11.6752737,78.1267606
way/207905975,Unnamed Feature,road,11.6722778,78.1244317,,,residential,11.6752737,78.1267606
way/207905976,Unnamed Feature,road,11.6755412,78.1227565,,,residential,11.6752737,78.1267606
way/207905987,Unnamed Feature,road,11.6730713,78.1255297,,,residential,11.6752737,78.1267606
way/207905990,Unnamed Feature,road,11.6750143,78.123072,,,residential,11.6752737,78.1267606
way/207905992,Unnamed Feature,road,11.6726477,78.1253973,,,residential,11.6752737,78.1267606
way/207905993,Unnamed Feature,road,11.6731957,78.1228024,,,residential,11.6752737,78.1267606
way/207905999,Unnamed Feature,road,11.6736023,78.1239279,,,residential,11.6752737,78.1267606
way/207906013,Unnamed Feature,road,11.6744009,78.1212966,,,residential,11.6752737,78.1267606
way/481329164,Unnamed Feature,road,11.6753117,78.123905,,,residential,11.6752737,78.1267606
way/481329165,Unnamed Feature,road,11.6749369,78.1221544,,,residential,11.6752737,78.1267606
way/481329201,Unnamed Feature,road,11.67531,78.1226598,,,residential,11.6752737,78.1267606
way/481329211,Unnamed Feature,road,11.6746656,78.1232279,,,residential,11.6752737,78.1267606
way/481329304,Unnamed Feature,road,11.675179,78.1239273,,,residential,11.6752737,78.1267606
way/481329352,Unnamed Feature,road,11.674985,78.1232534,,,residential,11.6752737,78.1267606
way/949894670,Godavari Street,road,11.6713365,78.1240377,,,residential,11.6752737,78.1267606
way/951852434,Noyyal Street,road,11.6726448,78.1235001,,,residential,11.6752737,78.1267606
way/951891178,Ponni Street,road,11.6716978,78.1253138,,,residential,11.6752737,78.1267606
way/951891376,Krishna Street,road,11.6710748,78.1254039,,,residential,11.6752737,78.1267606
way/952176636,Sabarmathi Street,road,11.6714435,78.1235621,,,residential,11.6752737,78.1267606
way/952548285,Unnamed Feature,road,11.6731566,78.124354,,,residential,11.6752737,78.1267606
way/979995710,Unnamed Feature,road,11.6753663,78.1256962,,,unclassified,11.6752737,78.1267606
way/1089836604,Unnamed Feature,road,11.6739126,78.1231046,,,primary,11.6752737,78.1267606
way/1089836605,Unnamed Feature,road,11.6743311,78.1244565,,,residential,11.6752737,78.1267606
way/1132359335,Unnamed Feature,road,11.6730296,78.1267217,,,residential,11.6752737,78.1267606
way/1132359336,Unnamed Feature,road,11.6743206,78.126089,,,residential,11.6752737,78.1267606
way/1132359337,Unnamed Feature,road,11.6719847,78.1260438,,,residential,11.6752737,78.1267606
way/1132359339,Unnamed Feature,road,11.6720254,78.1257099,,,residential,11.6752737,78.1267606
way/1198548059,Unnamed Feature,road,11.6733992,78.1246895,,,residential,11.6752737,78.1267606
way/1214253916,Unnamed Feature,road,11.6757351,78.1220963,,,residential,11.6752737,78.1267606
way/1214253917,Unnamed Feature,road,11.6737865,78.1241312,,,residential,11.6752737,78.1267606
way/1214253918,Unnamed Feature,road,11.6733452,78.1237294,,,residential,11.6752737,78.1267606
way/1214253919,Unnamed Feature,road,11.6741704,78.1241137,,,residential,11.6752737,78.1267606
way/1214253920,Unnamed Feature,road,11.6731636,78.1246391,,,residential,11.6752737,78.1267606
way/1214253921,Unnamed Feature,road,11.6729322,78.123348,,,residential,11.6752737,78.1267606
way/1318366842,Unnamed Feature,road,11.6707882,78.1266809,,,trunk,11.6752737,78.1267606
way/1318366843,Unnamed Feature,road,11.6707583,78.126753,,,trunk,11.6752737,78.1267606
way/1460466496,Silver jublee block,education,11.6757086,78.1252297,college,,,11.6752737,78.1267606
node/1472707387,COCKARACO,restaurant,11.0106881,76.9544601,restaurant,,,11.01,76.95
node/1473830523,The Eye Foundaton,healthcare,11.0134549,76.9496753,hospital,,,11.01,76.95
node/1473830527,Reebok,shop_clothes,11.0131995,76.9500141,,clothes,,11.01,76.95
node/1473830547,Damro,restaurant,11.0129415,76.9501213,fast_food,,,11.01,76.95
node/4277722890,Aishu's,shop_cosmetics,11.0118502,76.9473198,,cosmetics,,11.01,76.95
node/4277722989,Green Basket,shop_department_store,11.0117772,76.9470525,,department_store,,11.01,76.95
node/4354539834,Sri Nithyakalyani Chit Funds Private Ltd,shop_money_lender,11.0120938,76.9473361,,money_lender,,11.01,76.95
node/4517337518,Unnamed Feature,shop_cosmetics,11.0118654,76.9474069,,cosmetics,,11.01,76.95
node/6928304820,Vedanayagam Hospital (P) Limited,healthcare,11.0144375,76.9504979,hospital,,,11.01,76.95
node/6936609173,Madurai Eye Center,healthcare,11.0137122,76.951316,hospital,,,11.01,76.95
node/7257183957,Gateway Clinic,healthcare,11.0128764,76.9492706,clinic,,,11.01,76.95
node/7844131999,Rao Hospital,healthcare,11.0131526,76.948405,hospital,,,11.01,76.95
way/29980773,Venkitasamy Road,road,11.0136765,76.9535603,,,residential,11.01,76.95
way/29980774,Bashyakarlu Road,road,11.0139933,76.9493977,,,residential,11.01,76.95
way/501931152,Unnamed Feature,road,11.0131631,76.9465085,,,residential,11.01,76.95
way/1157491519,East Venkataswamy Road,road,11.0128303,76.953618,,,residential,11.01,76.95
way/1157491520,Sir Shanmugam Road,road,11.0144743,76.9521678,,,residential,11.01,76.95
way/1157491521,Venkitasamy Road,road,11.0133954,76.9511105,,,residential,11.01,76.95
way/1157491522,Sir Shanmugam Road,road,11.0131116,76.9523238,,,residential,11.01,76.95
way/1338149269,Unnamed Feature,road,11.0117033,76.9471089,,,residential,11.01,76.95
way/1447877769,Bharathiya Vidya Bhavan Matric Higher Secondary,education,11.0129545,76.949679,school,,,11.01,76.95
way/1558067481,SRP Ponnuswamy Chettiar Sundrammal Vidhyalaya Matric School,education,11.013235,76.9469657,school,,,11.01,76.95
way/207574633,Unnamed Feature,road,11.674382,78.1686466,,,residential,11.6753088,78.1670798
way/207574651,Unnamed Feature,road,11.6750594,78.1689625,,,residential,11.6753088,78.1670798
way/356401578,Unnamed Feature,road,11.6733142,78.1664057,,,residential,11.6753088,78.1670798
way/356401586,Unnamed Feature,road,11.6707603,78.1667683,,,residential,11.6753088,78.1670798
way/356401635,Unnamed Feature,road,11.6722455,78.1666007,,,residential,11.6753088,78.1670798
way/356401650,Unnamed Feature,road,11.6750739,78.1704694,,,residential,11.6753088,78.1670798
way/356401673,Unnamed Feature,road,11.673293,78.1657771,,,residential,11.6753088,78.1670798
way/356401678,Unnamed Feature,road,11.6753341,78.1698741,,,residential,11.6753088,78.1670798
way/356401686,Unnamed Feature,road,11.6707085,78.167217,,,residential,11.6753088,78.1670798
way/1066310415,Unnamed Feature,road,11.6761037,78.1695432,,,residential,11.6753088,78.1670798
way/1066310417,Unnamed Feature,road,11.6751105,78.1685021,,,residential,11.6753088,78.1670798
way/1222150465,Unnamed Feature,road,11.4606718,78.1828139,,,residential,11.4562338,78.1809576
way/1222150467,Unnamed Feature,road,11.4605088,78.1810708,,,residential,11.4562338,78.1809576
way/1222150469,Unnamed Feature,road,11.4604055,78.1818434,,,residential,11.4562338,78.1809576
way/1222150470,Unnamed Feature,road,11.4609717,78.1830565,,,residential,11.4562338,78.1809576
way/1222151062,Unnamed Feature,road,11.4599797,78.1815327,,,residential,11.4562338,78.1809576
way/1222151063,Unnamed Feature,road,11.4594438,78.1814854,,,residential,11.4562338,78.1809576
way/1222151064,Unnamed Feature,road,11.459544,78.1825934,,,residential,11.4562338,78.1809576
way/1222151065,Unnamed Feature,road,11.4598071,78.1825277,,,residential,11.4562338,78.1809576
way/1222151066,Unnamed Feature,road,11.4597572,78.1832238,,,residential,11.4562338,78.1809576
way/1222151067,Unnamed Feature,road,11.4592867,78.1829764,,,residential,11.4562338,78.1809576
way/1222151068,Unnamed Feature,road,11.459452,78.1821073,,,residential,11.4562338,78.1809576
way/1222151069,Unnamed Feature,road,11.4591671,78.1827563,,,residential,11.4562338,78.1809576
way/1222151070,Unnamed Feature,road,11.4583844,78.1816342,,,residential,11.4562338,78.1809576
way/1222151071,Unnamed Feature,road,11.4588637,78.1826221,,,residential,11.4562338,78.1809576
way/1222151072,Unnamed Feature,road,11.4585946,78.1825073,,,residential,11.4562338,78.1809576
way/1222151145,Unnamed Feature,road,11.4596225,78.1794991,,,service,11.4562338,78.1809576
way/1222155290,Unnamed Feature,road,11.4573458,78.1858098,,,residential,11.4562338,78.1809576
way/345881911,Unnamed Feature,road,11.3095168,78.1152656,,,tertiary,11.3033889,78.118604
way/824141571,Unnamed Feature,road,11.2989922,78.1158454,,,residential,11.3033889,78.118604
way/824141572,Unnamed Feature,road,11.3011561,78.1147601,,,residential,11.3033889,78.118604
way/824141575,Unnamed Feature,road,11.30235,78.1165864,,,residential,11.3033889,78.118604
way/824141576,Unnamed Feature,road,11.300818,78.1185192,,,residential,11.3033889,78.118604
way/824141577,Unnamed Feature,road,11.3001578,78.1166817,,,residential,11.3033889,78.118604
way/824141580,Unnamed Feature,road,11.2991263,78.1171272,,,residential,11.3033889,78.118604
way/824141585,Unnamed Feature,road,11.3009955,78.1225216,,,service,11.3033889,78.118604
way/824141586,Unnamed Feature,road,11.3020192,78.1211769,,,service,11.3033889,78.118604
way/824178915,Unnamed Feature,road,11.3033331,78.116607,,,service,11.3033889,78.118604
way/1336419133,Unnamed Feature,road,11.3031402,78.1156041,,,residential,11.3033889,78.118604
way/356793930,Unnamed Feature,road,11.6811272,78.1343592,,,residential,11.6852737,78.13176059999999
way/356793942,Unnamed Feature,road,11.6839393,78.1365026,,,residential,11.6852737,78.13176059999999
way/356793944,Unnamed Feature,road,11.6845157,78.1366995,,,residential,11.6852737,78.13176059999999
way/356793945,Unnamed Feature,road,11.6852684,78.1345111,,,residential,11.6852737,78.13176059999999
way/356793951,Unnamed Feature,road,11.6857215,78.1342927,,,residential,11.6852737,78.13176059999999
way/356793952,Unnamed Feature,road,11.6819468,78.135164,,,residential,11.6852737,78.13176059999999
way/356793953,Unnamed Feature,road,11.6861927,78.1325072,,,residential,11.6852737,78.13176059999999
way/356793954,Unnamed Feature,road,11.6857394,78.1346583,,,residential,11.6852737,78.13176059999999
way/356793961,Unnamed Feature,road,11.6851279,78.1332414,,,residential,11.6852737,78.13176059999999
way/356793964,Unnamed Feature,road,11.6808445,78.1319776,,,residential,11.6852737,78.13176059999999
way/356793969,Unnamed Feature,road,11.6860412,78.1371082,,,residential,11.6852737,78.13176059999999
way/356793971,Unnamed Feature,road,11.6809139,78.1315875,,,residential,11.6852737,78.13176059999999
way/356793974,Unnamed Feature,road,11.6843851,78.1360758,,,residential,11.6852737,78.13176059999999
way/356793975,Unnamed Feature,road,11.685833,78.1367319,,,residential,11.6852737,78.13176059999999
way/356793978,Unnamed Feature,road,11.6822449,78.1341876,,,residential,11.6852737,78.13176059999999
way/356793989,Unnamed Feature,road,11.6813061,78.1340323,,,residential,11.6852737,78.13176059999999
way/356793990,Unnamed Feature,road,11.6860451,78.1358461,,,residential,11.6852737,78.13176059999999
way/356793991,Unnamed Feature,road,11.6859194,78.1329631,,,residential,11.6852737,78.13176059999999
way/356794403,Unnamed Feature,road,11.6832991,78.1354692,,,residential,11.6852737,78.13176059999999
way/356794417,Unnamed Feature,road,11.6837206,78.1353377,,,residential,11.6852737,78.13176059999999
way/356794426,Unnamed Feature,road,11.6831005,78.1354427,,,residential,11.6852737,78.13176059999999
way/356880883,Unnamed Feature,road,11.6828585,78.1322412,,,residential,11.6852737,78.13176059999999
way/356880885,Unnamed Feature,road,11.6857752,78.1277687,,,residential,11.6852737,78.13176059999999
way/356880886,Unnamed Feature,road,11.6844039,78.1329053,,,residential,11.6852737,78.13176059999999
way/356880887,Unnamed Feature,road,11.6856252,78.1314695,,,residential,11.6852737,78.13176059999999
way/356880888,Unnamed Feature,road,11.6881546,78.1286911,,,residential,11.6852737,78.13176059999999
way/356880892,Unnamed Feature,road,11.6888528,78.129026,,,residential,11.6852737,78.13176059999999
way/356880894,Unnamed Feature,road,11.6873353,78.1297051,,,residential,11.6852737,78.13176059999999
way/356880895,Unnamed Feature,road,11.6855242,78.1291305,,,residential,11.6852737,78.13176059999999
way/356880900,Unnamed Feature,road,11.6858486,78.1286156,,,residential,11.6852737,78.13176059999999
way/356880901,Unnamed Feature,road,11.6837722,78.1318819,,,residential,11.6852737,78.13176059999999
way/356880903,Unnamed Feature,road,11.6811805,78.1334351,,,residential,11.6852737,78.13176059999999
way/356880904,Unnamed Feature,road,11.6812866,78.1337038,,,residential,11.6852737,78.13176059999999
way/356880905,Unnamed Feature,road,11.6853492,78.1277544,,,residential,11.6852737,78.13176059999999
way/356880906,Unnamed Feature,road,11.6833665,78.1345553,,,residential,11.6852737,78.13176059999999
way/356880909,Unnamed Feature,road,11.6869726,78.128243,,,residential,11.6852737,78.13176059999999
way/356880912,Unnamed Feature,road,11.6815394,78.1315104,,,residential,11.6852737,78.13176059999999
way/356880913,Unnamed Feature,road,11.6833309,78.1320214,,,residential,11.6852737,78.13176059999999
way/356880914,Unnamed Feature,road,11.6815881,78.1335077,,,residential,11.6852737,78.13176059999999
way/356880915,Unnamed Feature,road,11.6820322,78.1315899,,,residential,11.6852737,78.13176059999999
way/356880916,Unnamed Feature,road,11.6815252,78.1343255,,,residential,11.6852737,78.13176059999999
way/356880917,Unnamed Feature,road,11.6815445,78.1328761,,,residential,11.6852737,78.13176059999999
way/356880922,Unnamed Feature,road,11.6893617,78.1293007,,,residential,11.6852737,78.13176059999999
way/356880926,Unnamed Feature,road,11.6844414,78.131934,,,residential,11.6852737,78.13176059999999
way/356880927,Unnamed Feature,road,11.6814495,78.1326266,,,residential,11.6852737,78.13176059999999
way/356880928,Unnamed Feature,road,11.6832214,78.1340702,,,residential,11.6852737,78.13176059999999
way/356880938,Unnamed Feature,road,11.6863051,78.129719,,,residential,11.6852737,78.13176059999999
way/356880941,Unnamed Feature,road,11.6812508,78.1332044,,,residential,11.6852737,78.13176059999999
way/356880944,Unnamed Feature,road,11.6901196,78.1268506,,,residential,11.6852737,78.13176059999999
way/356880945,Unnamed Feature,road,11.6848271,78.1291087,,,residential,11.6852737,78.13176059999999
way/356880947,Unnamed Feature,road,11.6824421,78.1346449,,,residential,11.6852737,78.13176059999999
way/356880948,Unnamed Feature,road,11.6879129,78.1286689,,,residential,11.6852737,78.13176059999999
way/356880949,Unnamed Feature,road,11.6817868,78.1323459,,,residential,11.6852737,78.13176059999999
way/356880952,Unnamed Feature,road,11.6830946,78.1342693,,,residential,11.6852737,78.13176059999999
way/356880954,Unnamed Feature,road,11.6861072,78.1292483,,,residential,11.6852737,78.13176059999999
way/356880955,Unnamed Feature,road,11.6876814,78.1297082,,,residential,11.6852737,78.13176059999999
way/356880956,Unnamed Feature,road,11.6845826,78.1318048,,,residential,11.6852737,78.13176059999999
way/356880958,Unnamed Feature,road,11.683458,78.1326963,,,residential,11.6852737,78.13176059999999
way/356880959,Unnamed Feature,road,11.6820438,78.1339166,,,residential,11.6852737,78.13176059999999
way/356880960,Unnamed Feature,road,11.6821897,78.1352521,,,residential,11.6852737,78.13176059999999
way/356880961,Unnamed Feature,road,11.6839703,78.1329522,,,residential,11.6852737,78.13176059999999
way/356880962,Unnamed Feature,road,11.6855579,78.1277888,,,residential,11.6852737,78.13176059999999
way/356880964,Unnamed Feature,road,11.6868949,78.1300557,,,residential,11.6852737,78.13176059999999
way/356880967,Unnamed Feature,road,11.6853111,78.1307197,,,residential,11.6852737,78.13176059999999
way/356880969,Unnamed Feature,road,11.6862954,78.1319267,,,residential,11.6852737,78.13176059999999
way/356880972,Unnamed Feature,road,11.686278,78.1275478,,,residential,11.6852737,78.13176059999999
way/356880975,Unnamed Feature,road,11.6851307,78.1292397,,,residential,11.6852737,78.13176059999999
way/356880976,Unnamed Feature,road,11.6830052,78.131984,,,residential,11.6852737,78.13176059999999
way/356880977,Unnamed Feature,road,11.6870197,78.1294995,,,residential,11.6852737,78.13176059999999
way/356880978,Unnamed Feature,road,11.6859116,78.1320421,,,residential,11.6852737,78.13176059999999
way/356880979,Unnamed Feature,road,11.6871881,78.1284222,,,residential,11.6852737,78.13176059999999
way/356880980,Unnamed Feature,road,11.6885887,78.1295501,,,residential,11.6852737,78.13176059999999
way/356880981,Unnamed Feature,road,11.686282,78.1300965,,,residential,11.6852737,78.13176059999999
way/356880984,Unnamed Feature,road,11.6878699,78.1281577,,,residential,11.6852737,78.13176059999999
way/356880987,Unnamed Feature,road,11.6851184,78.1286076,,,residential,11.6852737,78.13176059999999
way/356880988,Unnamed Feature,road,11.6874925,78.1288979,,,residential,11.6852737,78.13176059999999
way/356880992,Unnamed Feature,road,11.688012,78.1278377,,,residential,11.6852737,78.13176059999999
way/356880994,Unnamed Feature,road,11.6823496,78.1316815,,,residential,11.6852737,78.13176059999999
way/356880995,Unnamed Feature,road,11.6860092,78.127616,,,residential,11.6852737,78.13176059999999
way/356880997,Unnamed Feature,road,11.6855951,78.1304499,,,residential,11.6852737,78.13176059999999
way/356880998,Unnamed Feature,road,11.6824813,78.1338523,,,residential,11.6852737,78.13176059999999
way/356881003,Unnamed Feature,road,11.6883861,78.1289781,,,residential,11.6852737,78.13176059999999
way/356881004,Unnamed Feature,road,11.6833143,78.1335491,,,residential,11.6852737,78.13176059999999
way/356881005,Unnamed Feature,road,11.6817244,78.1336062,,,residential,11.6852737,78.13176059999999
way/356881006,Unnamed Feature,road,11.6821277,78.1326382,,,residential,11.6852737,78.13176059999999
way/356881008,Unnamed Feature,road,11.6866104,78.1296425,,,residential,11.6852737,78.13176059999999
way/356881010,Unnamed Feature,road,11.6826861,78.1338571,,,residential,11.6852737,78.13176059999999
way/356881011,Unnamed Feature,road,11.6876381,78.1278764,,,residential,11.6852737,78.13176059999999
way/356881012,Unnamed Feature,road,11.6856857,78.1297202,,,residential,11.6852737,78.13176059999999
way/356881013,Unnamed Feature,road,11.6880312,78.1295401,,,residential,11.6852737,78.13176059999999
way/356881351,Unnamed Feature,road,11.6868938,78.1356153,,,residential,11.6852737,78.13176059999999
way/356881356,Unnamed Feature,road,11.6871998,78.1333956,,,residential,11.6852737,78.13176059999999
way/356881361,Unnamed Feature,road,11.6873183,78.1340984,,,residential,11.6852737,78.13176059999999
way/356881362,Unnamed Feature,road,11.6871869,78.1321288,,,residential,11.6852737,78.13176059999999
way/356881364,Unnamed Feature,road,11.6874114,78.1333695,,,residential,11.6852737,78.13176059999999
way/356881369,Unnamed Feature,road,11.6897511,78.1327466,,,residential,11.6852737,78.13176059999999
way/356881378,Unnamed Feature,road,11.6879341,78.1324103,,,residential,11.6852737,78.13176059999999
way/356881383,Unnamed Feature,road,11.6896477,78.1317013,,,residential,11.6852737,78.13176059999999
way/356881385,Unnamed Feature,road,11.6882256,78.1325793,,,residential,11.6852737,78.13176059999999
way/356881386,Unnamed Feature,road,11.6886525,78.1328697,,,residential,11.6852737,78.13176059999999
way/356881389,Unnamed Feature,road,11.6885395,78.1330811,,,residential,11.6852737,78.13176059999999
way/356881390,Unnamed Feature,road,11.687758,78.1335275,,,residential,11.6852737,78.13176059999999
way/981469424,Unnamed Feature,road,11.6892145,78.1347306,,,unclassified,11.6852737,78.13176059999999
way/990698785,Unnamed Feature,road,11.6897004,78.1334665,,,residential,11.6852737,78.13176059999999
way/990698786,Unnamed Feature,road,11.6889288,78.1322709,,,residential,11.6852737,78.13176059999999
way/1066303169,Unnamed Feature,road,11.6869806,78.135786,,,residential,11.6852737,78.13176059999999
way/1066303176,Unnamed Feature,road,11.68748,78.1344712,,,residential,11.6852737,78.13176059999999
way/1214253912,Unnamed Feature,road,11.682846,78.1312034,,,residential,11.6852737,78.13176059999999
node/1464278695,Annapoorna,restaurant,11.0192445,76.9534223,restaurant,,,11.02,76.95
node/1464278820,Ramalinga Chettiar School (Govt Aided),education,11.0234569,76.9482725,school,,,11.02,76.95
node/1468079440,Unnamed Feature,bus_stop,11.0237135,76.9513339,,,bus_stop,11.02,76.95
node/1468079521,Unnamed Feature,bus_stop,11.022929,76.9518436,,,bus_stop,11.02,76.95
node/1471862691,Avinashilingam Vocational Training Institute,education,11.0225375,76.9515029,school,,,11.02,76.95
node/5300436248,Avinashilingam University Bus Stop,bus_stop,11.0202445,76.9526709,,,bus_stop,11.02,76.95
node/13651466030,District Forest Office - Coimbatore,office,11.0179584,76.952677,,,,11.02,76.95
node/13651509842,Coimbatore Forest Range Office,office,11.0183041,76.9532984,,,,11.02,76.95
way/30919042,Bharathi Park Road,road,11.0196835,76.945938,,,secondary,11.02,76.95
way/62288266,North Coimbatore Flyover Ramp,road,11.017997,76.953754,,,primary_link,11.02,76.95
way/62288331,Mettupalayam Road,road,11.0156675,76.9542464,,,trunk,11.02,76.95
way/62288346,North Coimbatore Flyover Ramp,road,11.0173511,76.9542036,,,primary_link,11.02,76.95
way/62289757,North Coimbatore Flyover,road,11.0176922,76.9534061,,,primary,11.02,76.95
way/66292236,North Coimbatore Flyover,road,11.0169791,76.9538344,,,primary,11.02,76.95
way/77848341,Raja Annamalai Road,road,11.0232291,76.9462882,,,tertiary,11.02,76.95
way/129117411,Bharthi park 1st cross,road,11.0212572,76.945419,,,residential,11.02,76.95
way/129118814,Unnamed Feature,road,11.0207647,76.9508038,,,residential,11.02,76.95
way/129118815,Unnamed Feature,road,11.0207465,76.9504103,,,residential,11.02,76.95
way/129118816,Unnamed Feature,road,11.0205144,76.9513328,,,residential,11.02,76.95
way/129119259,Unnamed Feature,road,11.0235624,76.9468969,,,residential,11.02,76.95
way/129119556,Unnamed Feature,road,11.0216877,76.9470364,,,residential,11.02,76.95
way/129119558,Unnamed Feature,road,11.0219911,76.9483337,,,residential,11.02,76.95
way/129119561,Unnamed Feature,road,11.0226776,76.9470543,,,residential,11.02,76.95
way/129121438,Unnamed Feature,road,11.0205564,76.9450492,,,residential,11.02,76.95
way/129121439,Unnamed Feature,road,11.0223935,76.9506658,,,residential,11.02,76.95
way/129121440,Unnamed Feature,road,11.0210107,76.9463148,,,residential,11.02,76.95
way/129121441,Unnamed Feature,road,11.0222998,76.949191,,,residential,11.02,76.95
way/129121442,Unnamed Feature,road,11.0205028,76.9463818,,,residential,11.02,76.95
way/129122547,Unnamed Feature,road,11.0207843,76.9512018,,,residential,11.02,76.95
way/133072622,Avinasilingam Deemed University for Home Sciences,education,11.0191444,76.9515442,university,,,11.02,76.95
way/133072630,Institute of Forest Genetics & Tree Breeding (IFGTB),education,11.0176359,76.9514724,college,,,11.02,76.95
way/133360781,T.A. Ramalingam Chettiar Higher Secondary School,education,11.0238802,76.948577,school,,,11.02,76.95
way/134498429,North Coimbatore Flyover,road,11.0174014,76.9535149,,,primary,11.02,76.95
way/293066629,Mettupalayam Road,road,11.0157203,76.9543504,,,trunk,11.02,76.95
way/293066630,Mettupalayam Road,road,11.0189716,76.9532821,,,trunk,11.02,76.95
way/501941751,Unnamed Feature,road,11.0200635,76.9536931,,,residential,11.02,76.95
way/553623235,Unnamed Feature,road,11.0171148,76.9459417,,,service,11.02,76.95
way/553623238,Unnamed Feature,road,11.016774,76.9471666,,,service,11.02,76.95
way/553623240,Unnamed Feature,road,11.0169465,76.9496717,,,service,11.02,76.95
way/553623242,Unnamed Feature,road,11.0166694,76.9485018,,,service,11.02,76.95
way/553623244,Unnamed Feature,road,11.0161725,76.9511605,,,service,11.02,76.95
way/553623246,Unnamed Feature,road,11.0173014,76.9509788,,,service,11.02,76.95
way/553623249,TamilNadu Forest Academy,office,11.0176471,76.9459231,,,,11.02,76.95
way/584391778,Unnamed Feature,road,11.0219497,76.9461711,,,residential,11.02,76.95
way/584391779,Unnamed Feature,road,11.0224781,76.9470098,,,residential,11.02,76.95
way/593286445,Mettupalayam Road,road,11.0220183,76.9523346,,,trunk,11.02,76.95
way/593359195,Mettupalayam Road,road,11.0250284,76.9514438,,,trunk,11.02,76.95
way/593359198,Dr Alagesan road,road,11.0227131,76.9443304,,,tertiary,11.02,76.95
way/593359201,Mettupalayam Road,road,11.022511,76.9518896,,,trunk,11.02,76.95
way/593359204,bharthi park no2 road,road,11.0210314,76.9436678,,,residential,11.02,76.95
way/593359206,Mettupalayam Road,road,11.0208625,76.9525144,,,trunk,11.02,76.95
way/594392955,Unnamed Feature,road,11.0182684,76.9465126,,,service,11.02,76.95
way/744228767,Unnamed Feature,road,11.0185376,76.9542196,,,service,11.02,76.95
way/761625588,Unnamed Feature,road,11.0218084,76.9521449,,,residential,11.02,76.95
way/761628942,Unnamed Feature,road,11.0232372,76.9517224,,,tertiary,11.02,76.95
way/761629657,Unnamed Feature,road,11.0217162,76.953181,,,service,11.02,76.95
way/761658219,Unnamed Feature,road,11.0199566,76.9529918,,,secondary,11.02,76.95
way/761658220,Mettupalayam Road,road,11.0190037,76.9533781,,,trunk,11.02,76.95
way/908268994,Unnamed Feature,road,11.0234917,76.9471,,,residential,11.02,76.95
way/992434647,Unnamed Feature,road,11.0223876,76.9458409,,,residential,11.02,76.95
way/992440696,Unnamed Feature,road,11.0187413,76.9475818,,,service,11.02,76.95
way/992440697,Unnamed Feature,road,11.0218688,76.9487753,,,residential,11.02,76.95
way/993559455,Unnamed Feature,road,11.0226111,76.9473844,,,residential,11.02,76.95
way/993559456,Unnamed Feature,road,11.0192415,76.9516516,,,service,11.02,76.95
way/993559457,Unnamed Feature,road,11.0169996,76.9520189,,,service,11.02,76.95
way/1065421664,Unnamed Feature,road,11.0168267,76.9477618,,,residential,11.02,76.95
way/1081324697,Unnamed Feature,road,11.0180638,76.9520062,,,service,11.02,76.95
way/1083394928,Unnamed Feature,road,11.019056,76.949303,,,residential,11.02,76.95
way/1100816166,Unnamed Feature,road,11.0170181,76.9535471,,,footway,11.02,76.95
way/1105189939,Unnamed Feature,road,11.020767,76.9523851,,,residential,11.02,76.95
way/1121631821,Unnamed Feature,road,11.020598,76.9493142,,,service,11.02,76.95
way/1121631822,Unnamed Feature,road,11.0206155,76.949409,,,service,11.02,76.95
way/1121631823,Unnamed Feature,road,11.0209733,76.9494787,,,service,11.02,76.95
way/1121631824,Unnamed Feature,road,11.0203271,76.9494932,,,service,11.02,76.95
way/1189338130,Unnamed Feature,road,11.0174952,76.9459289,,,residential,11.02,76.95
way/1207256323,Unnamed Feature,road,11.0172788,76.9461031,,,residential,11.02,76.95
way/1208992466,bharthi park no2 road,road,11.021655,76.9506894,,,residential,11.02,76.95
way/1225823525,Unnamed Feature,road,11.0241046,76.9512311,,,service,11.02,76.95
way/1225823526,Unnamed Feature,road,11.0240817,76.9507959,,,service,11.02,76.95
way/1225823527,Unnamed Feature,road,11.0242432,76.9502865,,,service,11.02,76.95
way/1225823528,Unnamed Feature,road,11.0241478,76.949693,,,service,11.02,76.95
way/1225823529,Unnamed Feature,road,11.0237521,76.9496422,,,service,11.02,76.95
way/1225823530,Unnamed Feature,road,11.0236368,76.9501923,,,service,11.02,76.95
way/1225823531,Unnamed Feature,road,11.0238691,76.9505836,,,service,11.02,76.95
way/1225823532,Unnamed Feature,road,11.0245661,76.9495457,,,service,11.02,76.95
way/1225823533,Unnamed Feature,road,11.0245356,76.9502221,,,service,11.02,76.95
way/1225823534,Unnamed Feature,road,11.0245713,76.9505138,,,service,11.02,76.95
way/1225823844,Unnamed Feature,road,11.0232526,76.948899,,,service,11.02,76.95
way/1225823845,Unnamed Feature,road,11.0234882,76.9485942,,,service,11.02,76.95
way/1225823846,Unnamed Feature,road,11.0235658,76.9489798,,,service,11.02,76.95
way/1225823847,Unnamed Feature,road,11.0228677,76.9498661,,,service,11.02,76.95
way/1225823848,Unnamed Feature,road,11.0224396,76.9498847,,,service,11.02,76.95
way/1225824178,Unnamed Feature,road,11.0221052,76.9494284,,,service,11.02,76.95
way/1225824179,Unnamed Feature,road,11.0221519,76.949801,,,service,11.02,76.95
way/1225824180,Unnamed Feature,road,11.0217294,76.9500565,,,residential,11.02,76.95
way/1225824181,Unnamed Feature,road,11.0220251,76.9504964,,,residential,11.02,76.95
way/1225827058,Unnamed Feature,road,11.0225077,76.9508808,,,service,11.02,76.95
way/1225827059,Unnamed Feature,road,11.0226268,76.9511169,,,service,11.02,76.95
way/1225827060,Unnamed Feature,road,11.022753,76.9509973,,,service,11.02,76.95
way/1225827061,Unnamed Feature,road,11.0226299,76.9508321,,,service,11.02,76.95
way/1225827062,Unnamed Feature,road,11.0227682,76.9515842,,,service,11.02,76.95
way/1225827063,Unnamed Feature,road,11.0227515,76.9513705,,,service,11.02,76.95
way/1225827689,Unnamed Feature,road,11.0217515,76.9513089,,,service,11.02,76.95
way/1225827690,Unnamed Feature,road,11.0219604,76.9513231,,,service,11.02,76.95
way/1225827691,Unnamed Feature,road,11.0223062,76.9522296,,,service,11.02,76.95
way/1225827692,Unnamed Feature,road,11.0223624,76.952788,,,service,11.02,76.95
way/1225828528,Unnamed Feature,road,11.0215225,76.9525291,,,service,11.02,76.95
way/1225828529,Unnamed Feature,road,11.0215763,76.9528369,,,service,11.02,76.95
way/1225828530,Unnamed Feature,road,11.0218137,76.9527472,,,service,11.02,76.95
way/1225828531,Unnamed Feature,road,11.0217293,76.9528497,,,service,11.02,76.95
way/1225828532,Unnamed Feature,road,11.0215476,76.953086,,,service,11.02,76.95
way/1225828533,Unnamed Feature,road,11.0209497,76.9529045,,,service,11.02,76.95
way/1225828534,Unnamed Feature,road,11.0210889,76.9533236,,,service,11.02,76.95
way/1225828535,Unnamed Feature,road,11.0209257,76.9531198,,,service,11.02,76.95
way/1225828536,Unnamed Feature,road,11.0210455,76.9534085,,,service,11.02,76.95
way/1225831038,Unnamed Feature,road,11.0204763,76.9530839,,,service,11.02,76.95
way/1225831039,Unnamed Feature,road,11.0206288,76.9534218,,,service,11.02,76.95
way/1225831040,Unnamed Feature,road,11.0200433,76.9532708,,,service,11.02,76.95
way/1225831041,Unnamed Feature,road,11.0202365,76.9536931,,,service,11.02,76.95
way/1225831042,Unnamed Feature,road,11.0197721,76.9536274,,,living_street,11.02,76.95
way/1225833785,Unnamed Feature,road,11.0187376,76.9536245,,,service,11.02,76.95
way/1225833786,Unnamed Feature,road,11.0187967,76.9538699,,,service,11.02,76.95
way/1225833787,Unnamed Feature,road,11.0186624,76.9537116,,,service,11.02,76.95
way/1225833788,Unnamed Feature,road,11.0187198,76.9539609,,,service,11.02,76.95
way/1225833789,Unnamed Feature,road,11.0200151,76.9471669,,,service,11.02,76.95
way/1225833790,Unnamed Feature,road,11.0204626,76.9471385,,,service,11.02,76.95
way/1225835198,Unnamed Feature,road,11.0211935,76.9494145,,,service,11.02,76.95
way/1225835199,Unnamed Feature,road,11.0206587,76.950279,,,service,11.02,76.95
way/1225835200,Unnamed Feature,road,11.0207506,76.9501283,,,service,11.02,76.95
way/1225835201,Unnamed Feature,road,11.0204599,76.9501436,,,service,11.02,76.95
way/1232605545,Unnamed Feature,road,11.0240918,76.9519018,,,service,11.02,76.95
way/1240249370,Avinashilingam Elimentry School,education,11.0186311,76.9527651,school,,,11.02,76.95
way/1317835070,North Coimbatore Flyover,road,11.0173528,76.9531672,,,primary,11.02,76.95
way/1338144780,Unnamed Feature,road,11.0167608,76.952852,,,residential,11.02,76.95
way/1338144781,Unnamed Feature,road,11.0181122,76.9528495,,,residential,11.02,76.95
way/1338144782,Unnamed Feature,road,11.0180442,76.9526665,,,residential,11.02,76.95
way/1338144783,Unnamed Feature,road,11.019284,76.9513808,,,residential,11.02,76.95
way/1338144784,Unnamed Feature,road,11.0195609,76.9520309,,,residential,11.02,76.95
way/1338144785,Unnamed Feature,road,11.0197452,76.9521061,,,residential,11.02,76.95
way/1338144786,Unnamed Feature,road,11.0188787,76.9517252,,,residential,11.02,76.95
way/1338144787,Unnamed Feature,road,11.0188988,76.9525072,,,residential,11.02,76.95
way/1338144788,Unnamed Feature,road,11.0191261,76.9512361,,,residential,11.02,76.95
way/1338144789,Unnamed Feature,road,11.0188724,76.9510836,,,residential,11.02,76.95
way/1338144790,Unnamed Feature,road,11.0191856,76.9506564,,,residential,11.02,76.95
way/1338144791,Unnamed Feature,road,11.0183077,76.949584,,,residential,11.02,76.95
way/1338144792,Unnamed Feature,road,11.0176582,76.9494197,,,residential,11.02,76.95
way/1338144793,Unnamed Feature,road,11.0173897,76.9492472,,,residential,11.02,76.95
way/1338144794,Unnamed Feature,road,11.0172602,76.9474316,,,residential,11.02,76.95
way/1338144795,Unnamed Feature,road,11.0165004,76.9478651,,,residential,11.02,76.95
way/1338144796,Unnamed Feature,road,11.0162361,76.9477823,,,residential,11.02,76.95
way/1338144798,Unnamed Feature,road,11.0159488,76.9479168,,,residential,11.02,76.95
way/1338144803,Unnamed Feature,road,11.0161874,76.9494403,,,residential,11.02,76.95
way/1338144804,Unnamed Feature,road,11.0167132,76.9504166,,,residential,11.02,76.95
way/1338144805,Unnamed Feature,road,11.0164379,76.9512242,,,residential,11.02,76.95
way/1338144806,Unnamed Feature,road,11.0165949,76.9516314,,,residential,11.02,76.95
way/1338144807,Unnamed Feature,road,11.0167709,76.9521487,,,residential,11.02,76.95
way/1338144808,Unnamed Feature,road,11.0171069,76.9514286,,,residential,11.02,76.95
way/1338144809,Unnamed Feature,road,11.0173126,76.9510873,,,residential,11.02,76.95
way/1338144810,Unnamed Feature,road,11.0174911,76.9510854,,,residential,11.02,76.95
way/1338144811,Unnamed Feature,road,11.0167196,76.9488845,,,residential,11.02,76.95
way/1338144812,Unnamed Feature,road,11.016786,76.9494055,,,residential,11.02,76.95
way/1338144813,Unnamed Feature,road,11.0168427,76.9499527,,,residential,11.02,76.95
way/1338144814,Unnamed Feature,road,11.0181232,76.9475769,,,residential,11.02,76.95
way/1338144815,A4 Road,road,11.0184955,76.9473658,,,residential,11.02,76.95
way/1338144816,Unnamed Feature,road,11.0193073,76.9475924,,,residential,11.02,76.95
way/1338144817,Unnamed Feature,road,11.0191529,76.9470519,,,residential,11.02,76.95
way/1338144818,Unnamed Feature,road,11.0185056,76.9467232,,,residential,11.02,76.95
way/1338144819,Unnamed Feature,road,11.0189257,76.9459737,,,residential,11.02,76.95
way/1338144820,Unnamed Feature,road,11.0180709,76.9461137,,,residential,11.02,76.95
way/1338144821,Unnamed Feature,road,11.0188554,76.9460654,,,residential,11.02,76.95
way/1338144822,Unnamed Feature,road,11.0192116,76.9462264,,,residential,11.02,76.95
way/1338144823,Unnamed Feature,road,11.0187208,76.9464555,,,residential,11.02,76.95
way/1359806398,Unnamed Feature,road,11.0218434,76.952262,,,service,11.02,76.95
way/1359806399,Unnamed Feature,road,11.0217989,76.9523496,,,service,11.02,76.95
way/1359806400,Unnamed Feature,road,11.0217031,76.9523322,,,service,11.02,76.95
way/1541442006,Mettupalayam Road,road,11.0236429,76.9516342,,,trunk,11.02,76.95
way/1541442007,Mettupalayam Road,road,11.0262166,76.9514634,,,trunk,11.02,76.95
way/1541442008,Unnamed Feature,road,11.0284604,76.9511333,,,tertiary,11.02,76.95
way/1541442013,Unnamed Feature,road,11.0262307,76.9515079,,,tertiary,11.02,76.95
node/9546515147,Bakery,shop_bakery,11.4058705,78.1598005,,bakery,,11.4042039,78.160763
node/10201132840,Nanban bakery,shop_bakery,11.4051532,78.1597893,,bakery,,11.4042039,78.160763
node/11281615091,Nainamalai Departmental store,shop_department_store,11.4057084,78.159803,,department_store,,11.4042039,78.160763
way/197120807,Unnamed Feature,road,11.4055891,78.1593993,,,tertiary_link,11.4042039,78.160763
way/1222148854,Unnamed Feature,road,11.4568969,78.1686392,,,residential,11.4562338,78.17095760000001
way/1222148856,Unnamed Feature,road,11.4560486,78.1700531,,,service,11.4562338,78.17095760000001
way/1222148859,Unnamed Feature,road,11.4562663,78.1705824,,,residential,11.4562338,78.17095760000001
way/1338508692,Unnamed Feature,road,11.4541988,78.1664287,,,residential,11.4562338,78.17095760000001
node/330070075,Senthil Hospital,healthcare,11.0089752,76.9578034,hospital,,,11.01,76.96000000000001
node/330070077,Dr. S. G. Rajarathinam Hospital,healthcare,11.0095256,76.9619316,hospital,,,11.01,76.96000000000001
node/343436818,Kikani Higher Secondary School,education,11.0115779,76.9579425,school,,,11.01,76.96000000000001
node/343438055,Corporation Elementary School,education,11.0136837,76.9616315,school,,,11.01,76.96000000000001
node/802528003,Delhi Sweet,restaurant,11.0121503,76.962482,restaurant,,,11.01,76.96000000000001
node/1472205012,Suburban Higher Secondary School,education,11.0129282,76.9609421,school,,,11.01,76.96000000000001
node/3964515539,Elite Furniture Mart,shop_furniture,11.0098975,76.9635551,,furniture,,11.01,76.96000000000001
node/4470920289,Unnamed Feature,healthcare,11.008577,76.9563626,clinic,,,11.01,76.96000000000001
node/4522573189,Unnamed Feature,office,11.0129255,76.9613941,,,,11.01,76.96000000000001
node/4522573489,Unnamed Feature,office,11.0129251,76.9614554,,,,11.01,76.96000000000001
node/5274739821,Unnamed Feature,shop_bakery,11.00933,76.9576465,,bakery,,11.01,76.96000000000001
node/5274739921,Unnamed Feature,shop_bakery,11.0095508,76.9579603,,bakery,,11.01,76.96000000000001
node/5724054575,Brookefields Mall,shop_mall,11.0088739,76.9593964,,mall,,11.01,76.96000000000001
node/6110273274,Sheriff Motors-Royal Enfield,shop_motorcycle,11.0092991,76.9590316,,motorcycle,,11.01,76.96000000000001
node/6110273275,RMKV Silks,shop_clothes,11.0091483,76.9591776,,clothes,,11.01,76.96000000000001
node/6110273276,Nike,shop_clothes,11.0090087,76.95928,,clothes,,11.01,76.96000000000001
node/6110273277,Vision Express,shop_optician,11.009085,76.9594223,,optician,,11.01,76.96000000000001
node/6110273278,Calvin Klein,shop_clothes,11.0090496,76.9596878,,clothes,,11.01,76.96000000000001
node/6110273279,Tarangarts Golu Dolls,shop_yes,11.0091669,76.9596404,,yes,,11.01,76.96000000000001
node/6110273280,Reliance Trends,shop_clothes,11.0092284,76.9594886,,clothes,,11.01,76.96000000000001
node/6110273281,McDonald's,restaurant,11.0095895,76.9588552,fast_food,,,11.01,76.96000000000001
node/6110273282,Levi's,shop_clothes,11.0095504,76.9592042,,clothes,,11.01,76.96000000000001
node/6110273283,Allen Solly,shop_clothes,11.0099526,76.9591093,,clothes,,11.01,76.96000000000001
node/6403573764,grasp,shop_clothes,11.0088313,76.9594985,,clothes,,11.01,76.96000000000001
node/6403575020,Classic Polo,shop_clothes,11.0089484,76.9596114,,clothes,,11.01,76.96000000000001
node/6915000695,"Sri Meru Nursing Home, Coimbatore",healthcare,11.0116059,76.9606769,clinic,,,11.01,76.96000000000001
node/6935186143,Ponnammal Duraisamy Eye Clinic,healthcare,11.010795,76.961735,clinic,,,11.01,76.96000000000001
node/6936695107,Dr K Padmavathy Hospital,healthcare,11.0081878,76.9578948,hospital,,,11.01,76.96000000000001
node/7831383485,Unnamed Feature,shop_car_repair,11.0110299,76.9581433,,car_repair,,11.01,76.96000000000001
node/7844131968,Rex Ortho Hospital,healthcare,11.008405,76.956396,hospital,,,11.01,76.96000000000001
node/7844131977,Srigiri Ayurvedic Hospital,healthcare,11.0081541,76.9578763,hospital,,,11.01,76.96000000000001
node/7844132016,Mak Hospital,healthcare,11.008435,76.9580134,hospital,,,11.01,76.96000000000001
way/27041526,Kalidas Road,road,11.0130744,76.9617194,,,residential,11.01,76.96000000000001
way/27041528,Sathyamurthi Road,road,11.0140409,76.9615863,,,residential,11.01,76.96000000000001
way/27041529,Balaji Road,road,11.0138356,76.9633537,,,residential,11.01,76.96000000000001
way/29980760,Unnamed Feature,road,11.0100209,76.9564977,,,residential,11.01,76.96000000000001
way/29980761,Unnamed Feature,road,11.0093177,76.9568668,,,residential,11.01,76.96000000000001
way/29980762,Unnamed Feature,road,11.0113769,76.9555528,,,residential,11.01,76.96000000000001
way/29980763,Unnamed Feature,road,11.011097,76.9560953,,,residential,11.01,76.96000000000001
way/29982695,Unnamed Feature,road,11.0120672,76.9647047,,,residential,11.01,76.96000000000001
way/29982697,Sastri Road,road,11.0129516,76.9631543,,,secondary,11.01,76.96000000000001
way/29982699,Ansari Street,road,11.0097396,76.9637284,,,residential,11.01,76.96000000000001
way/29982705,Ansari Street,road,11.009321,76.9624078,,,residential,11.01,76.96000000000001
way/29982709,Ragan Street,road,11.0105861,76.9630202,,,residential,11.01,76.96000000000001
way/29982720,Unnamed Feature,road,11.0117675,76.9628978,,,unclassified,11.01,76.96000000000001
way/29982721,Unnamed Feature,road,11.0145973,76.9599357,,,residential,11.01,76.96000000000001
way/29982724,Unnamed Feature,road,11.0122371,76.9602999,,,residential,11.01,76.96000000000001
way/29982725,Unnamed Feature,road,11.0088323,76.9639676,,,residential,11.01,76.96000000000001
way/66058397,Kalapan Street,road,11.0092387,76.9639719,,,residential,11.01,76.96000000000001
way/66117847,Sastri Road,road,11.0111289,76.9580937,,,secondary,11.01,76.96000000000001
way/133368414,Unnamed Feature,education,11.0120123,76.9578529,school,,,11.01,76.96000000000001
way/156225363,Senguptha Street,road,11.0104858,76.9646384,,,residential,11.01,76.96000000000001
way/206609413,Unnamed Feature,road,11.0086649,76.9624697,,,residential,11.01,76.96000000000001
way/206609424,Unnamed Feature,road,11.0135978,76.9595784,,,residential,11.01,76.96000000000001
way/206609425,Unnamed Feature,road,11.0084863,76.9639579,,,residential,11.01,76.96000000000001
way/293066631,Sastri Road,road,11.0110999,76.9582205,,,secondary,11.01,76.96000000000001
way/293066632,Sastri Road,road,11.0109303,76.9557135,,,secondary,11.01,76.96000000000001
way/293066633,Sastri Road,road,11.0110143,76.9575916,,,secondary_link,11.01,76.96000000000001
way/393237822,Ramar Koil Street,road,11.0101053,76.9645872,,,residential,11.01,76.96000000000001
way/478201314,Unnamed Feature,road,11.0138407,76.9605452,,,residential,11.01,76.96000000000001
way/501930653,Unnamed Feature,road,11.0130129,76.9564796,,,residential,11.01,76.96000000000001
way/502561584,Unnamed Feature,road,11.0123159,76.9565189,,,residential,11.01,76.96000000000001
way/581494298,Sastri Road,road,11.0112778,76.963723,,,residential,11.01,76.96000000000001
way/593359229,Unnamed Feature,road,11.0084198,76.9569785,,,residential,11.01,76.96000000000001
way/725275277,Vivekanada Road,road,11.0153482,76.9612268,,,tertiary,11.01,76.96000000000001
way/725275278,Vivekanada Road,road,11.0134846,76.9613165,,,tertiary,11.01,76.96000000000001
way/725275641,Vivekanada Road,road,11.0125637,76.9613863,,,tertiary,11.01,76.96000000000001
way/725276155,Sastri Road,road,11.0115048,76.960376,,,secondary,11.01,76.96000000000001
way/725276156,Sastri Road,road,11.0117491,76.9614651,,,secondary,11.01,76.96000000000001
way/725276157,Vivekanada Road,road,11.0117582,76.9614513,,,tertiary,11.01,76.96000000000001
way/725276973,Ragan Street,road,11.0093437,76.9630972,,,residential,11.01,76.96000000000001
way/725277463,Senguptha Street,road,11.0106652,76.9617473,,,residential,11.01,76.96000000000001
way/725277464,Senguptha Street,road,11.0105861,76.9633555,,,residential,11.01,76.96000000000001
way/740646248,M. V. Eye Care Centre,healthcare,11.0128979,76.962954,hospital,,,11.01,76.96000000000001
way/789985242,Unnamed Feature,road,11.0142582,76.9593786,,,residential,11.01,76.96000000000001
way/993568928,Unnamed Feature,road,11.0124546,76.9617111,,,residential,11.01,76.96000000000001
way/993577215,Unnamed Feature,road,11.0107106,76.9585745,,,residential,11.01,76.96000000000001
way/993577216,Unnamed Feature,road,11.0093404,76.9613593,,,residential,11.01,76.96000000000001
way/1054205837,Krishnasamy Road,road,11.0121759,76.9560981,,,secondary,11.01,76.96000000000001
way/1054205838,Sastri Road,road,11.0110014,76.9567829,,,secondary,11.01,76.96000000000001
way/1083459818,Unnamed Feature,road,11.0105168,76.9598983,,,residential,11.01,76.96000000000001
way/1235146655,Unnamed Feature,road,11.0104176,76.9558909,,,living_street,11.01,76.96000000000001
way/1251096265,Coporation Girls Higher Secondary School,education,11.0136909,76.9610313,school,,,11.01,76.96000000000001
way/1294647153,Sastri Road,road,11.0110362,76.9568058,,,secondary,11.01,76.96000000000001
way/1294647154,Unnamed Feature,road,11.0109639,76.9573692,,,secondary,11.01,76.96000000000001
way/1294647155,Krishnasamy Road,road,11.0112011,76.9570217,,,secondary,11.01,76.96000000000001
way/1294647156,Krishnasamy Road,road,11.0111561,76.9570143,,,secondary,11.01,76.96000000000001
way/1322929094,Sastri Road,road,11.0112283,76.959129,,,secondary,11.01,76.96000000000001
way/1322929095,Sastri Road Underpass,road,11.0111586,76.9588127,,,secondary,11.01,76.96000000000001
way/1322929096,Sastri Road,road,11.0112143,76.9591413,,,secondary,11.01,76.96000000000001
way/1322929097,Sastri Road Underpass,road,11.011127,76.9588428,,,secondary,11.01,76.96000000000001
way/1337852621,Unnamed Feature,road,11.0139419,76.9581608,,,residential,11.01,76.96000000000001
way/1337852622,Unnamed Feature,road,11.0127697,76.9589261,,,residential,11.01,76.96000000000001
way/1337852623,Unnamed Feature,road,11.0122568,76.9598354,,,residential,11.01,76.96000000000001
way/1337852624,Unnamed Feature,road,11.0118253,76.9592283,,,residential,11.01,76.96000000000001
way/1337852625,Unnamed Feature,road,11.0118437,76.9610438,,,residential,11.01,76.96000000000001
way/1337852626,Unnamed Feature,road,11.0108895,76.9611824,,,residential,11.01,76.96000000000001
way/1337852627,Unnamed Feature,road,11.0107701,76.9620494,,,residential,11.01,76.96000000000001
way/1337852628,Unnamed Feature,road,11.0108054,76.9627269,,,residential,11.01,76.96000000000001
way/1337852629,Unnamed Feature,road,11.0107853,76.9631218,,,residential,11.01,76.96000000000001
way/1337852630,Unnamed Feature,road,11.010729,76.9638831,,,residential,11.01,76.96000000000001
way/1337852631,Unnamed Feature,road,11.010376,76.9641386,,,residential,11.01,76.96000000000001
way/1337852632,Unnamed Feature,road,11.0099065,76.9638748,,,residential,11.01,76.96000000000001
way/1337852633,Unnamed Feature,road,11.0116484,76.9637298,,,residential,11.01,76.96000000000001
way/1337852634,Unnamed Feature,road,11.0115515,76.9639497,,,residential,11.01,76.96000000000001
way/1337852635,Unnamed Feature,road,11.011188,76.9641348,,,residential,11.01,76.96000000000001
way/1338144773,Unnamed Feature,road,11.0100738,76.9601756,,,residential,11.01,76.96000000000001
way/1338144774,Unnamed Feature,road,11.0097961,76.9605595,,,residential,11.01,76.96000000000001
way/1338144775,Unnamed Feature,road,11.0098723,76.9614596,,,residential,11.01,76.96000000000001
way/1338144776,Unnamed Feature,road,11.011555,76.9570494,,,residential,11.01,76.96000000000001
way/1338144777,Unnamed Feature,road,11.0117723,76.9576452,,,residential,11.01,76.96000000000001
way/1366153914,Unnamed Feature,road,11.0132169,76.95841,,,service,11.01,76.96000000000001
node/1474490982,Unnamed Feature,shop_hifi,10.99545,76.9598587,,hifi,,10.999311500000001,76.9603425
node/1474491000,Bison Bus Stop,bus_stop,10.9953157,76.9595665,,,bus_stop,10.999311500000001,76.9603425
node/1474491003,Unnamed Feature,shop_books,10.9950235,76.9616129,,books,,10.999311500000001,76.9603425
node/1474491004,Bison,grocery_store,10.9953684,76.9594403,,convenience,,10.999311500000001,76.9603425
node/1474491022,Calcutta Bazaar,shop_clothes,10.9951762,76.9594805,,clothes,,10.999311500000001,76.9603425
node/1474811254,NELLAI LALA,shop_confectionery,10.9954258,76.9596162,,confectionery,,10.999311500000001,76.9603425
node/1474815489,GROCERY MARKET,shop_greengrocer,10.9954047,76.9582268,,greengrocer,,10.999311500000001,76.9603425
node/6138341741,Five Corner,bus_stop,10.9954966,76.9607386,,,bus_stop,10.999311500000001,76.9603425
way/66049848,Raja Street,road,10.9951716,76.9600392,,,trunk,10.999311500000001,76.9603425
way/66105421,Raja Street,road,10.9945138,76.9557335,,,secondary,10.999311500000001,76.9603425
way/134096086,Unnamed Feature,road,10.9946117,76.9603424,,,residential,10.999311500000001,76.9603425
way/134097189,Unnamed Feature,road,10.9952212,76.9622488,,,residential,10.999311500000001,76.9603425
way/241418554,N.H.Road,road,10.9931447,76.9606299,,,trunk,10.999311500000001,76.9603425
way/241418555,Raja Street,road,10.9947013,76.9619492,,,trunk,10.999311500000001,76.9603425
way/373410449,CSI(Church of South India) Boys Higher Secondary School,education,10.9968977,76.9648158,school,,,10.999311500000001,76.9603425
way/405604616,Unnamed Feature,road,10.9986495,76.9647867,,,steps,10.999311500000001,76.9603425
way/405604618,Unnamed Feature,road,10.9989598,76.9651602,,,footway,10.999311500000001,76.9603425
way/910306618,Unnamed Feature,road,10.9953201,76.956759,,,residential,10.999311500000001,76.9603425
way/1089379754,Unnamed Feature,road,10.9985165,76.964468,,,service,10.999311500000001,76.9603425
way/1338514050,Unnamed Feature,road,10.9979694,76.9647644,,,residential,10.999311500000001,76.9603425
node/442862971,Legal Aid Services of Oregon,office,44.9393706,-123.0375644,,,,44.9391565,-123.033121
node/2112856843,503 Sushi Bar,restaurant,44.9409993,-123.0386687,restaurant,,,44.9391565,-123.033121
node/2112856945,Roger Yost Gallery of Fine Art,shop_art,44.9398956,-123.0392212,,art,,44.9391565,-123.033121
node/2113494949,Winslow Boutique,shop_clothes,44.9410163,-123.0373506,,clothes,,44.9391565,-123.033121
node/2113495012,Havana Salon,shop_hairdresser,44.940234,-123.0392111,,hairdresser,,44.9391565,-123.033121
node/2113495040,Jackson Jewelers,shop_jewelry,44.9414814,-123.038373,,jewelry,,44.9391565,-123.033121
node/2113495184,Bentley's,restaurant,44.9413425,-123.0384484,cafe,,,44.9391565,-123.033121
node/2113495194,Thai Orchid Restaurant,restaurant,44.9414644,-123.0378586,restaurant,,,44.9391565,-123.033121
node/3618375131,Cherriots Customer Service,office,44.9408835,-123.0361404,,,,44.9391565,-123.033121
node/4649072367,Guitar Castle,shop_musical_instrument,44.9411827,-123.0366541,,musical_instrument,,44.9391565,-123.033121
node/4649085914,The Gov Cup,restaurant,44.9409441,-123.0370242,cafe,,,44.9391565,-123.033121
node/4649086040,The Book Bin,shop_books,44.9407629,-123.0377541,,books,,44.9391565,-123.033121
node/4650454496,The Easy Otter,restaurant,44.9392189,-123.037131,restaurant,,,44.9391565,-123.033121
node/4913068607,Wolfhounds Bar & Grill,restaurant,44.9406914,-123.037468,restaurant,,,44.9391565,-123.033121
node/6005380125,W. Wallace,restaurant,44.9402317,-123.0391748,restaurant,,,44.9391565,-123.033121
node/6164212263,Capitol Coffee Deli,restaurant,44.9406757,-123.0358131,cafe,,,44.9391565,-123.033121
node/6426280948,Cherriots,office,44.9407787,-123.0359359,,,,44.9391565,-123.033121
node/6525766851,Downtown Transit Center - Bay E,bus_stop,44.9407661,-123.0350719,,,bus_stop,44.9391565,-123.033121
node/6525766852,Downtown Transit Center - Bay K,bus_stop,44.9411909,-123.0361445,,,bus_stop,44.9391565,-123.033121
node/6525766853,Downtown Transit Center - Bay Q,bus_stop,44.9410035,-123.0349807,,,bus_stop,44.9391565,-123.033121
node/6525766854,Downtown Transit Center - Bay V,bus_stop,44.9414188,-123.0360053,,,bus_stop,44.9391565,-123.033121
node/6525766855,Downtown Transit Center - Bay L,bus_stop,44.9412432,-123.0359772,,,bus_stop,44.9391565,-123.033121
node/6525766856,Downtown Transit Center - Bay M,bus_stop,44.9411928,-123.0357774,,,bus_stop,44.9391565,-123.033121
node/6525766857,Downtown Transit Center - Bay N,bus_stop,44.9411387,-123.0355588,,,bus_stop,44.9391565,-123.033121
node/6525766858,Downtown Transit Center - Bay P,bus_stop,44.9410395,-123.0351591,,,bus_stop,44.9391565,-123.033121
node/6525766859,Downtown Transit Center - Bay O,bus_stop,44.9410884,-123.035365,,,bus_stop,44.9391565,-123.033121
node/6525766861,Downtown Transit Center - Bay G,bus_stop,44.9410016,-123.0353281,,,bus_stop,44.9391565,-123.033121
node/6525766862,Downtown Transit Center - Bay H,bus_stop,44.9410543,-123.0355279,,,bus_stop,44.9391565,-123.033121
node/6525766863,Downtown Transit Center - Bay I,bus_stop,44.9411022,-123.0357271,,,bus_stop,44.9391565,-123.033121
node/6525766864,Downtown Transit Center - Bay J,bus_stop,44.9411558,-123.0359249,,,bus_stop,44.9391565,-123.033121
node/6525766865,Downtown Transit Center - Bay A,bus_stop,44.9409973,-123.0360536,,,bus_stop,44.9391565,-123.033121
node/6525766866,Downtown Transit Center - Bay B,bus_stop,44.9409413,-123.0358364,,,bus_stop,44.9391565,-123.033121
node/6525766868,Downtown Transit Center - Bay D,bus_stop,44.9408307,-123.0353978,,,bus_stop,44.9391565,-123.033121
node/6525766869,Downtown Transit Center - Bay R,bus_stop,44.9411957,-123.0350532,,,bus_stop,44.9391565,-123.033121
node/6525766871,Downtown Transit Center - Bay T,bus_stop,44.9413058,-123.0354837,,,bus_stop,44.9391565,-123.033121
node/6525766872,Downtown Transit Center - Bay U,bus_stop,44.9413628,-123.0357029,,,bus_stop,44.9391565,-123.033121
node/7217212386,FlixBus Salem,bus_stop,44.9421238,-123.0369844,,,bus_stop,44.9391565,-123.033121
node/7256215347,Downtown Salem Transit Mall,bus_stop,44.9411024,-123.035585,,,bus_stop,44.9391565,-123.033121
node/7283774904,Boba Boom,restaurant,44.9421634,-123.0354919,cafe,,,44.9391565,-123.033121
node/8849157845,Archive Coffee Bar,restaurant,44.9402264,-123.038485,cafe,,,44.9391565,-123.033121
node/8849157846,Bigwig Donuts,restaurant,44.9403086,-123.0389691,fast_food,,,44.9391565,-123.033121
node/8849157847,Noble Wave,restaurant,44.9408208,-123.0387139,restaurant,,,44.9391565,-123.033121
node/8849235108,Legacy Coffee Roasters,shop_coffee,44.9415513,-123.0378093,,coffee,,44.9391565,-123.033121
node/8849235109,Alchemy Tattoo Collective,shop_tattoo,44.9413679,-123.037924,,tattoo,,44.9391565,-123.033121
node/8851759088,Brown's Towne,restaurant,44.9405092,-123.0388462,restaurant,,,44.9391565,-123.033121
node/8851759089,Top Drawer,shop_clothes,44.9408463,-123.0381282,,clothes,,44.9391565,-123.033121
node/8851759090,Amadeus,restaurant,44.9404225,-123.0388982,restaurant,,,44.9391565,-123.033121
node/8851759094,Sewell Sweets,shop_bakery,44.9407103,-123.038761,,bakery,,44.9391565,-123.033121
node/8855156290,The Gray Lab,office,44.9402089,-123.0391221,,,,44.9391565,-123.033121
node/8886552887,The Freckled Bee,shop_clothes,44.9401934,-123.0390091,,clothes,,44.9391565,-123.033121
node/8886552888,Gatsby Boutique,shop_jewelry,44.940251,-123.0392346,,jewelry,,44.9391565,-123.033121
node/8925843921,Division of Financial Regulation,office,44.9412564,-123.0305549,,,,44.9391565,-123.033121
node/8925843924,Ombudsman for Injured Workers,office,44.9411725,-123.0300837,,,,44.9391565,-123.033121
node/8987128412,Willamette Valley Bank,bank,44.9398019,-123.0374312,bank,,,44.9391565,-123.033121
node/8987141718,Ritter's,restaurant,44.9401047,-123.0385134,restaurant,,,44.9391565,-123.033121
node/8987141723,Oregon Driver Education Center is,office,44.9383353,-123.0375014,,,,44.9391565,-123.033121
node/9119640140,Adobe,restaurant,44.9393386,-123.037057,restaurant,,,44.9391565,-123.033121
node/9211348520,Diamond Cuts,shop_hairdresser,44.9387866,-123.037887,,hairdresser,,44.9391565,-123.033121
node/9211348521,Glow Beauty Lounge,shop_beauty,44.9389775,-123.037781,,beauty,,44.9391565,-123.033121
node/9211348522,"Daniel T. Dollinger, CPA, CFP",office,44.938864,-123.037839,,,,44.9391565,-123.033121
node/9211348523,Travel Network,shop_travel_agency,44.9389178,-123.0378,,travel_agency,,44.9391565,-123.033121
node/9211348524,Fuji Rice Time,restaurant,44.9390856,-123.037727,restaurant,,,44.9391565,-123.033121
node/9344915234,Zoul Bound,shop_gift,44.9409758,-123.0387225,,gift,,44.9391565,-123.033121
node/9344915252,Quantum Light Annex,shop_interior_decoration,44.9410062,-123.038584,,interior_decoration,,44.9391565,-123.033121
node/9344915273,Hattawear,shop_clothes,44.9408942,-123.038638,,clothes,,44.9391565,-123.033121
node/9499680230,Unique Arch,shop_beauty,44.9419209,-123.0357967,,beauty,,44.9391565,-123.033121
node/9499680234,La Margarita Express,restaurant,44.9418585,-123.0356363,restaurant,,,44.9391565,-123.033121
node/9499680235,Wild Knits,shop_fabric,44.9420117,-123.0357492,,fabric,,44.9391565,-123.033121
node/9852320188,DaVinci Ristorante,restaurant,44.9387476,-123.037342,restaurant,,,44.9391565,-123.033121
node/9894412846,Unnamed Feature,bus_stop,44.9415095,-123.030389,,,bus_stop,44.9391565,-123.033121
node/9951445092,Bradford's Barber Shop,shop_hairdresser,44.9410903,-123.0367064,,hairdresser,,44.9391565,-123.033121
node/9951445094,Olson's Premium Houseplants,shop_garden_centre,44.9410313,-123.0367428,,garden_centre,,44.9391565,-123.033121
node/9951445095,Los Toreros,restaurant,44.9409076,-123.0368955,restaurant,,,44.9391565,-123.033121
node/9951445096,Encore Restaurant,restaurant,44.9405794,-123.036998,restaurant,,,44.9391565,-123.033121
node/9951445097,High Street Shoe Repair,shop_shoe_repair,44.9411338,-123.0366865,,shoe_repair,,44.9391565,-123.033121
node/9951445099,Olson's,shop_gift,44.9408865,-123.0368164,,gift,,44.9391565,-123.033121
node/9951445100,Marion County Democrats,office,44.9412533,-123.0366127,,,,44.9391565,-123.033121
node/9951505164,One Fair World,shop_interior_decoration,44.9406483,-123.0372535,,interior_decoration,,44.9391565,-123.033121
node/9951505166,Pacific Office Automation,shop_electronics,44.9416694,-123.0377433,,electronics,,44.9391565,-123.033121
node/9951764038,Unnamed Feature,shop_interior_decoration,44.9411112,-123.0377497,,interior_decoration,,44.9391565,-123.033121
node/9951764039,Lafkey & Lafkey,office,44.9411143,-123.0376841,,,,44.9391565,-123.033121
node/9951764040,Holy Family Supply,shop_religion,44.9411214,-123.0377857,,religion,,44.9391565,-123.033121
node/9955952991,A&J Burger,restaurant,44.9407786,-123.0362017,restaurant,,,44.9391565,-123.033121
node/9962136764,Chronic Tacos,restaurant,44.9417517,-123.0377066,fast_food,,,44.9391565,-123.033121
node/9982680583,Famous Footwear,shop_shoes,44.942318,-123.0373382,,shoes,,44.9391565,-123.033121
node/9982680584,Osiris Body,shop_jewelry,44.9430459,-123.0360554,,jewelry,,44.9391565,-123.033121
node/9982680588,Victoria's Secret,shop_clothes,44.9424201,-123.0368745,,clothes,,44.9391565,-123.033121
node/9982680599,West End Boutique,shop_clothes,44.9426263,-123.0360154,,clothes,,44.9391565,-123.033121
node/9982680603,Torrid,shop_clothes,44.9427601,-123.035942,,clothes,,44.9391565,-123.033121
node/9982680604,Journeys,shop_shoes,44.9428255,-123.0361842,,shoes,,44.9391565,-123.033121
node/9982680605,All American Magic,shop_clothes,44.9432187,-123.0357876,,clothes,,44.9391565,-123.033121
node/9982680606,Shoe Mill,shop_shoes,44.9432635,-123.0356778,,shoes,,44.9391565,-123.033121
node/9982680609,Auntie Anne's,restaurant,44.9430772,-123.036039,fast_food,,,44.9391565,-123.033121
node/9982693924,Maurices,shop_clothes,44.9425219,-123.0372397,,clothes,,44.9391565,-123.033121
node/9982693933,Pink,shop_clothes,44.9424433,-123.0367842,,clothes,,44.9391565,-123.033121
node/9982693937,Cricket Wireless,shop_mobile_phone,44.9425466,-123.0364762,,mobile_phone,,44.9391565,-123.033121
node/9982728541,Boon Thai Massage and Bodywork,shop_massage,44.9420755,-123.0362706,,massage,,44.9391565,-123.033121
node/9982728545,GeoEngineers,office,44.9420952,-123.0364017,,,,44.9391565,-123.033121
node/9982728546,Pettit Staffing,office,44.9421813,-123.0363843,,,,44.9391565,-123.033121
node/9982728548,Citizens Bank,bank,44.9422069,-123.0362468,bank,,,44.9391565,-123.033121
node/10040040580,Ink Theory Tattoo School,education,44.941414,-123.037904,school,,,44.9391565,-123.033121
node/10040040586,Twig Studio,office,44.941687,-123.0382717,,,,44.9391565,-123.033121
node/10040040588,Jonathan R. Bunn,office,44.9416958,-123.0383175,,,,44.9391565,-123.033121
node/10167880538,AKAI Ramen & Izakaya,restaurant,44.9422683,-123.0354421,restaurant,,,44.9391565,-123.033121
node/10178963335,Unnamed Feature,shop_beauty,44.9393063,-123.0394298,,beauty,,44.9391565,-123.033121
node/10251727041,Willamette Valley Music Company,shop_musical_instrument,44.9394912,-123.0377142,,musical_instrument,,44.9391565,-123.033121
node/10281361726,JPI Insurance Solutions,office,44.9382016,-123.0390555,,,,44.9391565,-123.033121
node/10281361727,Western Oregon University - Salem,education,44.9376833,-123.0378948,university,,,44.9391565,-123.033121
node/10574100035,Rex,restaurant,44.9394997,-123.0383492,restaurant,,,44.9391565,-123.033121
node/10574100038,Unnamed Feature,restaurant,44.9395583,-123.038318,restaurant,,,44.9391565,-123.033121
node/10574100041,Chubby Bao House,restaurant,44.9395377,-123.0382369,restaurant,,,44.9391565,-123.033121
node/10574100042,La Lucciola,restaurant,44.939479,-123.038269,restaurant,,,44.9391565,-123.033121
node/10574100044,Damascus Kitchen,restaurant,44.9396236,-123.0382887,restaurant,,,44.9391565,-123.033121
node/10724779582,Pacific NW Financial Services,office,44.939567,-123.0379138,,,,44.9391565,-123.033121
node/10724779583,Law Offices of Michael B. Dye,office,44.9395375,-123.0379269,,,,44.9391565,-123.033121
node/10724779584,Cosmos Deja Vu Salon & Spa,shop_hairdresser,44.9395864,-123.0380041,,hairdresser,,44.9391565,-123.033121
node/11031458952,Mint Leaf Indian Bistro,restaurant,44.9420623,-123.0355463,restaurant,,,44.9391565,-123.033121
node/11252106186,Happy BiBiM Bap House,restaurant,44.9413682,-123.0336932,restaurant,,,44.9391565,-123.033121
node/11289991162,Unnamed Feature,office,44.9415144,-123.0341163,,,,44.9391565,-123.033121
node/11290070894,Burrito Way,restaurant,44.9416854,-123.0340686,restaurant,,,44.9391565,-123.033121
node/11340444696,Threesixty Barber,office,44.9427147,-123.0363984,,,,44.9391565,-123.033121
node/11340444837,Northwest Bagels,restaurant,44.9386619,-123.0373948,cafe,,,44.9391565,-123.033121
node/11340444928,Columbia Bank,bank,44.9423098,-123.0344351,bank,,,44.9391565,-123.033121
node/11340445005,Handmade Market (Salem Etsy),shop_gift,44.9427743,-123.0361847,,gift,,44.9391565,-123.033121
node/11340445152,O'Sushi,restaurant,44.9393037,-123.036906,restaurant,,,44.9391565,-123.033121
node/11340445182,Umpqua Bank,bank,44.9418394,-123.0346758,bank,,,44.9391565,-123.033121
node/11340445406,Bollywood Brow Threading Salon & Spa,shop_beauty,44.9426048,-123.0369007,,beauty,,44.9391565,-123.033121
node/11340445634,The Cosmic Exchange,shop_religion,44.9389671,-123.0387081,,religion,,44.9391565,-123.033121
node/11340445898,Olive,shop_clothes,44.9423316,-123.0370848,,clothes,,44.9391565,-123.033121
node/11340446189,Inclusion Ink,shop_tattoo,44.9389513,-123.0377857,,tattoo,,44.9391565,-123.033121
node/11340446201,EC Soccer,shop_clothes,44.9426643,-123.0359622,,clothes,,44.9391565,-123.033121
node/11340446348,Elsinore Framing & Gallery,shop_frame,44.9387064,-123.0387468,,frame,,44.9391565,-123.033121
node/11340446498,Martson Sports,shop_yes,44.942585,-123.0363077,,yes,,44.9391565,-123.033121
node/11340446612,Memory Lane,shop_gift,44.9425021,-123.0364547,,gift,,44.9391565,-123.033121
node/11340446858,David's Jewelry,shop_jewelry,44.9424901,-123.0366242,,jewelry,,44.9391565,-123.033121
node/11340446970,Avalon Salon,shop_hairdresser,44.9389835,-123.0387823,,hairdresser,,44.9391565,-123.033121
node/11360610994,Liberty @ Ferry,bus_stop,44.9388744,-123.0393103,,,bus_stop,44.9391565,-123.033121
node/11504465751,Addictions,shop_tattoo,44.9390656,-123.0390666,,tattoo,,44.9391565,-123.033121
node/11544213123,Carma Nails,shop_beauty,44.9409161,-123.0386705,,beauty,,44.9391565,-123.033121
node/11544213124,Honey Hair Loft,shop_hairdresser,44.9409806,-123.0389059,,hairdresser,,44.9391565,-123.033121
node/11544213125,Mary Ann Fahlstrom,office,44.9410166,-123.0388249,,,,44.9391565,-123.033121
node/11544213126,Hannah's Hairstyles,shop_hairdresser,44.9409157,-123.0387436,,hairdresser,,44.9391565,-123.033121
node/11544213127,Awkward Peach Boutique,shop_boutique,44.9409755,-123.0388581,,boutique,,44.9391565,-123.033121
node/11544213130,Be Well Esthetics,shop_beauty,44.9409467,-123.0386744,,beauty,,44.9391565,-123.033121
node/11544213133,Lashes By Chelsea,shop_beauty,44.9409022,-123.0387061,,beauty,,44.9391565,-123.033121
node/11544213134,Attovia,shop_massage,44.9408749,-123.0386445,,massage,,44.9391565,-123.033121
node/11544213139,Forging Paths Counseling,office,44.9410335,-123.0387648,,,,44.9391565,-123.033121
node/11544213142,Reed Opera House Management Office,office,44.9410289,-123.0388665,,,,44.9391565,-123.033121
node/11663716987,Dark Wash Vintage Co.,shop_clothes,44.9410452,-123.038714,,clothes,,44.9391565,-123.033121
node/12099567744,Brick Cove Boutique,shop_clothes,44.9409241,-123.0387125,,clothes,,44.9391565,-123.033121
node/12332991026,Magic Treats,shop_fashion_accessories,44.94297,-123.0360935,,fashion_accessories,,44.9391565,-123.033121
node/12508498001,La Margarita Co,restaurant,44.9385371,-123.0370045,restaurant,,,44.9391565,-123.033121
node/12554866586,Dittos,shop_clothes,44.9410004,-123.0372771,,clothes,,44.9391565,-123.033121
node/13305565401,Clink!,restaurant,44.9418963,-123.0381377,restaurant,,,44.9391565,-123.033121
node/13451753601,Finders Keepers Unique Boutique,shop_second_hand,44.9411356,-123.0378792,,second_hand,,44.9391565,-123.033121
node/13675820048,The Handmade Market,shop_gift,44.9427608,-123.0362353,,gift,,44.9391565,-123.033121
node/13675820049,Norteño Western Wear,shop_clothes,44.9425634,-123.0369203,,clothes,,44.9391565,-123.033121
node/13675820050,Threesixty°,shop_hairdresser,44.9426943,-123.0364063,,hairdresser,,44.9391565,-123.033121
node/14089783392,Sarina's Italian Kitchen,restaurant,44.9423827,-123.0373748,restaurant,,,44.9391565,-123.033121
way/5503381,High Street Southeast,road,44.9380757,-123.0379842,,,secondary,44.9391565,-123.033121
way/5510824,Liberty Street Southeast,road,44.9385144,-123.0395943,,,primary,44.9391565,-123.033121
way/27442267,Unnamed Feature,road,44.9430076,-123.036008,,,footway,44.9391565,-123.033121
way/27442268,Unnamed Feature,road,44.9434518,-123.0352742,,,footway,44.9391565,-123.033121
way/30594263,North Bay,road,44.941229,-123.0354926,,,service,44.9391565,-123.033121
way/30594264,South Bay,road,44.9409556,-123.0356295,,,service,44.9391565,-123.033121
way/30594267,Chemeketa Street Northeast,road,44.9411814,-123.0336808,,,tertiary,44.9391565,-123.033121
way/30594268,Chemeketa Street Northeast,road,44.941998,-123.0369353,,,tertiary,44.9391565,-123.033121
way/30594269,High Street Northeast,road,44.9423457,-123.0358464,,,secondary,44.9391565,-123.033121
way/30594270,High Street Northeast,road,44.9409241,-123.0365583,,,secondary,44.9391565,-123.033121
way/30594271,Church Street Northeast,road,44.9410696,-123.0346594,,,secondary,44.9391565,-123.033121
way/30594272,Church Street Northeast,road,44.9430373,-123.033674,,,secondary,44.9391565,-123.033121
way/30594273,Center Street Northeast,road,44.9422846,-123.0331283,,,primary,44.9391565,-123.033121
way/30594275,Winter Street Northeast,road,44.9433341,-123.0298426,,,tertiary,44.9391565,-123.033121
way/30794678,Marion Street Northeast,road,44.9429684,-123.0309446,,,primary,44.9391565,-123.033121
way/30794679,Marion Street Northeast,road,44.9433787,-123.0325804,,,primary,44.9391565,-123.033121
way/30794680,Cottage Street Northeast,road,44.942626,-123.0320348,,,tertiary,44.9391565,-123.033121
way/30794681,Cottage Street Northeast,road,44.9437436,-123.0314751,,,tertiary,44.9391565,-123.033121
way/30794808,Summer Street Northeast,road,44.9420145,-123.0286387,,,secondary,44.9391565,-123.033121
way/30795036,Court Street Northeast,road,44.9404856,-123.0358649,,,secondary,44.9391565,-123.033121
way/30826485,Capitol Street Northeast,road,44.9419288,-123.0268595,,,primary,44.9391565,-123.033121
way/32293945,Liberty Street Northeast,road,44.9405299,-123.0385854,,,primary,44.9391565,-123.033121
way/32333644,Wexford Alley,road,44.9414467,-123.0372165,,,service,44.9391565,-123.033121
way/34090080,Center Street Northeast,road,44.9414615,-123.029848,,,primary,44.9391565,-123.033121
way/34278025,Salem Center (North),shop_mall,44.9436129,-123.0361103,,mall,,44.9391565,-123.033121
way/34278036,Salem Center (South),shop_mall,44.9425407,-123.0366487,,mall,,44.9391565,-123.033121
way/34360349,Trade Street Southeast,road,44.9380176,-123.0398482,,,trunk,44.9391565,-123.033121
way/34360350,Liberty Street Southeast,road,44.9394793,-123.0391111,,,primary,44.9391565,-123.033121
way/37096613,Unnamed Feature,road,44.9420097,-123.029578,,,service,44.9391565,-123.033121
way/37824864,Unnamed Feature,road,44.9395591,-123.0393203,,,footway,44.9391565,-123.033121
way/52967567,Unnamed Feature,road,44.9421032,-123.0348801,,,service,44.9391565,-123.033121
way/103497537,Oregon Department of Revenue,office,44.9416197,-123.0277803,,,,44.9391565,-123.033121
way/162917378,Church Street Northeast,road,44.9419386,-123.0342242,,,secondary,44.9391565,-123.033121
way/162928345,Marion Street Northeast,road,44.9421421,-123.0278447,,,primary,44.9391565,-123.033121
way/167281839,Unnamed Feature,road,44.9412819,-123.0288751,,,footway,44.9391565,-123.033121
way/167281841,Unnamed Feature,road,44.9411618,-123.0289279,,,footway,44.9391565,-123.033121
way/167281847,Unnamed Feature,road,44.9412983,-123.0292124,,,footway,44.9391565,-123.033121
way/167281891,Unnamed Feature,road,44.9439069,-123.0304761,,,service,44.9391565,-123.033121
way/167281924,Unnamed Feature,road,44.9412612,-123.0295882,,,footway,44.9391565,-123.033121
way/167405461,Unnamed Feature,road,44.9372583,-123.0388957,,,footway,44.9391565,-123.033121
way/167405462,Mill Race Path,road,44.9372059,-123.0378891,,,cycleway,44.9391565,-123.033121
way/167405475,Unnamed Feature,road,44.9371061,-123.0376157,,,path,44.9391565,-123.033121
way/167405486,Unnamed Feature,road,44.9370105,-123.0378929,,,footway,44.9391565,-123.033121
way/167405494,Unnamed Feature,road,44.9373209,-123.0385944,,,footway,44.9391565,-123.033121
way/167405495,Unnamed Feature,road,44.9370171,-123.0375757,,,path,44.9391565,-123.033121
way/167405497,Unnamed Feature,road,44.9369765,-123.0377792,,,footway,44.9391565,-123.033121
way/167405501,Unnamed Feature,road,44.937073,-123.0380794,,,footway,44.9391565,-123.033121
way/167405503,Unnamed Feature,road,44.9375207,-123.038077,,,footway,44.9391565,-123.033121
way/167405504,Unnamed Feature,road,44.9369612,-123.037724,,,footway,44.9391565,-123.033121
way/167405513,Unnamed Feature,road,44.9370493,-123.0380104,,,footway,44.9391565,-123.033121
way/167405514,Unnamed Feature,road,44.9372104,-123.0381455,,,path,44.9391565,-123.033121
way/167405521,Unnamed Feature,road,44.9374712,-123.0382863,,,footway,44.9391565,-123.033121
way/167405528,Unnamed Feature,road,44.9370599,-123.0375933,,,path,44.9391565,-123.033121
way/167405556,Unnamed Feature,road,44.937127,-123.038121,,,path,44.9391565,-123.033121
way/167405562,Unnamed Feature,road,44.9374165,-123.0385935,,,footway,44.9391565,-123.033121
way/167405566,Mill Race Path,road,44.9373404,-123.0381403,,,cycleway,44.9391565,-123.033121
way/167405574,Unnamed Feature,road,44.9372159,-123.0387061,,,footway,44.9391565,-123.033121
way/169516414,Unnamed Feature,road,44.9421411,-123.0350313,,,service,44.9391565,-123.033121
way/169516421,Unnamed Feature,road,44.9419317,-123.0341322,,,service,44.9391565,-123.033121
way/171470166,Unnamed Feature,road,44.9426019,-123.0285255,,,primary_link,44.9391565,-123.033121
way/181519045,Unnamed Feature,road,44.9361495,-123.0371219,,,service,44.9391565,-123.033121
way/181519048,Unnamed Feature,road,44.93604,-123.0373796,,,service,44.9391565,-123.033121
way/181519050,Unnamed Feature,road,44.9364551,-123.0373108,,,service,44.9391565,-123.033121
way/181519053,Unnamed Feature,road,44.9364808,-123.0375605,,,service,44.9391565,-123.033121
way/182802995,High Street Northeast,road,44.9434443,-123.0352962,,,secondary,44.9391565,-123.033121
way/182802997,High Street Southeast,road,44.9367972,-123.038605,,,tertiary,44.9391565,-123.033121
way/182802998,High Street Southeast,road,44.9367972,-123.0386307,,,tertiary,44.9391565,-123.033121
way/183811405,Church Street Southeast,road,44.9355189,-123.0373747,,,tertiary,44.9391565,-123.033121
way/183811427,Unnamed Feature,road,44.9369236,-123.0382862,,,path,44.9391565,-123.033121
way/183811434,Unnamed Feature,road,44.9364721,-123.0384993,,,service,44.9391565,-123.033121
way/183811437,Mill Race Path,road,44.9376229,-123.039093,,,cycleway,44.9391565,-123.033121
way/183811461,Unnamed Feature,road,44.9367934,-123.0382676,,,path,44.9391565,-123.033121
way/197463311,Center Street Northeast,road,44.9410507,-123.0282103,,,primary,44.9391565,-123.033121
way/197463312,Liberty Street Northeast,road,44.9427535,-123.0374719,,,primary,44.9391565,-123.033121
way/197463317,Court Street Northeast,road,44.9412001,-123.0387124,,,secondary,44.9391565,-123.033121
way/197463318,Liberty Street Northeast,road,44.9416494,-123.0380248,,,primary,44.9391565,-123.033121
way/197463322,Chemeketa Street Northeast,road,44.9423244,-123.0382305,,,tertiary,44.9391565,-123.033121
way/197947013,High Street Northeast,road,44.940122,-123.03696,,,secondary,44.9391565,-123.033121
way/197947018,Church Street Northeast,road,44.9441568,-123.0331009,,,tertiary,44.9391565,-123.033121
way/197947021,Marion Street Northeast,road,44.9437879,-123.0342111,,,primary,44.9391565,-123.033121
way/197947022,High Street Northeast,road,44.9416133,-123.0362132,,,secondary,44.9391565,-123.033121
way/197947023,Court Street Northeast,road,44.9407279,-123.0368305,,,secondary,44.9391565,-123.033121
way/197947261,Chemeketa Street Northeast,road,44.9415906,-123.0353115,,,tertiary,44.9391565,-123.033121
way/197951268,State Street,road,44.9397589,-123.0380567,,,secondary,44.9391565,-123.033121
way/197953053,Center Street Northeast,road,44.9426937,-123.0347591,,,primary,44.9391565,-123.033121
way/201329302,Reed Opera House,shop_mall,44.9410098,-123.0388909,,mall,,44.9391565,-123.033121
way/201331367,Court Street Legal,office,44.9414334,-123.0385614,,,,44.9391565,-123.033121
way/201380976,Johnny Matthew's Hairdressing Training School,education,44.9418223,-123.0384643,school,,,44.9391565,-123.033121
way/241552959,Courthouse Square,office,44.9407213,-123.0357499,,,,44.9391565,-123.033121
way/241572934,Christian Science Reading Room,shop_books,44.9411532,-123.0374546,,books,,44.9391565,-123.033121
way/241572936,Unnamed Feature,road,44.9413959,-123.036782,,,service,44.9391565,-123.033121
way/241572938,Unnamed Feature,road,44.9414585,-123.0366449,,,service,44.9391565,-123.033121
way/241572940,Unnamed Feature,road,44.9415513,-123.0367042,,,service,44.9391565,-123.033121
way/241572941,Unnamed Feature,road,44.9416963,-123.0366316,,,service,44.9391565,-123.033121
way/241572942,Unnamed Feature,road,44.9415768,-123.0364808,,,service,44.9391565,-123.033121
way/241572944,Unnamed Feature,road,44.9417514,-123.0372033,,,service,44.9391565,-123.033121
way/241574361,Unnamed Feature,road,44.9421681,-123.0363251,,,service,44.9391565,-123.033121
way/241574768,Unnamed Feature,road,44.9403042,-123.0373287,,,service,44.9391565,-123.033121
way/241574770,Unnamed Feature,road,44.9401602,-123.0374008,,,service,44.9391565,-123.033121
way/241574771,Unnamed Feature,road,44.9401305,-123.0374191,,,service,44.9391565,-123.033121
way/241574869,Unnamed Feature,road,44.9400584,-123.0380312,,,service,44.9391565,-123.033121
way/241580743,Unnamed Feature,road,44.9398795,-123.0377499,,,service,44.9391565,-123.033121
way/241704180,Unnamed Feature,road,44.9397654,-123.0393043,,,service,44.9391565,-123.033121
way/241704181,Unnamed Feature,road,44.939634,-123.039411,,,service,44.9391565,-123.033121
way/241705591,Unnamed Feature,road,44.9391867,-123.0385169,,,service,44.9391565,-123.033121
way/241705593,Unnamed Feature,road,44.9393946,-123.0386991,,,service,44.9391565,-123.033121
way/241705594,Unnamed Feature,road,44.9394352,-123.0385026,,,service,44.9391565,-123.033121
way/241705595,Unnamed Feature,road,44.9395859,-123.0383867,,,service,44.9391565,-123.033121
way/241705596,Unnamed Feature,road,44.9397621,-123.0382977,,,service,44.9391565,-123.033121
way/241705597,Unnamed Feature,road,44.9394899,-123.0388103,,,service,44.9391565,-123.033121
way/241707254,Unnamed Feature,road,44.9390919,-123.0382486,,,service,44.9391565,-123.033121
way/241707255,Unnamed Feature,road,44.9394724,-123.0380057,,,service,44.9391565,-123.033121
way/241708973,Unnamed Feature,road,44.9388637,-123.0366658,,,service,44.9391565,-123.033121
way/241709678,Unnamed Feature,road,44.9391911,-123.0366535,,,service,44.9391565,-123.033121
way/241709679,Unnamed Feature,road,44.9390576,-123.0367246,,,service,44.9391565,-123.033121
way/241709684,Unnamed Feature,road,44.93837,-123.036518,,,service,44.9391565,-123.033121
way/241709687,Unnamed Feature,road,44.9387979,-123.0365436,,,service,44.9391565,-123.033121
way/241709689,Unnamed Feature,road,44.9387482,-123.0365681,,,service,44.9391565,-123.033121
way/241718213,Unnamed Feature,road,44.939847,-123.0358636,,,service,44.9391565,-123.033121
way/241718214,Unnamed Feature,road,44.9398479,-123.0358486,,,footway,44.9391565,-123.033121
way/241718216,Unnamed Feature,road,44.9398086,-123.0356916,,,service,44.9391565,-123.033121
way/241718217,Unnamed Feature,road,44.9397691,-123.0354835,,,footway,44.9391565,-123.033121
way/241718219,Unnamed Feature,road,44.9400566,-123.0364429,,,footway,44.9391565,-123.033121
way/241718220,Unnamed Feature,road,44.9400438,-123.0366103,,,footway,44.9391565,-123.033121
way/241718222,Unnamed Feature,road,44.9397377,-123.0367534,,,footway,44.9391565,-123.033121
way/241719545,Unnamed Feature,road,44.9378668,-123.0371645,,,service,44.9391565,-123.033121
way/241719691,Unnamed Feature,road,44.9377494,-123.0373531,,,service,44.9391565,-123.033121
way/241720841,Peppermint Flats Alley,road,44.9382807,-123.0387435,,,service,44.9391565,-123.033121
way/241720844,Unnamed Feature,road,44.9380896,-123.0383444,,,service,44.9391565,-123.033121
way/241720845,Unnamed Feature,road,44.937941,-123.0388296,,,service,44.9391565,-123.033121
way/241720846,Unnamed Feature,road,44.9380905,-123.0385189,,,service,44.9391565,-123.033121
way/241720847,Unnamed Feature,road,44.9383115,-123.0387149,,,service,44.9391565,-123.033121
way/241732222,Unnamed Feature,road,44.9380917,-123.0393237,,,service,44.9391565,-123.033121
way/395196518,North Bay,road,44.9413416,-123.0354895,,,footway,44.9391565,-123.033121
way/395196519,South Bay,road,44.9408933,-123.0357173,,,footway,44.9391565,-123.033121
way/395196520,Center Island Path,road,44.9411265,-123.0355988,,,footway,44.9391565,-123.033121
way/395196521,North Bay Crossing,road,44.9412286,-123.0355224,,,footway,44.9391565,-123.033121
way/395196522,South Bay Crossing,road,44.9409901,-123.0355785,,,footway,44.9391565,-123.033121
way/474538203,Columbia Bank,bank,44.9422903,-123.0344241,bank,,,44.9391565,-123.033121
way/475423397,Ferry Street Southeast,road,44.9392001,-123.0401701,,,trunk,44.9391565,-123.033121
way/475423399,Ferry Street Southeast,road,44.9387914,-123.0385404,,,trunk,44.9391565,-123.033121
way/475423401,High Street Northeast,road,44.9412958,-123.0363722,,,secondary,44.9391565,-123.033121
way/475423402,High Street Southeast,road,44.9390709,-123.0374859,,,secondary,44.9391565,-123.033121
way/525531145,Unnamed Feature,road,44.9415724,-123.0370986,,,service,44.9391565,-123.033121
way/525531146,Unnamed Feature,road,44.9415488,-123.0370047,,,service,44.9391565,-123.033121
way/525764467,Unnamed Feature,road,44.9387229,-123.0365806,,,service,44.9391565,-123.033121
way/525764468,Unnamed Feature,road,44.9387471,-123.0366746,,,service,44.9391565,-123.033121
way/525764469,Unnamed Feature,road,44.9387722,-123.0366624,,,service,44.9391565,-123.033121
way/525764471,Unnamed Feature,road,44.938773,-123.0365559,,,service,44.9391565,-123.033121
way/525764472,Unnamed Feature,road,44.938797,-123.0366503,,,service,44.9391565,-123.033121
way/525764473,Unnamed Feature,road,44.9388218,-123.0366382,,,service,44.9391565,-123.033121
way/525773708,Unnamed Feature,road,44.9419551,-123.0371607,,,service,44.9391565,-123.033121
way/525773800,Unnamed Feature,road,44.9395741,-123.0391722,,,service,44.9391565,-123.033121
way/525773801,Unnamed Feature,road,44.9396105,-123.0393174,,,service,44.9391565,-123.033121
way/536745920,Unnamed Feature,road,44.94008,-123.0372205,,,service,44.9391565,-123.033121
way/536745922,Unnamed Feature,road,44.9400714,-123.0373187,,,service,44.9391565,-123.033121
way/538589145,Unnamed Feature,road,44.93967,-123.0380823,,,footway,44.9391565,-123.033121
way/538589147,Unnamed Feature,road,44.9394676,-123.0372668,,,footway,44.9391565,-123.033121
way/538589148,Unnamed Feature,road,44.9395322,-123.0370736,,,footway,44.9391565,-123.033121
way/538589150,Unnamed Feature,road,44.9397936,-123.0376619,,,footway,44.9391565,-123.033121
way/538589151,Unnamed Feature,road,44.9396043,-123.0373694,,,footway,44.9391565,-123.033121
way/538589152,Unnamed Feature,road,44.9396689,-123.0371762,,,footway,44.9391565,-123.033121
way/545115652,Bank of America,bank,44.9424955,-123.0352466,bank,,,44.9391565,-123.033121
way/545115667,"Sherman Sherman Johnnie & Hoyt, LLP",office,44.9412777,-123.0331001,,,,44.9391565,-123.033121
way/550176078,Center Street Northeast,road,44.9431012,-123.0363829,,,primary,44.9391565,-123.033121
way/634779439,State Street,road,44.9400228,-123.0391082,,,secondary,44.9391565,-123.033121
way/694846300,Center Street Northeast,road,44.9406926,-123.0267833,,,primary,44.9391565,-123.033121
way/695032844,Marion Street Northeast,road,44.9425961,-123.0294608,,,primary,44.9391565,-123.033121
way/695032845,Winter Street Northeast,road,44.9422165,-123.0304023,,,tertiary,44.9391565,-123.033121
way/695751670,Cottage Street Northeast,road,44.9415274,-123.032585,,,tertiary,44.9391565,-123.033121
way/695751671,Center Street Northeast,road,44.9418742,-123.0314925,,,primary,44.9391565,-123.033121
way/747915943,Unnamed Feature,road,44.9418498,-123.0296535,,,service,44.9391565,-123.033121
way/747915944,Unnamed Feature,road,44.9420174,-123.0295687,,,service,44.9391565,-123.033121
way/747915945,Unnamed Feature,road,44.9422783,-123.0291175,,,service,44.9391565,-123.033121
way/747915946,Unnamed Feature,road,44.9422347,-123.0293537,,,service,44.9391565,-123.033121
way/747915947,Unnamed Feature,road,44.9424733,-123.0301307,,,service,44.9391565,-123.033121
way/747915948,Unnamed Feature,road,44.9417202,-123.0298614,,,service,44.9391565,-123.033121
way/747915949,Unnamed Feature,road,44.9420196,-123.0295744,,,footway,44.9391565,-123.033121
way/747915951,Unnamed Feature,road,44.941378,-123.029001,,,footway,44.9391565,-123.033121
way/747915952,Unnamed Feature,road,44.9421962,-123.0287091,,,footway,44.9391565,-123.033121
way/747915953,Unnamed Feature,road,44.942349,-123.0284341,,,footway,44.9391565,-123.033121
way/783032733,Unnamed Feature,road,44.9400907,-123.0388019,,,footway,44.9391565,-123.033121
way/783032734,Unnamed Feature,road,44.9400196,-123.0390057,,,footway,44.9391565,-123.033121
way/783032735,Unnamed Feature,road,44.939873,-123.0389051,,,footway,44.9391565,-123.033121
way/783032736,Unnamed Feature,road,44.9399441,-123.0387013,,,footway,44.9391565,-123.033121
way/783032738,Unnamed Feature,road,44.9399669,-123.038327,,,footway,44.9391565,-123.033121
way/783032756,Unnamed Feature,road,44.9392689,-123.0400901,,,footway,44.9391565,-123.033121
way/786377002,Unnamed Feature,road,44.9403451,-123.0364543,,,footway,44.9391565,-123.033121
way/786377003,Unnamed Feature,road,44.9406848,-123.0366698,,,footway,44.9391565,-123.033121
way/786377004,Unnamed Feature,road,44.9412844,-123.0365514,,,footway,44.9391565,-123.033121
way/786377005,Unnamed Feature,road,44.9418039,-123.0361222,,,footway,44.9391565,-123.033121
way/786377006,Unnamed Feature,road,44.9412062,-123.0362439,,,footway,44.9391565,-123.033121
way/786377007,Unnamed Feature,road,44.9410355,-123.03533,,,footway,44.9391565,-123.033121
way/786377008,Unnamed Feature,road,44.9413791,-123.0344831,,,footway,44.9391565,-123.033121
way/786377009,Unnamed Feature,road,44.9402243,-123.0350344,,,footway,44.9391565,-123.033121
way/787348419,Unnamed Feature,road,44.9435012,-123.0310687,,,service,44.9391565,-123.033121
way/792562423,Unnamed Feature,road,44.9416569,-123.0319785,,,service,44.9391565,-123.033121
way/793886523,Unnamed Feature,road,44.9436062,-123.0333653,,,footway,44.9391565,-123.033121
way/793886524,Unnamed Feature,road,44.9432566,-123.0344585,,,footway,44.9391565,-123.033121
way/793886525,Unnamed Feature,road,44.9424933,-123.033924,,,footway,44.9391565,-123.033121
way/793886526,Unnamed Feature,road,44.9421506,-123.0350198,,,footway,44.9391565,-123.033121
way/793886527,Unnamed Feature,road,44.9429043,-123.0356182,,,footway,44.9391565,-123.033121
way/793886528,Unnamed Feature,road,44.9430206,-123.0354808,,,footway,44.9391565,-123.033121
way/793886529,Unnamed Feature,road,44.9428772,-123.0353987,,,footway,44.9391565,-123.033121
way/793886530,Unnamed Feature,road,44.9436642,-123.036114,,,footway,44.9391565,-123.033121
way/793886531,Unnamed Feature,road,44.9428479,-123.0328407,,,footway,44.9391565,-123.033121
way/793886532,Unnamed Feature,road,44.9420834,-123.0322944,,,footway,44.9391565,-123.033121
way/793886533,Unnamed Feature,road,44.9417381,-123.0333976,,,footway,44.9391565,-123.033121
way/793886535,Unnamed Feature,road,44.9431945,-123.0317362,,,footway,44.9391565,-123.033121
way/793886536,Unnamed Feature,road,44.9435452,-123.0306449,,,footway,44.9391565,-123.033121
way/793886537,Unnamed Feature,road,44.9427837,-123.0301114,,,footway,44.9391565,-123.033121
way/793886539,Unnamed Feature,road,44.9425592,-123.0366581,,,footway,44.9391565,-123.033121
way/793886540,Unnamed Feature,road,44.942205,-123.0377479,,,footway,44.9391565,-123.033121
way/793916597,Unnamed Feature,road,44.9416715,-123.0306695,,,footway,44.9391565,-123.033121
way/793916603,Unnamed Feature,road,44.9439561,-123.0322816,,,footway,44.9391565,-123.033121
way/793916606,Unnamed Feature,road,44.9408381,-123.0274061,,,footway,44.9391565,-123.033121
way/793971684,Unnamed Feature,road,44.938589,-123.0377267,,,footway,44.9391565,-123.033121
way/793971691,Unnamed Feature,road,44.9389969,-123.0393605,,,footway,44.9391565,-123.033121
way/793971692,Unnamed Feature,road,44.9392713,-123.0382851,,,footway,44.9391565,-123.033121
way/793971695,Unnamed Feature,road,44.9384984,-123.0394204,,,footway,44.9391565,-123.033121
way/797107601,Unnamed Feature,road,44.943133,-123.0290183,,,footway,44.9391565,-123.033121
way/798114012,Unnamed Feature,road,44.9418216,-123.0385135,,,footway,44.9391565,-123.033121
way/855657009,Unnamed Feature,road,44.9379351,-123.0389649,,,footway,44.9391565,-123.033121
way/855657010,Unnamed Feature,road,44.9381234,-123.0381364,,,footway,44.9391565,-123.033121
way/855657011,Unnamed Feature,road,44.9380403,-123.0378145,,,footway,44.9391565,-123.033121
way/855657012,Unnamed Feature,road,44.9376532,-123.0381921,,,footway,44.9391565,-123.033121
way/855657013,Unnamed Feature,road,44.9376037,-123.0384015,,,footway,44.9391565,-123.033121
way/855657014,Unnamed Feature,road,44.9376097,-123.0378829,,,footway,44.9391565,-123.033121
way/855657015,Unnamed Feature,road,44.9377487,-123.0384016,,,footway,44.9391565,-123.033121
way/892481233,Straight From New York Pizza (Downtown),restaurant,44.9415751,-123.0384172,fast_food,,,44.9391565,-123.033121
way/926310900,Unnamed Feature,road,44.9411674,-123.0281809,,,footway,44.9391565,-123.033121
way/926310901,Unnamed Feature,road,44.9409503,-123.027347,,,footway,44.9391565,-123.033121
way/926310902,Unnamed Feature,road,44.9416167,-123.0280254,,,footway,44.9391565,-123.033121
way/931019291,Unnamed Feature,road,44.9426313,-123.0315744,,,service,44.9391565,-123.033121
way/931019292,Unnamed Feature,road,44.9424415,-123.0318924,,,service,44.9391565,-123.033121
way/940293687,Unnamed Feature,road,44.9414209,-123.0304279,,,service,44.9391565,-123.033121
way/940293688,Unnamed Feature,road,44.941261,-123.0297833,,,service,44.9391565,-123.033121
way/946568401,Unnamed Feature,road,44.9424324,-123.0312065,,,footway,44.9391565,-123.033121
way/956950568,Unnamed Feature,road,44.9403265,-123.037762,,,footway,44.9391565,-123.033121
way/956950569,Unnamed Feature,road,44.9410955,-123.0383012,,,footway,44.9391565,-123.033121
way/956950570,Unnamed Feature,road,44.9407434,-123.0393894,,,footway,44.9391565,-123.033121
way/956950573,Unnamed Feature,road,44.9416095,-123.0372133,,,footway,44.9391565,-123.033121
way/957075749,Unnamed Feature,road,44.9427452,-123.0343817,,,service,44.9391565,-123.033121
way/957075753,Unnamed Feature,road,44.9431326,-123.0339316,,,service,44.9391565,-123.033121
way/957075756,Unnamed Feature,road,44.9433423,-123.0339257,,,service,44.9391565,-123.033121
way/957075764,Unnamed Feature,road,44.9431926,-123.0345069,,,service,44.9391565,-123.033121
way/957075771,Unnamed Feature,road,44.9431793,-123.0341301,,,service,44.9391565,-123.033121
way/957075772,Unnamed Feature,road,44.9429494,-123.034143,,,service,44.9391565,-123.033121
way/957075783,Unnamed Feature,road,44.9435988,-123.0339279,,,service,44.9391565,-123.033121
way/962264390,Unnamed Feature,road,44.9430091,-123.0290907,,,service,44.9391565,-123.033121
way/962264395,Unnamed Feature,road,44.9427546,-123.032428,,,service,44.9391565,-123.033121
way/962759781,Unnamed Feature,office,44.9409699,-123.0341996,,,,44.9391565,-123.033121
way/963886990,Unnamed Feature,road,44.9414832,-123.0316099,,,service,44.9391565,-123.033121
way/1012901507,Unnamed Feature,road,44.9410274,-123.0388808,,,steps,44.9391565,-123.033121
way/1012901512,Unnamed Feature,road,44.940701,-123.0388511,,,steps,44.9391565,-123.033121
way/1012901517,Unnamed Feature,road,44.940668,-123.0387674,,,footway,44.9391565,-123.033121
way/1012901519,Unnamed Feature,road,44.9407553,-123.0389921,,,footway,44.9391565,-123.033121
way/1012901521,Unnamed Feature,road,44.9410667,-123.0388641,,,footway,44.9391565,-123.033121
way/1012901522,Unnamed Feature,road,44.9409714,-123.0387689,,,steps,44.9391565,-123.033121
way/1012901523,Unnamed Feature,road,44.940923,-123.0386532,,,footway,44.9391565,-123.033121
way/1012901524,Unnamed Feature,road,44.9410173,-123.0388854,,,footway,44.9391565,-123.033121
way/1086248591,Unnamed Feature,road,44.9409984,-123.0374314,,,footway,44.9391565,-123.033121
way/1087544124,George Lai Sun Alley,road,44.9392763,-123.038303,,,service,44.9391565,-123.033121
way/1087544127,Cherry Lane Alley,road,44.9403272,-123.0377772,,,service,44.9391565,-123.033121
way/1089778584,Unnamed Feature,road,44.9423857,-123.0372143,,,steps,44.9391565,-123.033121
way/1089778585,Unnamed Feature,road,44.9427437,-123.0360789,,,steps,44.9391565,-123.033121
way/1089784422,Unnamed Feature,road,44.9425455,-123.0367154,,,steps,44.9391565,-123.033121
way/1102691059,Unnamed Feature,road,44.9432235,-123.0305202,,,service,44.9391565,-123.033121
way/1102691060,Unnamed Feature,road,44.9415932,-123.0319829,,,service,44.9391565,-123.033121
way/1102691061,Unnamed Feature,road,44.9414233,-123.0314184,,,service,44.9391565,-123.033121
way/1102691062,Unnamed Feature,road,44.9413424,-123.0317584,,,service,44.9391565,-123.033121
way/1102691063,Unnamed Feature,road,44.9414466,-123.0315154,,,service,44.9391565,-123.033121
way/1110836452,Unnamed Feature,road,44.942319,-123.0374204,,,footway,44.9391565,-123.033121
way/1110836454,Unnamed Feature,road,44.942605,-123.0366565,,,footway,44.9391565,-123.033121
way/1110836458,Unnamed Feature,road,44.9432236,-123.0358267,,,footway,44.9391565,-123.033121
way/1110839527,Unnamed Feature,road,44.9427951,-123.0358966,,,footway,44.9391565,-123.033121
way/1110839528,Unnamed Feature,road,44.9424382,-123.0365185,,,footway,44.9391565,-123.033121
way/1110839529,Unnamed Feature,road,44.942413,-123.0365019,,,footway,44.9391565,-123.033121
way/1110839530,Unnamed Feature,road,44.9431748,-123.035686,,,footway,44.9391565,-123.033121
way/1110839531,Unnamed Feature,road,44.9425439,-123.0366883,,,footway,44.9391565,-123.033121
way/1111197815,Unnamed Feature,road,44.9416987,-123.0354327,,,service,44.9391565,-123.033121
way/1111197816,Unnamed Feature,road,44.9422425,-123.0350653,,,service,44.9391565,-123.033121
way/1111197817,Unnamed Feature,road,44.9420396,-123.0353569,,,service,44.9391565,-123.033121
way/1112571372,Unnamed Feature,road,44.9394619,-123.0387955,,,service,44.9391565,-123.033121
way/1112571374,Unnamed Feature,road,44.9393126,-123.0395994,,,service,44.9391565,-123.033121
way/1117963960,Unnamed Feature,road,44.9413402,-123.0333614,,,service,44.9391565,-123.033121
way/1117963961,Unnamed Feature,road,44.9414082,-123.0329986,,,service,44.9391565,-123.033121
way/1117963962,Unnamed Feature,road,44.9415156,-123.0330483,,,service,44.9391565,-123.033121
way/1117963963,Unnamed Feature,road,44.9416807,-123.0329156,,,service,44.9391565,-123.033121
way/1117963964,Unnamed Feature,road,44.9420114,-123.0337208,,,service,44.9391565,-123.033121
way/1117963965,Unnamed Feature,road,44.9420267,-123.0337351,,,service,44.9391565,-123.033121
way/1117963966,Unnamed Feature,road,44.9420195,-123.0335715,,,service,44.9391565,-123.033121
way/1117963967,Unnamed Feature,road,44.9419815,-123.0333797,,,service,44.9391565,-123.033121
way/1117963968,Unnamed Feature,road,44.9421528,-123.0314572,,,service,44.9391565,-123.033121
way/1117963969,Unnamed Feature,road,44.942017,-123.0309567,,,service,44.9391565,-123.033121
way/1117963971,Unnamed Feature,road,44.9438298,-123.0329481,,,service,44.9391565,-123.033121
way/1117963972,Unnamed Feature,road,44.9437854,-123.0327719,,,service,44.9391565,-123.033121
way/1117963973,Unnamed Feature,road,44.9437398,-123.0325912,,,service,44.9391565,-123.033121
way/1117963974,Unnamed Feature,road,44.9435766,-123.0330708,,,service,44.9391565,-123.033121
way/1117963975,Unnamed Feature,road,44.9435329,-123.0328933,,,service,44.9391565,-123.033121
way/1117963976,Unnamed Feature,road,44.9434882,-123.0327114,,,service,44.9391565,-123.033121
way/1117963985,Unnamed Feature,road,44.9358204,-123.0372689,,,footway,44.9391565,-123.033121
way/1117963986,Unnamed Feature,road,44.9354319,-123.0369641,,,footway,44.9391565,-123.033121
way/1117963988,Unnamed Feature,road,44.9355079,-123.0372762,,,footway,44.9391565,-123.033121
way/1117963997,Unnamed Feature,road,44.9358514,-123.0373941,,,footway,44.9391565,-123.033121
way/1117963999,Unnamed Feature,road,44.9368747,-123.0372478,,,service,44.9391565,-123.033121
way/1117964000,Unnamed Feature,road,44.935992,-123.0374123,,,footway,44.9391565,-123.033121
way/1117964001,Unnamed Feature,road,44.9364462,-123.03766,,,footway,44.9391565,-123.033121
way/1117964002,Unnamed Feature,road,44.9366083,-123.0385194,,,footway,44.9391565,-123.033121
way/1117964010,Unnamed Feature,road,44.9360859,-123.0378879,,,footway,44.9391565,-123.033121
way/1117964011,Unnamed Feature,road,44.9364416,-123.0380299,,,footway,44.9391565,-123.033121
way/1134209785,Unnamed Feature,road,44.9395216,-123.0382958,,,footway,44.9391565,-123.033121
way/1146869890,Court Street Northeast,road,44.9409319,-123.0376433,,,secondary,44.9391565,-123.033121
way/1150630504,Church Street Southeast,road,44.9355455,-123.0374809,,,tertiary,44.9391565,-123.033121
way/1167423479,Unnamed Feature,road,44.9406695,-123.0368591,,,secondary_link,44.9391565,-123.033121
way/1201572265,Unnamed Feature,road,44.9401353,-123.0352218,,,service,44.9391565,-123.033121
way/1201572266,Unnamed Feature,road,44.9397478,-123.035678,,,service,44.9391565,-123.033121
way/1201572267,Unnamed Feature,road,44.9398587,-123.0357115,,,service,44.9391565,-123.033121
way/1201572268,Unnamed Feature,road,44.9397809,-123.0357526,,,service,44.9391565,-123.033121
way/1201572269,Unnamed Feature,road,44.9398181,-123.0357336,,,service,44.9391565,-123.033121
way/1201572271,Unnamed Feature,road,44.9398435,-123.0356272,,,service,44.9391565,-123.033121
way/1201572272,Unnamed Feature,road,44.9397896,-123.035613,,,service,44.9391565,-123.033121
way/1201572273,Unnamed Feature,road,44.9401912,-123.0353987,,,service,44.9391565,-123.033121
way/1201572275,Unnamed Feature,road,44.9404148,-123.0361506,,,footway,44.9391565,-123.033121
way/1201572276,Unnamed Feature,road,44.9403614,-123.0364727,,,footway,44.9391565,-123.033121
way/1201572277,Unnamed Feature,road,44.9402778,-123.036085,,,footway,44.9391565,-123.033121
way/1201572278,Unnamed Feature,road,44.9397813,-123.0355947,,,footway,44.9391565,-123.033121
way/1201572279,Unnamed Feature,road,44.9398111,-123.0357083,,,footway,44.9391565,-123.033121
way/1201572280,Unnamed Feature,road,44.9400888,-123.0353209,,,footway,44.9391565,-123.033121
way/1201572282,Unnamed Feature,road,44.9400971,-123.0363688,,,footway,44.9391565,-123.033121
way/1201572283,Unnamed Feature,road,44.9399946,-123.036416,,,steps,44.9391565,-123.033121
way/1201572284,Unnamed Feature,road,44.9399886,-123.0363918,,,footway,44.9391565,-123.033121
way/1202390224,Unnamed Feature,road,44.9431813,-123.034358,,,service,44.9391565,-123.033121
way/1202390225,Unnamed Feature,road,44.9433899,-123.0345712,,,service,44.9391565,-123.033121
way/1202390226,Unnamed Feature,road,44.9432512,-123.0346382,,,service,44.9391565,-123.033121
way/1202390235,Unnamed Feature,road,44.9423401,-123.0326994,,,service,44.9391565,-123.033121
way/1202390236,Unnamed Feature,road,44.9424398,-123.0331298,,,service,44.9391565,-123.033121
way/1202390237,Unnamed Feature,road,44.9423863,-123.0329269,,,service,44.9391565,-123.033121
way/1202390242,Unnamed Feature,road,44.9421914,-123.034546,,,service,44.9391565,-123.033121
way/1202390243,Unnamed Feature,road,44.9421301,-123.0343011,,,service,44.9391565,-123.033121
way/1202390244,Unnamed Feature,road,44.9422348,-123.0347201,,,service,44.9391565,-123.033121
way/1202390247,Unnamed Feature,road,44.9418868,-123.0346561,,,service,44.9391565,-123.033121
way/1202390248,Unnamed Feature,road,44.9418187,-123.0343821,,,service,44.9391565,-123.033121
way/1202390249,Unnamed Feature,road,44.9419466,-123.034897,,,service,44.9391565,-123.033121
way/1206016166,Unnamed Feature,road,44.9400849,-123.0367955,,,footway,44.9391565,-123.033121
way/1206016167,Unnamed Feature,road,44.9403233,-123.0350492,,,footway,44.9391565,-123.033121
way/1206016168,Unnamed Feature,road,44.9405886,-123.0358052,,,footway,44.9391565,-123.033121
way/1206016170,Unnamed Feature,road,44.9398338,-123.0357941,,,footway,44.9391565,-123.033121
way/1206016171,Unnamed Feature,road,44.9397321,-123.0354816,,,footway,44.9391565,-123.033121
way/1225065329,Church Street Northeast,road,44.9405171,-123.0349361,,,secondary,44.9391565,-123.033121
way/1305314170,Unnamed Feature,road,44.9433196,-123.0346601,,,steps,44.9391565,-123.033121
way/1305314171,Unnamed Feature,road,44.9432117,-123.0347047,,,steps,44.9391565,-123.033121
way/1473526592,Unnamed Feature,road,44.9370773,-123.0387628,,,footway,44.9391565,-123.033121
way/1539987806,Unnamed Feature,road,44.942868,-123.0329354,,,service,44.9391565,-123.033121
way/1539987807,Unnamed Feature,road,44.9431335,-123.0332829,,,service,44.9391565,-123.033121
way/207574586,Unnamed Feature,road,11.6754396,78.1723707,,,residential,11.6753088,78.17207979999999
way/356401611,Unnamed Feature,road,11.6760694,78.174211,,,residential,11.6753088,78.17207979999999
way/356401620,Unnamed Feature,road,11.6766335,78.1767303,,,residential,11.6753088,78.17207979999999
way/356401625,Unnamed Feature,road,11.6747519,78.1762499,,,residential,11.6753088,78.17207979999999
way/356401662,Unnamed Feature,road,11.6752799,78.1731832,,,residential,11.6753088,78.17207979999999
way/356401690,Unnamed Feature,road,11.676207,78.1755136,,,residential,11.6753088,78.17207979999999
way/356401715,Unnamed Feature,road,11.6756683,78.1760235,,,residential,11.6753088,78.17207979999999
way/356401720,Unnamed Feature,road,11.6746595,78.1759067,,,residential,11.6753088,78.17207979999999
node/7159911311,emerald valley school,office,11.6846177,78.1583558,,,,11.6853088,78.1570798
way/31899646,Unnamed Feature,road,11.6909515,78.1613233,,,residential,11.6853088,78.1570798
way/356588671,Unnamed Feature,road,11.6865954,78.1556696,,,residential,11.6853088,78.1570798
way/356588677,Unnamed Feature,road,11.6842951,78.1531815,,,residential,11.6853088,78.1570798
way/356588681,Unnamed Feature,road,11.6853805,78.1545634,,,residential,11.6853088,78.1570798
way/356588687,Unnamed Feature,road,11.6838809,78.1541466,,,residential,11.6853088,78.1570798
way/356588689,Unnamed Feature,road,11.6884687,78.156382,,,residential,11.6853088,78.1570798
way/356588691,Unnamed Feature,road,11.6863718,78.1536678,,,residential,11.6853088,78.1570798
way/356588692,Unnamed Feature,road,11.6823057,78.153186,,,residential,11.6853088,78.1570798
way/356588694,Unnamed Feature,road,11.6841414,78.1549708,,,residential,11.6853088,78.1570798
way/356588706,Unnamed Feature,road,11.6859355,78.1545472,,,residential,11.6853088,78.1570798
way/356588708,Unnamed Feature,road,11.6823158,78.1548234,,,residential,11.6853088,78.1570798
way/356588710,Unnamed Feature,road,11.6842356,78.1550486,,,residential,11.6853088,78.1570798
way/356588711,Unnamed Feature,road,11.6843826,78.1553329,,,residential,11.6853088,78.1570798
way/356588716,Unnamed Feature,road,11.686203,78.1548393,,,residential,11.6853088,78.1570798
way/356588717,Unnamed Feature,road,11.6823521,78.1537419,,,residential,11.6853088,78.1570798
way/356588722,Unnamed Feature,road,11.683406,78.1561135,,,residential,11.6853088,78.1570798
way/356588729,Unnamed Feature,road,11.6845095,78.1545669,,,residential,11.6853088,78.1570798
way/356588736,Unnamed Feature,road,11.6870941,78.1559882,,,residential,11.6853088,78.1570798
way/356588741,Unnamed Feature,road,11.6843926,78.1527197,,,residential,11.6853088,78.1570798
way/356588742,Unnamed Feature,road,11.6836092,78.1536934,,,residential,11.6853088,78.1570798
way/356588746,Unnamed Feature,road,11.6816464,78.1539945,,,residential,11.6853088,78.1570798
way/356588750,Unnamed Feature,road,11.6856608,78.1526833,,,residential,11.6853088,78.1570798
way/356588754,Unnamed Feature,road,11.6823281,78.1542463,,,residential,11.6853088,78.1570798
way/356588755,Unnamed Feature,road,11.6836465,78.1528129,,,residential,11.6853088,78.1570798
way/356588757,Unnamed Feature,road,11.6833708,78.1526165,,,residential,11.6853088,78.1570798
way/356588760,Unnamed Feature,road,11.6825374,78.1530666,,,residential,11.6853088,78.1570798
way/356588761,Unnamed Feature,road,11.6840031,78.153466,,,residential,11.6853088,78.1570798
way/356588762,Unnamed Feature,road,11.6895536,78.1579244,,,residential,11.6853088,78.1570798
way/356588765,Unnamed Feature,road,11.6843347,78.1556684,,,residential,11.6853088,78.1570798
way/356588778,Unnamed Feature,road,11.6890296,78.1571309,,,residential,11.6853088,78.1570798
way/356588779,Unnamed Feature,road,11.6828146,78.153694,,,residential,11.6853088,78.1570798
way/356588782,Unnamed Feature,road,11.6864897,78.1536302,,,residential,11.6853088,78.1570798
way/356588785,Unnamed Feature,road,11.6815585,78.15575,,,residential,11.6853088,78.1570798
way/356588791,Unnamed Feature,road,11.6847961,78.152963,,,residential,11.6853088,78.1570798
way/356588798,Unnamed Feature,road,11.6892761,78.1557525,,,residential,11.6853088,78.1570798
way/356588810,Unnamed Feature,road,11.685091,78.1532219,,,residential,11.6853088,78.1570798
way/356588812,Unnamed Feature,road,11.6859407,78.1527313,,,residential,11.6853088,78.1570798
way/356588815,Unnamed Feature,road,11.6889899,78.1547959,,,residential,11.6853088,78.1570798
way/356588821,Unnamed Feature,road,11.6887323,78.1547492,,,residential,11.6853088,78.1570798
way/356588825,Unnamed Feature,road,11.6843442,78.1529536,,,residential,11.6853088,78.1570798
way/356588826,Unnamed Feature,road,11.6882756,78.1554114,,,residential,11.6853088,78.1570798
way/356588828,Unnamed Feature,road,11.6829092,78.1553248,,,residential,11.6853088,78.1570798
way/356588829,Unnamed Feature,road,11.6855449,78.1530791,,,residential,11.6853088,78.1570798
way/356588831,Unnamed Feature,road,11.6853848,78.1537376,,,residential,11.6853088,78.1570798
way/356588836,Unnamed Feature,road,11.6827437,78.1553275,,,residential,11.6853088,78.1570798
way/356588838,Unnamed Feature,road,11.6818707,78.1545874,,,residential,11.6853088,78.1570798
way/356588839,Unnamed Feature,road,11.6813405,78.1564513,,,residential,11.6853088,78.1570798
way/356588848,Unnamed Feature,road,11.6874048,78.1530527,,,residential,11.6853088,78.1570798
way/356588850,Unnamed Feature,road,11.6868622,78.1535143,,,residential,11.6853088,78.1570798
way/356588853,Unnamed Feature,road,11.6856777,78.1543565,,,residential,11.6853088,78.1570798
way/356588854,Unnamed Feature,road,11.6833244,78.1543762,,,residential,11.6853088,78.1570798
way/356588858,Unnamed Feature,road,11.6842797,78.1525257,,,residential,11.6853088,78.1570798
way/356590225,Unnamed Feature,road,11.6901399,78.1563402,,,residential,11.6853088,78.1570798
way/356590226,Unnamed Feature,road,11.6833039,78.1580013,,,residential,11.6853088,78.1570798
way/356590227,Unnamed Feature,road,11.6853152,78.1568214,,,residential,11.6853088,78.1570798
way/356590232,Unnamed Feature,road,11.6815092,78.1571996,,,residential,11.6853088,78.1570798
way/356590233,Unnamed Feature,road,11.6866836,78.1574579,,,residential,11.6853088,78.1570798
way/356590236,Unnamed Feature,road,11.6834365,78.1580771,,,residential,11.6853088,78.1570798
way/356590240,Unnamed Feature,road,11.6895759,78.1556951,,,residential,11.6853088,78.1570798
way/356590244,Unnamed Feature,road,11.6884779,78.153542,,,residential,11.6853088,78.1570798
way/356590245,Unnamed Feature,road,11.6875973,78.1527634,,,residential,11.6853088,78.1570798
way/356590246,Unnamed Feature,road,11.6842107,78.1572231,,,residential,11.6853088,78.1570798
way/356590247,Unnamed Feature,road,11.6905594,78.1560565,,,residential,11.6853088,78.1570798
way/356590255,Unnamed Feature,road,11.6833455,78.1565454,,,residential,11.6853088,78.1570798
way/356590257,Unnamed Feature,road,11.6835741,78.1569784,,,residential,11.6853088,78.1570798
way/356590260,Unnamed Feature,road,11.6843013,78.1563011,,,residential,11.6853088,78.1570798
way/356590261,Unnamed Feature,road,11.6815644,78.1577119,,,residential,11.6853088,78.1570798
way/356590262,Unnamed Feature,road,11.6813436,78.1570947,,,residential,11.6853088,78.1570798
way/356590263,Unnamed Feature,road,11.6869128,78.1552201,,,residential,11.6853088,78.1570798
way/356590265,Unnamed Feature,road,11.6810044,78.1571513,,,residential,11.6853088,78.1570798
way/356590266,Unnamed Feature,road,11.6812257,78.1566975,,,residential,11.6853088,78.1570798
way/356590271,Unnamed Feature,road,11.6861527,78.1561219,,,residential,11.6853088,78.1570798
way/356590275,Unnamed Feature,road,11.6864428,78.1554526,,,residential,11.6853088,78.1570798
way/356590278,Unnamed Feature,road,11.6845219,78.1574932,,,residential,11.6853088,78.1570798
way/356590286,Unnamed Feature,road,11.6891005,78.1553249,,,residential,11.6853088,78.1570798
way/356590287,Unnamed Feature,road,11.6857061,78.156455,,,residential,11.6853088,78.1570798
way/356590288,Unnamed Feature,road,11.6839708,78.1576181,,,residential,11.6853088,78.1570798
way/356590293,Unnamed Feature,road,11.6855321,78.156859,,,residential,11.6853088,78.1570798
way/356590294,Unnamed Feature,road,11.6842732,78.1575033,,,residential,11.6853088,78.1570798
way/356590295,Unnamed Feature,road,11.6837839,78.1569556,,,residential,11.6853088,78.1570798
way/356590296,Unnamed Feature,road,11.6898718,78.1572087,,,residential,11.6853088,78.1570798
way/356591795,Unnamed Feature,road,11.6872863,78.1596283,,,residential,11.6853088,78.1570798
way/356591798,Unnamed Feature,road,11.6889347,78.1595518,,,residential,11.6853088,78.1570798
way/356591811,Unnamed Feature,road,11.6893427,78.1591085,,,residential,11.6853088,78.1570798
way/356591815,Unnamed Feature,road,11.6889219,78.1584363,,,residential,11.6853088,78.1570798
way/356591830,Unnamed Feature,road,11.6885271,78.1583526,,,residential,11.6853088,78.1570798
way/1066303216,Unnamed Feature,road,11.6873826,78.154067,,,residential,11.6853088,78.1570798
way/1066303217,Unnamed Feature,road,11.6852967,78.1549864,,,residential,11.6853088,78.1570798
way/1066303218,Unnamed Feature,road,11.6828541,78.1563628,,,residential,11.6853088,78.1570798
way/1066303219,Unnamed Feature,road,11.6821187,78.1556951,,,residential,11.6853088,78.1570798
way/1066306509,Unnamed Feature,road,11.6865431,78.1599481,,,residential,11.6853088,78.1570798
way/1066306510,Unnamed Feature,road,11.6862426,78.1603984,,,residential,11.6853088,78.1570798
way/1066306511,Unnamed Feature,road,11.6865125,78.1593481,,,residential,11.6853088,78.1570798
way/1074414243,Unnamed Feature,road,11.6818354,78.1559517,,,residential,11.6853088,78.1570798
way/207594266,Unnamed Feature,road,11.6658196,78.1647561,,,residential,11.670308799999999,78.1670798
way/356401581,Unnamed Feature,road,11.6666869,78.1671643,,,residential,11.670308799999999,78.1670798
way/356401583,Unnamed Feature,road,11.6671052,78.1667657,,,residential,11.670308799999999,78.1670798
way/356401592,Unnamed Feature,road,11.6696788,78.1670485,,,residential,11.670308799999999,78.1670798
way/356401604,Unnamed Feature,road,11.6670615,78.1671252,,,residential,11.670308799999999,78.1670798
way/356401622,Unnamed Feature,road,11.6687113,78.1672018,,,residential,11.670308799999999,78.1670798
way/356401675,Unnamed Feature,road,11.6665038,78.1675183,,,residential,11.670308799999999,78.1670798
way/356401693,Unnamed Feature,road,11.667105,78.1666407,,,residential,11.670308799999999,78.1670798
way/1066310427,Unnamed Feature,road,11.6661894,78.1674392,,,residential,11.670308799999999,78.1670798
node/2178348359,Jail,bus_stop,11.6811054,78.1611384,,,bus_stop,11.680308799999999,78.1570798
node/9880775578,Jail,bus_stop,11.681101,78.1612004,,,bus_stop,11.680308799999999,78.1570798
way/208162442,Unnamed Feature,road,11.6787343,78.1522195,,,residential,11.680308799999999,78.1570798
way/208162480,Unnamed Feature,road,11.6798178,78.1519238,,,residential,11.680308799999999,78.1570798
way/208162515,Unnamed Feature,road,11.6797947,78.1547919,,,residential,11.680308799999999,78.1570798
way/208184841,Unnamed Feature,road,11.6826602,78.1614411,,,residential,11.680308799999999,78.1570798
way/356588704,Unnamed Feature,road,11.6807003,78.1524642,,,residential,11.680308799999999,78.1570798
way/356588731,Unnamed Feature,road,11.6801388,78.1540001,,,residential,11.680308799999999,78.1570798
way/356588738,Unnamed Feature,road,11.6799021,78.1530312,,,residential,11.680308799999999,78.1570798
way/356588747,Unnamed Feature,road,11.6806082,78.1575663,,,residential,11.680308799999999,78.1570798
way/356588749,Unnamed Feature,road,11.681078,78.1545248,,,residential,11.680308799999999,78.1570798
way/356588770,Unnamed Feature,road,11.6812998,78.1534269,,,residential,11.680308799999999,78.1570798
way/356588793,Unnamed Feature,road,11.6820424,78.1520495,,,residential,11.680308799999999,78.1570798
way/356588816,Unnamed Feature,road,11.6816095,78.1534627,,,residential,11.680308799999999,78.1570798
way/356588818,Unnamed Feature,road,11.6806682,78.1542549,,,residential,11.680308799999999,78.1570798
way/356588822,Unnamed Feature,road,11.6806864,78.1554491,,,residential,11.680308799999999,78.1570798
way/356588823,Unnamed Feature,road,11.6809396,78.1552816,,,residential,11.680308799999999,78.1570798
way/356588832,Unnamed Feature,road,11.6817043,78.1535195,,,residential,11.680308799999999,78.1570798
way/356588851,Unnamed Feature,road,11.6790784,78.1528017,,,residential,11.680308799999999,78.1570798
way/356590264,Unnamed Feature,road,11.6800598,78.1577109,,,residential,11.680308799999999,78.1570798
way/356590269,Unnamed Feature,road,11.6804391,78.1578328,,,residential,11.680308799999999,78.1570798
way/1066303221,Unnamed Feature,road,11.68171,78.1524831,,,residential,11.680308799999999,78.1570798
way/1066303222,Unnamed Feature,road,11.6803836,78.1535607,,,residential,11.680308799999999,78.1570798
way/1066306504,Unnamed Feature,road,11.6799995,78.1541482,,,residential,11.680308799999999,78.1570798
way/1077661556,Unnamed Feature,road,11.681084,78.1612717,,,residential,11.680308799999999,78.1570798
way/1212737967,Unnamed Feature,road,11.6797138,78.1540979,,,residential,11.680308799999999,78.1570798
node/370875072,Rasipuram,bus_stop,11.4615786,78.1852495,,,bus_stop,11.4612338,78.1809576
node/3126649704,Rasipuram,bus_stop,11.4619556,78.1854858,,,bus_stop,11.4612338,78.1809576
node/6886284730,"Government Hospital Blood Bank, Rasipuram",healthcare,11.4612082,78.1849249,hospital,,,11.4612338,78.1809576
node/7161554513,krishna sweets&bakery,shop_bakery,11.4615486,78.1851219,,bakery,,11.4612338,78.1809576
node/7161554514,dr.thangavel dch hospital,healthcare,11.4619955,78.1849181,hospital,,,11.4612338,78.1809576
node/7161554517,surya hospital,healthcare,11.4622163,78.1840544,hospital,,,11.4612338,78.1809576
node/7161554518,State Bank of India,bank,11.4624476,78.1831908,bank,,,11.4612338,78.1809576
node/7262800435,"Government Hospital, Rasipuram",healthcare,11.4612987,78.1851369,hospital,,,11.4612338,78.1809576
node/10244006726,Rasipuram,bus_stop,11.4614488,78.1854848,,,bus_stop,11.4612338,78.1809576
way/965361088,Salem Main Rd,road,11.4624391,78.1835093,,,primary,11.4612338,78.1809576
way/965361089,Rasipuram - Attur Road,road,11.4657983,78.1785056,,,primary,11.4612338,78.1809576
way/1120037756,Rasipuram Roundabout,road,11.4615094,78.1854283,,,primary,11.4612338,78.1809576
way/1120037757,Salem Rd,road,11.4608943,78.1853639,,,primary,11.4612338,78.1809576
way/1120037758,Salem Main Road,road,11.4617184,78.1851283,,,primary,11.4612338,78.1809576
way/1120037759,Salem Main Rd,road,11.4616779,78.1851013,,,primary,11.4612338,78.1809576
way/1120037760,Unnamed Feature,road,11.4601961,78.1850325,,,primary,11.4612338,78.1809576
way/1120037762,Mallikkarai - Rasipuram - Thiruchengode - Erode Road,road,11.4602712,78.1850347,,,primary,11.4612338,78.1809576
way/1120037763,Unnamed Feature,road,11.4608912,78.1854074,,,primary,11.4612338,78.1809576
way/1120495836,Unnamed Feature,road,11.4614778,78.1863178,,,secondary,11.4612338,78.1809576
way/1221475888,Unnamed Feature,road,11.4660303,78.1779493,,,residential,11.4612338,78.1809576
way/1221972654,Unnamed Feature,road,11.4636141,78.1771119,,,service,11.4612338,78.1809576
way/1222149772,Unnamed Feature,road,11.4618828,78.1818699,,,residential,11.4612338,78.1809576
way/1222149773,Salem Main Rd,road,11.4638309,78.1818966,,,primary,11.4612338,78.1809576
way/1222149774,Unnamed Feature,road,11.4629004,78.181527,,,service,11.4612338,78.1809576
way/1222149775,Unnamed Feature,road,11.4634328,78.1807344,,,service,11.4612338,78.1809576
way/1222149776,Unnamed Feature,road,11.4637421,78.1806431,,,service,11.4612338,78.1809576
way/1222149777,Unnamed Feature,road,11.4623002,78.1805093,,,service,11.4612338,78.1809576
way/1222149778,Unnamed Feature,road,11.4617031,78.1798093,,,service,11.4612338,78.1809576
way/1222149779,Unnamed Feature,road,11.4627727,78.1808377,,,service,11.4612338,78.1809576
way/1222149780,Unnamed Feature,road,11.4628512,78.1808289,,,service,11.4612338,78.1809576
way/1222150466,Unnamed Feature,road,11.4608637,78.181154,,,residential,11.4612338,78.1809576
way/1222150471,Unnamed Feature,road,11.4622302,78.1832281,,,residential,11.4612338,78.1809576
way/1222150472,Unnamed Feature,road,11.4616966,78.184152,,,residential,11.4612338,78.1809576
way/1222150473,Unnamed Feature,road,11.460713,78.1827291,,,residential,11.4612338,78.1809576
way/1222151521,Unnamed Feature,road,11.4632297,78.1840359,,,residential,11.4612338,78.1809576
way/1222151522,Unnamed Feature,road,11.463381,78.1838376,,,residential,11.4612338,78.1809576
way/1222151523,Unnamed Feature,road,11.4642624,78.1845078,,,residential,11.4612338,78.1809576
way/1222151524,Unnamed Feature,road,11.4640719,78.1843324,,,residential,11.4612338,78.1809576
way/1222151525,Unnamed Feature,road,11.4630017,78.1850588,,,residential,11.4612338,78.1809576
way/1222151527,Unnamed Feature,road,11.4629799,78.1854711,,,residential,11.4612338,78.1809576
way/1222152174,Unnamed Feature,road,11.4602354,78.1855827,,,residential,11.4612338,78.1809576
way/1230263656,R. Puduppalayam Rd,road,11.4637395,78.1871778,,,secondary,11.4612338,78.1809576
way/1230263657,Mallikkarai - Rasipuram - Thiruchengode - Erode Road,road,11.4588451,78.1888532,,,primary,11.4612338,78.1809576
way/1333438603,Unnamed Feature,road,11.4686064,78.1796254,,,unclassified,11.4612338,78.1809576
way/1333438604,Unnamed Feature,road,11.465279,78.1824453,,,unclassified,11.4612338,78.1809576
way/965363745,Unnamed Feature,road,11.4426937,78.1800379,,,tertiary,11.4462338,78.1809576
way/1333667786,Unnamed Feature,road,11.4423159,78.1816883,,,residential,11.4462338,78.1809576
way/1333667792,Unnamed Feature,road,11.445274,78.1860433,,,unclassified,11.4462338,78.1809576
way/1336418922,Unnamed Feature,road,11.3964364,78.1683722,,,unclassified,11.3992039,78.170763
way/1336418923,Unnamed Feature,road,11.3969907,78.1689465,,,unclassified,11.3992039,78.170763
way/1336418924,Unnamed Feature,road,11.3965702,78.1696913,,,unclassified,11.3992039,78.170763
way/1336418925,Unnamed Feature,road,11.3958019,78.169528,,,unclassified,11.3992039,78.170763
way/1336418926,Unnamed Feature,road,11.3958162,78.1698434,,,unclassified,11.3992039,78.170763
way/1336418927,Unnamed Feature,road,11.3964171,78.1690866,,,unclassified,11.3992039,78.170763
node/313768010,Judge Road,bus_stop,11.6867465,78.1745034,,,bus_stop,11.6853088,78.17207979999999
way/31929108,Unnamed Feature,road,11.6889836,78.1672588,,,residential,11.6853088,78.17207979999999
way/208184756,Unnamed Feature,road,11.6850951,78.1704122,,,residential,11.6853088,78.17207979999999
way/208184766,Unnamed Feature,road,11.6900586,78.1726808,,,residential,11.6853088,78.17207979999999
way/208184768,Unnamed Feature,road,11.6867945,78.1713083,,,residential,11.6853088,78.17207979999999
way/208184780,Unnamed Feature,road,11.6867371,78.1693371,,,residential,11.6853088,78.17207979999999
way/208184783,Unnamed Feature,road,11.687555,78.1712862,,,residential,11.6853088,78.17207979999999
way/208184784,Unnamed Feature,road,11.6871788,78.1713487,,,residential,11.6853088,78.17207979999999
way/208184789,Unnamed Feature,road,11.6855277,78.1678549,,,residential,11.6853088,78.17207979999999
way/208184803,Unnamed Feature,road,11.6867665,78.1733533,,,residential,11.6853088,78.17207979999999
way/208184832,Unnamed Feature,road,11.6862884,78.1680638,,,residential,11.6853088,78.17207979999999
way/208184840,Unnamed Feature,road,11.6879913,78.1695448,,,residential,11.6853088,78.17207979999999
way/208184845,Unnamed Feature,road,11.6865856,78.173932,,,residential,11.6853088,78.17207979999999
way/208184848,Unnamed Feature,road,11.6855529,78.1707474,,,residential,11.6853088,78.17207979999999
way/208184849,Unnamed Feature,road,11.6872847,78.1686529,,,residential,11.6853088,78.17207979999999
way/208184871,Unnamed Feature,road,11.6902263,78.171686,,,residential,11.6853088,78.17207979999999
way/208184878,Unnamed Feature,road,11.687158,78.1712311,,,residential,11.6853088,78.17207979999999
way/208184885,Unnamed Feature,road,11.6885771,78.1714805,,,residential,11.6853088,78.17207979999999
way/208184886,Unnamed Feature,road,11.6879751,78.167996,,,residential,11.6853088,78.17207979999999
way/208184890,Unnamed Feature,road,11.687003,78.1671517,,,residential,11.6853088,78.17207979999999
way/208186444,Unnamed Feature,road,11.687761,78.17448,,,residential,11.6853088,78.17207979999999
way/208186454,Unnamed Feature,road,11.6894255,78.1730828,,,residential,11.6853088,78.17207979999999
way/356373963,Unnamed Feature,road,11.6875903,78.1735069,,,residential,11.6853088,78.17207979999999
way/356373967,Unnamed Feature,road,11.6869827,78.1726706,,,residential,11.6853088,78.17207979999999
way/356373969,Unnamed Feature,road,11.6891808,78.1701677,,,residential,11.6853088,78.17207979999999
way/356373970,Unnamed Feature,road,11.6870414,78.1733474,,,residential,11.6853088,78.17207979999999
way/356373971,Unnamed Feature,road,11.6852473,78.1735845,,,residential,11.6853088,78.17207979999999
way/356373973,Unnamed Feature,road,11.6875419,78.1691673,,,residential,11.6853088,78.17207979999999
way/356373975,Unnamed Feature,road,11.6900282,78.1723032,,,residential,11.6853088,78.17207979999999
way/356373976,Unnamed Feature,road,11.6883177,78.175391,,,residential,11.6853088,78.17207979999999
way/356373978,Unnamed Feature,road,11.6885992,78.173086,,,residential,11.6853088,78.17207979999999
way/356373979,Unnamed Feature,road,11.6858312,78.1726824,,,residential,11.6853088,78.17207979999999
way/356373984,Unnamed Feature,road,11.6877049,78.1736689,,,residential,11.6853088,78.17207979999999
way/356373990,Unnamed Feature,road,11.6881871,78.1684584,,,residential,11.6853088,78.17207979999999
way/356373994,Unnamed Feature,road,11.6856007,78.172491,,,residential,11.6853088,78.17207979999999
way/356373997,Unnamed Feature,road,11.6886348,78.1755577,,,residential,11.6853088,78.17207979999999
way/356374007,Unnamed Feature,road,11.6873173,78.1690884,,,residential,11.6853088,78.17207979999999
way/356374011,Unnamed Feature,road,11.6866444,78.1719415,,,residential,11.6853088,78.17207979999999
way/356374016,Unnamed Feature,road,11.6858886,78.1725421,,,residential,11.6853088,78.17207979999999
way/356374019,Unnamed Feature,road,11.6856871,78.1740909,,,residential,11.6853088,78.17207979999999
way/356374021,Unnamed Feature,road,11.6887117,78.1707714,,,residential,11.6853088,78.17207979999999
way/356374022,Unnamed Feature,road,11.6895744,78.1730746,,,residential,11.6853088,78.17207979999999
way/356374026,Unnamed Feature,road,11.6869979,78.1720163,,,residential,11.6853088,78.17207979999999
way/356374027,Unnamed Feature,road,11.6850161,78.1672416,,,residential,11.6853088,78.17207979999999
way/356374028,Unnamed Feature,road,11.6855305,78.1696166,,,residential,11.6853088,78.17207979999999
way/356374033,Unnamed Feature,road,11.6877907,78.1733758,,,residential,11.6853088,78.17207979999999
way/356374036,Unnamed Feature,road,11.6879578,78.1736261,,,residential,11.6853088,78.17207979999999
way/356374037,Unnamed Feature,road,11.6849994,78.1733962,,,residential,11.6853088,78.17207979999999
way/356374042,Unnamed Feature,road,11.6863014,78.171823,,,residential,11.6853088,78.17207979999999
way/356374052,Unnamed Feature,road,11.6849539,78.1711081,,,residential,11.6853088,78.17207979999999
way/356374056,Unnamed Feature,road,11.6892898,78.1715521,,,residential,11.6853088,78.17207979999999
way/356374069,Unnamed Feature,road,11.6893485,78.1732362,,,residential,11.6853088,78.17207979999999
way/356374080,Unnamed Feature,road,11.6897692,78.1720979,,,residential,11.6853088,78.17207979999999
way/356374082,Unnamed Feature,road,11.6857458,78.1735581,,,residential,11.6853088,78.17207979999999
way/356374088,Unnamed Feature,road,11.6893307,78.1740626,,,residential,11.6853088,78.17207979999999
way/356374092,Unnamed Feature,road,11.6890138,78.1711479,,,residential,11.6853088,78.17207979999999
way/356374096,Unnamed Feature,road,11.6848767,78.171621,,,residential,11.6853088,78.17207979999999
way/356374098,Unnamed Feature,road,11.6854523,78.1727642,,,residential,11.6853088,78.17207979999999
way/356374100,Unnamed Feature,road,11.6874144,78.1684219,,,residential,11.6853088,78.17207979999999
way/356374102,Unnamed Feature,road,11.6852696,78.169146,,,residential,11.6853088,78.17207979999999
way/356374106,Unnamed Feature,road,11.686843,78.1698195,,,residential,11.6853088,78.17207979999999
way/356374114,Unnamed Feature,road,11.6856822,78.1729379,,,residential,11.6853088,78.17207979999999
way/356374120,Unnamed Feature,road,11.6891646,78.1739523,,,residential,11.6853088,78.17207979999999
way/356374124,Unnamed Feature,road,11.6880856,78.1749203,,,residential,11.6853088,78.17207979999999
way/356374132,Unnamed Feature,road,11.6875975,78.1739959,,,residential,11.6853088,78.17207979999999
way/356374137,Unnamed Feature,road,11.6872106,78.1721059,,,residential,11.6853088,78.17207979999999
way/356374139,Unnamed Feature,road,11.6870815,78.1682301,,,residential,11.6853088,78.17207979999999
way/356374143,Unnamed Feature,road,11.6848092,78.1739945,,,residential,11.6853088,78.17207979999999
way/356374722,Unnamed Feature,road,11.6844281,78.1746903,,,residential,11.6853088,78.17207979999999
way/356374727,Unnamed Feature,road,11.6841662,78.1754821,,,residential,11.6853088,78.17207979999999
way/356374729,Second Street Ramanathapuram,road,11.6841057,78.1752283,,,residential,11.6853088,78.17207979999999
way/356374731,Unnamed Feature,road,11.6839576,78.1761077,,,residential,11.6853088,78.17207979999999
way/356374733,Unnamed Feature,road,11.6845474,78.1751679,,,residential,11.6853088,78.17207979999999
way/356374737,Unnamed Feature,road,11.6842567,78.1753056,,,residential,11.6853088,78.17207979999999
way/356374747,Unnamed Feature,road,11.6843643,78.1749104,,,residential,11.6853088,78.17207979999999
way/356374750,Unnamed Feature,road,11.6840585,78.1757841,,,residential,11.6853088,78.17207979999999
way/356401612,Unnamed Feature,road,11.6854325,78.1745009,,,residential,11.6853088,78.17207979999999
way/356405171,Unnamed Feature,road,11.6892059,78.1699361,,,residential,11.6853088,78.17207979999999
way/356405215,Unnamed Feature,road,11.6868345,78.1704597,,,residential,11.6853088,78.17207979999999
way/356405219,Unnamed Feature,road,11.6888668,78.1698053,,,residential,11.6853088,78.17207979999999
way/356405220,Unnamed Feature,road,11.6882976,78.1718746,,,residential,11.6853088,78.17207979999999
way/356405255,Unnamed Feature,road,11.6871908,78.1694788,,,residential,11.6853088,78.17207979999999
way/1066306517,Unnamed Feature,road,11.6863781,78.1678136,,,residential,11.6853088,78.17207979999999
way/1066306518,Unnamed Feature,road,11.6859761,78.1690954,,,residential,11.6853088,78.17207979999999
way/1066306529,Unnamed Feature,road,11.685995,78.1700113,,,residential,11.6853088,78.17207979999999
way/1066306530,Unnamed Feature,road,11.6853123,78.1712567,,,residential,11.6853088,78.17207979999999
way/1066306534,Unnamed Feature,road,11.6873621,78.1699622,,,residential,11.6853088,78.17207979999999
way/1066306535,Unnamed Feature,road,11.6851341,78.1746183,,,residential,11.6853088,78.17207979999999
way/1066306536,Unnamed Feature,road,11.6845844,78.1763535,,,unclassified,11.6853088,78.17207979999999
way/1216178931,Unnamed Feature,road,11.6870672,78.1738235,,,residential,11.6853088,78.17207979999999
way/1216178932,Unnamed Feature,road,11.6857795,78.1718466,,,residential,11.6853088,78.17207979999999
way/1216178934,Unnamed Feature,road,11.6866499,78.1717173,,,residential,11.6853088,78.17207979999999
way/1216178935,Unnamed Feature,road,11.6875358,78.1725253,,,residential,11.6853088,78.17207979999999
node/803271929,Coimbatore Railway Station,bus_stop,10.9962311,76.9681435,,,bus_stop,10.999311500000001,76.96534249999999
node/803271951,State Bank of India,bank,10.9978634,76.9675763,bank,,,10.999311500000001,76.96534249999999
node/803272045,Coimbatore Railway Station,bus_stop,10.9962357,76.9679417,,,bus_stop,10.999311500000001,76.96534249999999
node/1474451334,RHR restaurant,restaurant,10.9975037,76.9680636,restaurant,,,10.999311500000001,76.96534249999999
node/1474451347,Collectorate office,bus_stop,11.0004858,76.9674362,,,bus_stop,10.999311500000001,76.96534249999999
node/1474451352,C S Meals,restaurant,10.9996522,76.9681095,fast_food,,,10.999311500000001,76.96534249999999
node/1474451365,Bon bon ice creams,restaurant,10.9988726,76.968206,restaurant,,,10.999311500000001,76.96534249999999
node/1474491015,DSP,bus_stop,11.0018007,76.9686832,,,bus_stop,10.999311500000001,76.96534249999999
node/1474491018,CLS Book shop,shop_books,11.0003341,76.9679644,,books,,10.999311500000001,76.96534249999999
node/5874714141,Geetha Cafe,restaurant,10.9982256,76.9691084,restaurant,,,10.999311500000001,76.96534249999999
node/7257183926,"I.C.C Hospital For Women & Children, Coimbatore",healthcare,10.9958251,76.9634777,hospital,,,10.999311500000001,76.96534249999999
way/25967625,Unnamed Feature,road,11.0016871,76.9686439,,,secondary,10.999311500000001,76.96534249999999
way/66239967,Somasundar Mill Road,road,11.0032526,76.9653857,,,unclassified,10.999311500000001,76.96534249999999
way/66297869,Avinashi Road Railway Flyover,road,11.0021516,76.965435,,,trunk,10.999311500000001,76.96534249999999
way/116588912,Grey Town Road,road,11.0044648,76.968319,,,residential,10.999311500000001,76.96534249999999
way/133585584,G. D. Matriculation Higher Secondary School,education,11.0000305,76.9655278,school,,,10.999311500000001,76.96534249999999
way/172099892,Unnamed Feature,road,10.9971939,76.9696838,,,residential,10.999311500000001,76.96534249999999
way/374788801,Unnamed Feature,road,11.0011676,76.9660294,,,unclassified,10.999311500000001,76.96534249999999
way/374788802,Unnamed Feature,road,11.0012481,76.9651711,,,unclassified,10.999311500000001,76.96534249999999
way/374788803,Unnamed Feature,road,11.0033262,76.9659633,,,unclassified,10.999311500000001,76.96534249999999
way/377993519,Coimbatore Medical College Hospital,healthcare,10.9964129,76.9702365,hospital,,,10.999311500000001,76.96534249999999
way/377995938,Unnamed Feature,road,11.003178,76.9678215,,,residential,10.999311500000001,76.96534249999999
way/405604619,Unnamed Feature,road,10.9961224,76.9678249,,,footway,10.999311500000001,76.96534249999999
way/405629516,Huzur Road,road,11.0016621,76.9706907,,,secondary,10.999311500000001,76.96534249999999
way/405629519,Huzur Road,road,11.000356,76.96851,,,secondary,10.999311500000001,76.96534249999999
way/405629530,Old Post Office Road,road,11.0000992,76.9677195,,,secondary,10.999311500000001,76.96534249999999
way/405629532,State Bank Road,road,10.9973983,76.9685523,,,secondary,10.999311500000001,76.96534249999999
way/405629534,Unnamed Feature,road,11.0011588,76.9691973,,,secondary,10.999311500000001,76.96534249999999
way/405629538,Unnamed Feature,road,11.002331,76.9683155,,,secondary,10.999311500000001,76.96534249999999
way/405629540,Unnamed Feature,road,11.0016806,76.9687057,,,secondary,10.999311500000001,76.96534249999999
way/405629544,Unnamed Feature,road,11.0009504,76.9693319,,,secondary,10.999311500000001,76.96534249999999
way/405629545,Unnamed Feature,road,11.0008433,76.9694854,,,secondary_link,10.999311500000001,76.96534249999999
way/415419918,Unnamed Feature,road,10.9953163,76.9665626,,,service,10.999311500000001,76.96534249999999
way/415421217,Unnamed Feature,road,10.9963622,76.9653679,,,service,10.999311500000001,76.96534249999999
way/598058530,Unnamed Feature,road,11.0016872,76.9658535,,,unclassified,10.999311500000001,76.96534249999999
way/598058531,State Bank Road,road,10.9973608,76.968102,,,secondary,10.999311500000001,76.96534249999999
way/598058533,Unnamed Feature,road,10.9986975,76.9673677,,,unclassified,10.999311500000001,76.96534249999999
way/598058534,Unnamed Feature,road,11.0001219,76.9679122,,,secondary,10.999311500000001,76.96534249999999
way/598058535,Old Post Office Road,road,11.0001575,76.9677199,,,secondary,10.999311500000001,76.96534249999999
way/598058536,Unnamed Feature,road,11.0001922,76.9681261,,,secondary,10.999311500000001,76.96534249999999
way/598058537,Old Post Office Road,road,11.0012446,76.9672065,,,secondary,10.999311500000001,76.96534249999999
way/598058538,Huzur Road,road,11.0003538,76.9683414,,,secondary,10.999311500000001,76.96534249999999
way/621874764,Unnamed Feature,road,10.9980149,76.9691644,,,service,10.999311500000001,76.96534249999999
way/744210349,Unnamed Feature,road,10.9963954,76.967787,,,service,10.999311500000001,76.96534249999999
way/744210350,Unnamed Feature,road,10.9957968,76.9681046,,,service,10.999311500000001,76.96534249999999
way/744210351,Unnamed Feature,road,10.9957681,76.968104,,,service,10.999311500000001,76.96534249999999
way/744222715,Unnamed Feature,road,10.9980894,76.9676748,,,service,10.999311500000001,76.96534249999999
way/744229307,Unnamed Feature,road,10.9990009,76.9688343,,,residential,10.999311500000001,76.96534249999999
way/744229308,Unnamed Feature,road,10.9997573,76.968755,,,residential,10.999311500000001,76.96534249999999
way/744229820,Unnamed Feature,road,10.9996237,76.9674091,,,service,10.999311500000001,76.96534249999999
way/744229821,Unnamed Feature,road,10.9994383,76.9673547,,,service,10.999311500000001,76.96534249999999
way/842246921,Dr Nanjappa Road,road,11.0051396,76.9667602,,,trunk,10.999311500000001,76.96534249999999
way/909509974,Unnamed Feature,road,10.9992879,76.9695148,,,residential,10.999311500000001,76.96534249999999
way/910687521,Unnamed Feature,road,11.0015966,76.9680359,,,residential,10.999311500000001,76.96534249999999
way/910687522,Unnamed Feature,road,11.0016916,76.9674137,,,residential,10.999311500000001,76.96534249999999
way/910687523,Unnamed Feature,road,11.0014076,76.9677602,,,residential,10.999311500000001,76.96534249999999
way/910687524,Unnamed Feature,road,11.0017843,76.9676225,,,residential,10.999311500000001,76.96534249999999
way/910687525,Unnamed Feature,road,11.0018765,76.9671528,,,residential,10.999311500000001,76.96534249999999
way/993568893,Unnamed Feature,road,10.9952102,76.965188,,,service,10.999311500000001,76.96534249999999
way/993568922,Unnamed Feature,road,11.0022797,76.9677526,,,residential,10.999311500000001,76.96534249999999
way/993571710,Unnamed Feature,road,11.0004823,76.9679656,,,residential,10.999311500000001,76.96534249999999
way/993571711,Unnamed Feature,road,11.0006112,76.9685145,,,service,10.999311500000001,76.96534249999999
way/1046572038,Unnamed Feature,road,11.0021461,76.9654785,,,unclassified,10.999311500000001,76.96534249999999
way/1069477306,Unnamed Feature,road,11.0000543,76.9699475,,,residential,10.999311500000001,76.96534249999999
way/1095596361,Avinashi Road Railway Flyover,road,11.0023383,76.9667083,,,trunk,10.999311500000001,76.96534249999999
way/1112179727,Unnamed Feature,road,11.0019505,76.9687795,,,service,10.999311500000001,76.96534249999999
way/1124976978,Unnamed Feature,road,10.9954631,76.9667542,,,footway,10.999311500000001,76.96534249999999
way/1124976979,Unnamed Feature,road,10.9957567,76.9672607,,,footway,10.999311500000001,76.96534249999999
way/1175899039,Unnamed Feature,road,10.9953828,76.9666165,,,footway,10.999311500000001,76.96534249999999
way/1177922973,Unnamed Feature,road,10.9959051,76.9675278,,,footway,10.999311500000001,76.96534249999999
way/1177922974,Unnamed Feature,road,10.995779,76.9673109,,,footway,10.999311500000001,76.96534249999999
way/1208983190,Unnamed Feature,road,11.0008584,76.967591,,,residential,10.999311500000001,76.96534249999999
way/1213001530,Huzur Road,road,11.0006545,76.9691129,,,secondary,10.999311500000001,76.96534249999999
way/1213001531,Unnamed Feature,road,11.0007555,76.9695465,,,secondary,10.999311500000001,76.96534249999999
way/1213001532,Unnamed Feature,road,11.0009197,76.969561,,,secondary_link,10.999311500000001,76.96534249999999
way/1213001533,Unnamed Feature,road,11.0008281,76.9696302,,,secondary,10.999311500000001,76.96534249999999
way/1213001534,Huzur Road,road,11.0005905,76.9691488,,,secondary,10.999311500000001,76.96534249999999
way/1230303883,Unnamed Feature,road,11.001119,76.9683804,,,service,10.999311500000001,76.96534249999999
way/1230303884,Unnamed Feature,road,11.0008496,76.968772,,,service,10.999311500000001,76.96534249999999
way/1230306121,Unnamed Feature,road,10.9999506,76.967254,,,service,10.999311500000001,76.96534249999999
way/1231051214,Unnamed Feature,road,11.0027303,76.9676773,,,residential,10.999311500000001,76.96534249999999
way/1231051215,Unnamed Feature,road,11.0033954,76.9675234,,,residential,10.999311500000001,76.96534249999999
way/1231052264,Unnamed Feature,road,11.0030892,76.9676543,,,service,10.999311500000001,76.96534249999999
way/1237978354,Avinashi Road,road,11.0025426,76.967498,,,primary,10.999311500000001,76.96534249999999
way/1239432248,Huzur Road,road,11.0007988,76.9698585,,,secondary,10.999311500000001,76.96534249999999
way/1239432402,Unnamed Feature,road,11.0026098,76.9657235,,,unclassified,10.999311500000001,76.96534249999999
way/1271461292,Dr Nanjappa Road,road,11.0032389,76.9665548,,,trunk,10.999311500000001,76.96534249999999
way/1296930925,Avinashi Road,road,11.002398,76.9667659,,,trunk,10.999311500000001,76.96534249999999
way/1306059255,Unnamed Feature,road,10.996005,76.9679925,,,service,10.999311500000001,76.96534249999999
way/1306059256,Unnamed Feature,road,10.9957207,76.9671234,,,steps,10.999311500000001,76.96534249999999
way/1306059257,Unnamed Feature,road,10.9958121,76.9672906,,,steps,10.999311500000001,76.96534249999999
way/1306059258,Unnamed Feature,road,10.9959471,76.9675005,,,steps,10.999311500000001,76.96534249999999
way/1306972974,Unnamed Feature,road,10.9953104,76.9676116,,,path,10.999311500000001,76.96534249999999
way/1306972975,Unnamed Feature,road,10.9952938,76.9675383,,,path,10.999311500000001,76.96534249999999
way/1306972976,Unnamed Feature,road,10.9952687,76.9672269,,,path,10.999311500000001,76.96534249999999
way/1306972977,Unnamed Feature,road,10.9954158,76.9673758,,,path,10.999311500000001,76.96534249999999
way/1306973176,Unnamed Feature,road,10.99635,76.9676057,,,steps,10.999311500000001,76.96534249999999
way/1316883070,Avinashi Road Railway Flyover,road,11.0023855,76.9666615,,,trunk,10.999311500000001,76.96534249999999
way/1327811949,Underpass,road,11.0021421,76.9654254,,,secondary_link,10.999311500000001,76.96534249999999
way/1328108719,Avinashi Road,road,11.0026924,76.9682457,,,primary,10.999311500000001,76.96534249999999
way/1338514040,Unnamed Feature,road,10.9950484,76.9650987,,,residential,10.999311500000001,76.96534249999999
way/1338514044,Unnamed Feature,road,10.9959922,76.9646774,,,residential,10.999311500000001,76.96534249999999
way/1338514045,Unnamed Feature,road,10.9962551,76.9653034,,,residential,10.999311500000001,76.96534249999999
way/1338514046,Unnamed Feature,road,10.9962983,76.965651,,,residential,10.999311500000001,76.96534249999999
way/1338514047,Unnamed Feature,road,10.9964961,76.9647958,,,residential,10.999311500000001,76.96534249999999
way/1338514049,Unnamed Feature,road,10.9977307,76.9649362,,,residential,10.999311500000001,76.96534249999999
way/1338534556,Unnamed Feature,road,11.0002521,76.965906,,,residential,10.999311500000001,76.96534249999999
way/1338534557,Unnamed Feature,road,11.0009298,76.9659601,,,residential,10.999311500000001,76.96534249999999
way/1338534558,Unnamed Feature,road,11.0008366,76.9650482,,,residential,10.999311500000001,76.96534249999999
way/1338534559,Unnamed Feature,road,10.997039,76.9682806,,,residential,10.999311500000001,76.96534249999999
way/1341531136,Avinashi Road,road,11.0026586,76.9684749,,,primary,10.999311500000001,76.96534249999999
way/1469170048,Unnamed Feature,road,10.9968044,76.96896,,,residential,10.999311500000001,76.96534249999999
way/1536797488,Avinashi Road,road,11.0028779,76.9692093,,,primary,10.999311500000001,76.96534249999999
node/1943512283,Summer & Union,bus_stop,44.9436487,-123.0276827,,,bus_stop,44.9416565,-123.030621
node/4683879925,Heritage Grove Federal Credit Union,bank,44.9447252,-123.029741,bank,,,44.9416565,-123.030621
node/5109646673,Kohl's,shop_department_store,44.943862,-123.0355688,,department_store,,44.9416565,-123.030621
node/9982680582,Kathmandu To You,shop_interior_decoration,44.9433617,-123.0359923,,interior_decoration,,44.9416565,-123.030621
node/9982680585,Beauty Nails,shop_beauty,44.943426,-123.0355796,,beauty,,44.9416565,-123.030621
node/9982680598,Made in Oregon,shop_gift,44.9435992,-123.036123,,gift,,44.9416565,-123.030621
node/9982680608,Spencer's,shop_gift,44.9432277,-123.036021,,gift,,44.9416565,-123.030621
node/9982680614,Kay Jewelers,shop_jewelry,44.9433207,-123.035853,,jewelry,,44.9416565,-123.030621
node/9982680616,American Eagle Outfitters,shop_clothes,44.9435129,-123.035712,,clothes,,44.9416565,-123.030621
node/9982693918,A.T. Nails,shop_beauty,44.9435806,-123.035877,,beauty,,44.9416565,-123.030621
node/9982693922,Zumiez,shop_clothes,44.9434319,-123.036229,,clothes,,44.9416565,-123.030621
node/9982693930,Harry Ritchie's,shop_jewelry,44.9436138,-123.035915,,jewelry,,44.9416565,-123.030621
node/9982693934,Hot Topic,shop_clothes,44.9434677,-123.036374,,clothes,,44.9416565,-123.030621
node/9982693938,GameStop,shop_video_games,44.943512,-123.035851,,video_games,,44.9416565,-123.030621
node/10162811396,The Holiday Decor Store,shop_interior_decoration,44.9433844,-123.03607,,interior_decoration,,44.9416565,-123.030621
node/10162875217,Lovely Kuddle'z,shop_toys,44.9433459,-123.0359521,,toys,,44.9416565,-123.030621
node/11340446101,SEDCOR,office,44.9453646,-123.033984,,,,44.9416565,-123.030621
node/12920296965,Unnamed Feature,bus_stop,44.9416877,-123.0269248,,,bus_stop,44.9416565,-123.030621
way/30263914,Union Street Northeast,road,44.9445217,-123.0319956,,,tertiary,44.9416565,-123.030621
way/30263928,Union Street Northeast,road,44.9452354,-123.0348613,,,tertiary,44.9416565,-123.030621
way/30453439,Marion Street Northeast,road,44.9411449,-123.0243147,,,secondary,44.9416565,-123.030621
way/30594258,Summer Street Northeast,road,44.9442963,-123.027496,,,primary,44.9416565,-123.030621
way/30594261,Union Street Northeast,road,44.9436967,-123.0287287,,,tertiary,44.9416565,-123.030621
way/30794943,Winter Street Northeast,road,44.9449165,-123.02905,,,residential,44.9416565,-123.030621
way/30794945,Union Street Northeast,road,44.9441093,-123.0303732,,,tertiary,44.9416565,-123.030621
way/30794947,High Street Northeast,road,44.9445619,-123.0347365,,,secondary,44.9416565,-123.030621
way/30794956,Church Street Northeast,road,44.9454874,-123.0324346,,,tertiary,44.9416565,-123.030621
way/30830078,Capitol Street Northeast,road,44.9439788,-123.0258089,,,primary,44.9416565,-123.030621
way/31804804,Union Street Northeast,road,44.9433558,-123.0275166,,,primary,44.9416565,-123.030621
way/31804805,Union Street Northeast,road,44.9427834,-123.0255003,,,primary,44.9416565,-123.030621
way/32358430,Unnamed Feature,road,44.9395089,-123.0246088,,,service,44.9416565,-123.030621
way/32358433,Center Street Northeast,road,44.940275,-123.0251406,,,secondary,44.9416565,-123.030621
way/32358436,Unnamed Feature,road,44.9402499,-123.0252889,,,service,44.9416565,-123.030621
way/34157108,12th Street Northeast,road,44.9413915,-123.0252262,,,primary,44.9416565,-123.030621
way/34278029,Unnamed Feature,road,44.9445544,-123.0355395,,,footway,44.9416565,-123.030621
way/37096615,Unnamed Feature,road,44.9432094,-123.0289727,,,service,44.9416565,-123.030621
way/89517411,High Street Northeast,road,44.9468279,-123.0336032,,,secondary,44.9416565,-123.030621
way/146454559,Safeway,grocery_store,44.9408307,-123.0242638,,supermarket,,44.9416565,-123.030621
way/146454606,Unnamed Feature,road,44.9403691,-123.0246769,,,service,44.9416565,-123.030621
way/146454608,Unnamed Feature,road,44.9405198,-123.0244239,,,service,44.9416565,-123.030621
way/146454609,Unnamed Feature,road,44.9403817,-123.0245939,,,service,44.9416565,-123.030621
way/146454610,Unnamed Feature,road,44.9409587,-123.0248461,,,service,44.9416565,-123.030621
way/146454611,Unnamed Feature,road,44.9403785,-123.0250883,,,service,44.9416565,-123.030621
way/163748508,Oregon Department of Agriculture,office,44.9437505,-123.0266014,,,,44.9416565,-123.030621
way/163748509,Oregon Department of Human Services,office,44.9427017,-123.0273313,,,,44.9416565,-123.030621
way/163748510,Oregon Department of Veterans Affairs,office,44.9444958,-123.0269004,,,,44.9416565,-123.030621
way/167147802,Unnamed Feature,road,44.9401169,-123.0243769,,,secondary_link,44.9416565,-123.030621
way/167147804,Cottage Street Northeast,road,44.9453186,-123.0306863,,,residential,44.9416565,-123.030621
way/167281829,Unnamed Feature,road,44.9406405,-123.0244963,,,footway,44.9416565,-123.030621
way/167281879,Unnamed Feature,road,44.9454,-123.0338025,,,service,44.9416565,-123.030621
way/167281902,Unnamed Feature,road,44.9451737,-123.0260571,,,footway,44.9416565,-123.030621
way/167281933,Unnamed Feature,road,44.9446638,-123.0282443,,,footway,44.9416565,-123.030621
way/167281976,Unnamed Feature,road,44.9408267,-123.0250867,,,cycleway,44.9416565,-123.030621
way/167281978,Unnamed Feature,road,44.9418474,-123.0245739,,,cycleway,44.9416565,-123.030621
way/169070033,Unnamed Feature,road,44.9414079,-123.0249796,,,footway,44.9416565,-123.030621
way/169070047,Unnamed Feature,road,44.9412709,-123.025048,,,footway,44.9416565,-123.030621
way/182252601,Oregon Public Utility Commission,office,44.9420717,-123.0261393,,,,44.9416565,-123.030621
way/183376526,Unnamed Feature,road,44.9448556,-123.0265581,,,footway,44.9416565,-123.030621
way/183376535,Unnamed Feature,road,44.9412956,-123.0248517,,,cycleway,44.9416565,-123.030621
way/183376536,12th Street Northeast,road,44.9403191,-123.0253408,,,cycleway,44.9416565,-123.030621
way/183926446,Unnamed Feature,road,44.9450631,-123.0268026,,,footway,44.9416565,-123.030621
way/183926447,Unnamed Feature,road,44.9435987,-123.0273944,,,service,44.9416565,-123.030621
way/183926448,Unnamed Feature,road,44.9451888,-123.0266531,,,footway,44.9416565,-123.030621
way/183926449,Unnamed Feature,road,44.9437598,-123.0273101,,,service,44.9416565,-123.030621
way/183926455,Unnamed Feature,road,44.9453216,-123.0268709,,,footway,44.9416565,-123.030621
way/183926457,Unnamed Feature,road,44.9440104,-123.0268726,,,service,44.9416565,-123.030621
way/183926459,Unnamed Feature,road,44.9437849,-123.027333,,,service,44.9416565,-123.030621
way/197948423,Union Street Northeast,road,44.9450293,-123.0340398,,,tertiary,44.9416565,-123.030621
way/197954974,Marion Street Northeast,road,44.9441953,-123.035835,,,primary,44.9416565,-123.030621
way/203028039,Oregon Real Estate Agency,office,44.9407846,-123.0257716,,,,44.9416565,-123.030621
way/203043135,ODOT Mill Creek Building,office,44.9419128,-123.0240897,,,,44.9416565,-123.030621
way/203043225,Oregon Employment Department,office,44.944104,-123.0285556,,,,44.9416565,-123.030621
way/203043292,North Mall Office Building - State of Oregon,office,44.9450941,-123.0282021,,,,44.9416565,-123.030621
way/203043352,Oregon State Lands Building,office,44.9454581,-123.0275577,,,,44.9416565,-123.030621
way/204009961,Worksource Oregon,office,44.9446876,-123.0315245,,,,44.9416565,-123.030621
way/324848171,South Union Northeast Street,road,44.9419034,-123.0255173,,,service,44.9416565,-123.030621
way/476717190,Union Street Northeast,road,44.9431663,-123.0264691,,,primary,44.9416565,-123.030621
way/477000329,South Union Northeast Street,road,44.9424322,-123.0259847,,,service,44.9416565,-123.030621
way/549787154,Baker Charter Schools,office,44.9403437,-123.026443,,,,44.9416565,-123.030621
way/694846298,Marion Street Northeast,road,44.9415995,-123.0259626,,,primary,44.9416565,-123.030621
way/694846299,Center Street Northeast,road,44.9403852,-123.025558,,,primary,44.9416565,-123.030621
way/771519706,Unnamed Feature,road,44.9411577,-123.0264432,,,service,44.9416565,-123.030621
way/771519707,Unnamed Feature,road,44.9412293,-123.0265976,,,service,44.9416565,-123.030621
way/771519708,Unnamed Feature,road,44.9413837,-123.0257972,,,service,44.9416565,-123.030621
way/771519709,Unnamed Feature,road,44.9412017,-123.0253582,,,service,44.9416565,-123.030621
way/771519714,Unnamed Feature,road,44.9410266,-123.0259238,,,service,44.9416565,-123.030621
way/771522084,Unnamed Feature,road,44.9437696,-123.0310035,,,service,44.9416565,-123.030621
way/785859200,Unnamed Feature,road,44.9415067,-123.024457,,,service,44.9416565,-123.030621
way/785859201,Unnamed Feature,road,44.94142,-123.0239447,,,service,44.9416565,-123.030621
way/785880256,Unnamed Feature,road,44.9445907,-123.0282809,,,service,44.9416565,-123.030621
way/787348420,Unnamed Feature,road,44.9446761,-123.0305495,,,service,44.9416565,-123.030621
way/787348421,Unnamed Feature,road,44.9448792,-123.0313644,,,service,44.9416565,-123.030621
way/787348422,Unnamed Feature,road,44.9452366,-123.0311854,,,service,44.9416565,-123.030621
way/787348423,Unnamed Feature,road,44.9458593,-123.0317961,,,service,44.9416565,-123.030621
way/791553754,Center for Business & Industry,education,44.9454829,-123.0339168,college,,,44.9416565,-123.030621
way/793886538,Unnamed Feature,road,44.9443666,-123.0339153,,,footway,44.9416565,-123.030621
way/793916602,Unnamed Feature,road,44.9446,-123.0328733,,,footway,44.9416565,-123.030621
way/793916604,Unnamed Feature,road,44.9451349,-123.0344353,,,footway,44.9416565,-123.030621
way/793916605,Unnamed Feature,road,44.9455623,-123.033141,,,footway,44.9416565,-123.030621
way/793916607,Unnamed Feature,road,44.9411135,-123.0261953,,,footway,44.9416565,-123.030621
way/793916608,Unnamed Feature,road,44.9402798,-123.025621,,,footway,44.9416565,-123.030621
way/797107593,Unnamed Feature,road,44.9438432,-123.0297334,,,footway,44.9416565,-123.030621
way/797107594,Unnamed Feature,road,44.9437718,-123.0296069,,,footway,44.9416565,-123.030621
way/797107595,Unnamed Feature,road,44.9437626,-123.0294745,,,footway,44.9416565,-123.030621
way/797107596,Unnamed Feature,road,44.9438563,-123.0293886,,,footway,44.9416565,-123.030621
way/797107597,Unnamed Feature,road,44.9439414,-123.0297168,,,footway,44.9416565,-123.030621
way/797107598,Unnamed Feature,road,44.9440182,-123.0296453,,,footway,44.9416565,-123.030621
way/797107599,Unnamed Feature,road,44.944002,-123.0294889,,,footway,44.9416565,-123.030621
way/797107600,Unnamed Feature,road,44.9439473,-123.0293573,,,footway,44.9416565,-123.030621
way/797107602,Unnamed Feature,road,44.943422,-123.0280947,,,footway,44.9416565,-123.030621
way/797107603,Unnamed Feature,road,44.9435247,-123.0280968,,,footway,44.9416565,-123.030621
way/797107604,Unnamed Feature,road,44.9436069,-123.0279954,,,footway,44.9416565,-123.030621
way/797107605,Unnamed Feature,road,44.9435896,-123.0278526,,,footway,44.9416565,-123.030621
way/797107606,Unnamed Feature,road,44.9435362,-123.0277466,,,footway,44.9416565,-123.030621
way/797107607,Unnamed Feature,road,44.9433488,-123.027853,,,footway,44.9416565,-123.030621
way/797107608,Unnamed Feature,road,44.9434387,-123.0277689,,,footway,44.9416565,-123.030621
way/797107609,Unnamed Feature,road,44.9433557,-123.0279684,,,footway,44.9416565,-123.030621
way/797107610,Unnamed Feature,road,44.9428766,-123.0280336,,,footway,44.9416565,-123.030621
way/797107611,Unnamed Feature,road,44.9419173,-123.0269337,,,footway,44.9416565,-123.030621
way/797107612,Unnamed Feature,road,44.9417796,-123.0269143,,,footway,44.9416565,-123.030621
way/797107614,Unnamed Feature,road,44.9417016,-123.0259967,,,footway,44.9416565,-123.030621
way/797107615,Unnamed Feature,road,44.9420676,-123.0269572,,,footway,44.9416565,-123.030621
way/797107616,Unnamed Feature,road,44.9425552,-123.0273907,,,footway,44.9416565,-123.030621
way/797107617,Unnamed Feature,road,44.9430622,-123.0263029,,,footway,44.9416565,-123.030621
way/797107618,Unnamed Feature,road,44.9435598,-123.0261804,,,footway,44.9416565,-123.030621
way/797107621,Unnamed Feature,road,44.9454194,-123.0254685,,,footway,44.9416565,-123.030621
way/797107622,Unnamed Feature,road,44.9440447,-123.0259301,,,footway,44.9416565,-123.030621
way/797107625,Unnamed Feature,road,44.9413832,-123.0251758,,,footway,44.9416565,-123.030621
way/797107626,Unnamed Feature,road,44.9421766,-123.0255892,,,footway,44.9416565,-123.030621
way/798111677,Unnamed Feature,road,44.9449964,-123.0291682,,,footway,44.9416565,-123.030621
way/798111697,Unnamed Feature,road,44.9447665,-123.0280834,,,footway,44.9416565,-123.030621
way/801986290,Unnamed Feature,road,44.944017,-123.0349243,,,footway,44.9416565,-123.030621
way/898458635,Unnamed Feature,road,44.9450878,-123.0294241,,,service,44.9416565,-123.030621
way/903802132,Unnamed Feature,road,44.9399189,-123.0249902,,,service,44.9416565,-123.030621
way/906022526,Unnamed Feature,road,44.9458106,-123.0336483,,,service,44.9416565,-123.030621
way/906022527,Unnamed Feature,road,44.9456798,-123.0334846,,,service,44.9416565,-123.030621
way/906022532,Unnamed Feature,road,44.9454294,-123.0320048,,,service,44.9416565,-123.030621
way/925999397,Center Street Northeast,road,44.9400646,-123.0244198,,,secondary,44.9416565,-123.030621
way/926102995,Unnamed Feature,road,44.9411149,-123.0259339,,,service,44.9416565,-123.030621
way/926102996,Unnamed Feature,road,44.9406728,-123.0246238,,,footway,44.9416565,-123.030621
way/926102998,Unnamed Feature,road,44.9409117,-123.0262731,,,service,44.9416565,-123.030621
way/926102999,Unnamed Feature,road,44.9410491,-123.0262045,,,service,44.9416565,-123.030621
way/926103000,Unnamed Feature,road,44.9412372,-123.0266264,,,service,44.9416565,-123.030621
way/926103001,Unnamed Feature,road,44.9412492,-123.0258657,,,service,44.9416565,-123.030621
way/926103002,Unnamed Feature,road,44.9407975,-123.02633,,,service,44.9416565,-123.030621
way/926103003,Unnamed Feature,road,44.9425083,-123.028537,,,footway,44.9416565,-123.030621
way/926310903,Unnamed Feature,road,44.9418311,-123.0271647,,,footway,44.9416565,-123.030621
way/926310904,Unnamed Feature,road,44.9406725,-123.0244832,,,footway,44.9416565,-123.030621
way/926310908,Unnamed Feature,road,44.940581,-123.025032,,,service,44.9416565,-123.030621
way/926310918,Unnamed Feature,road,44.9412974,-123.0272037,,,service,44.9416565,-123.030621
way/926310919,Unnamed Feature,road,44.9420911,-123.0275209,,,service,44.9416565,-123.030621
way/926310956,Center Street Northeast,road,44.9404671,-123.0258846,,,primary,44.9416565,-123.030621
way/926310957,Unnamed Feature,road,44.9403456,-123.0260892,,,service,44.9416565,-123.030621
way/926310958,Unnamed Feature,road,44.9400258,-123.0259861,,,service,44.9416565,-123.030621
way/926310959,Unnamed Feature,road,44.9402198,-123.0261521,,,service,44.9416565,-123.030621
way/926310960,Unnamed Feature,road,44.9400615,-123.026172,,,service,44.9416565,-123.030621
way/946566123,Unnamed Feature,road,44.9404699,-123.0254401,,,footway,44.9416565,-123.030621
way/946566137,Unnamed Feature,road,44.9398385,-123.0259425,,,footway,44.9416565,-123.030621
way/946568398,Unnamed Feature,road,44.9403052,-123.0257425,,,footway,44.9416565,-123.030621
way/946568399,Unnamed Feature,road,44.9404224,-123.0256847,,,footway,44.9416565,-123.030621
way/946568400,Unnamed Feature,road,44.9402241,-123.0254579,,,footway,44.9416565,-123.030621
way/946568403,Unnamed Feature,road,44.9450215,-123.0288209,,,footway,44.9416565,-123.030621
way/946568405,Unnamed Feature,road,44.9445211,-123.0270539,,,footway,44.9416565,-123.030621
way/946568410,Unnamed Feature,road,44.9451155,-123.0251185,,,footway,44.9416565,-123.030621
way/946568411,Unnamed Feature,road,44.9434363,-123.0259468,,,footway,44.9416565,-123.030621
way/946568412,Unnamed Feature,road,44.9438573,-123.0257689,,,footway,44.9416565,-123.030621
way/957039085,Unnamed Feature,road,44.9441805,-123.0284578,,,service,44.9416565,-123.030621
way/957039086,Unnamed Feature,road,44.9443644,-123.0283147,,,footway,44.9416565,-123.030621
way/957039087,Unnamed Feature,road,44.9443499,-123.0281546,,,steps,44.9416565,-123.030621
way/957039088,Unnamed Feature,road,44.9442896,-123.0281969,,,footway,44.9416565,-123.030621
way/957039089,Unnamed Feature,road,44.9446224,-123.0288465,,,service,44.9416565,-123.030621
way/957039091,Unnamed Feature,road,44.9444967,-123.0281423,,,footway,44.9416565,-123.030621
way/957039093,Unnamed Feature,road,44.9443716,-123.0278385,,,service,44.9416565,-123.030621
way/957075786,Unnamed Feature,road,44.9446207,-123.0294458,,,service,44.9416565,-123.030621
way/961142127,Unnamed Feature,road,44.9416856,-123.0245726,,,cycleway,44.9416565,-123.030621
way/962174843,Unnamed Feature,road,44.9445398,-123.0335152,,,service,44.9416565,-123.030621
way/962174844,Unnamed Feature,road,44.944343,-123.0335791,,,service,44.9416565,-123.030621
way/962174845,Unnamed Feature,road,44.9444126,-123.0335814,,,service,44.9416565,-123.030621
way/962174846,Unnamed Feature,road,44.9444417,-123.0331056,,,service,44.9416565,-123.030621
way/962174847,Unnamed Feature,road,44.9452122,-123.0322873,,,service,44.9416565,-123.030621
way/962264391,Unnamed Feature,road,44.9429372,-123.0288427,,,service,44.9416565,-123.030621
way/962264392,Unnamed Feature,road,44.9429822,-123.0290197,,,service,44.9416565,-123.030621
way/962264393,Unnamed Feature,road,44.9430307,-123.0292124,,,service,44.9416565,-123.030621
way/962264394,Unnamed Feature,road,44.9430778,-123.029396,,,service,44.9416565,-123.030621
way/968950278,Unnamed Feature,road,44.9421427,-123.0253468,,,service,44.9416565,-123.030621
way/968950279,Unnamed Feature,road,44.9426139,-123.0258619,,,service,44.9416565,-123.030621
way/968950280,Unnamed Feature,road,44.9424805,-123.0256017,,,service,44.9416565,-123.030621
way/968950281,Unnamed Feature,road,44.9420956,-123.025258,,,service,44.9416565,-123.030621
way/968950282,Unnamed Feature,road,44.9432379,-123.0269039,,,primary_link,44.9416565,-123.030621
way/968950283,Unnamed Feature,road,44.9431075,-123.0271706,,,service,44.9416565,-123.030621
way/968950284,Unnamed Feature,road,44.9431872,-123.0271502,,,service,44.9416565,-123.030621
way/968950285,Union Street Northeast,road,44.9426981,-123.0256188,,,primary,44.9416565,-123.030621
way/968950286,Unnamed Feature,road,44.9431146,-123.0272019,,,service,44.9416565,-123.030621
way/968950287,Union Street Northeast,road,44.9432928,-123.0269801,,,primary,44.9416565,-123.030621
way/968950288,Union Street Northeast,road,44.9434308,-123.0275927,,,primary,44.9416565,-123.030621
way/968950289,Unnamed Feature,road,44.9434619,-123.0272421,,,service,44.9416565,-123.030621
way/983095224,Unnamed Feature,road,44.9408174,-123.0247887,,,service,44.9416565,-123.030621
way/1043361324,Unnamed Feature,road,44.9460727,-123.0306989,,,service,44.9416565,-123.030621
way/1046729130,Unnamed Feature,road,44.943951,-123.0251486,,,service,44.9416565,-123.030621
way/1069490936,Unnamed Feature,road,44.9403217,-123.0259324,,,service,44.9416565,-123.030621
way/1069490937,Unnamed Feature,road,44.9405588,-123.0267438,,,service,44.9416565,-123.030621
way/1074386216,Unnamed Feature,road,44.940979,-123.0253922,,,service,44.9416565,-123.030621
way/1089784423,Unnamed Feature,road,44.9434115,-123.0357621,,,steps,44.9416565,-123.030621
way/1102691050,Unnamed Feature,road,44.9429165,-123.0251492,,,service,44.9416565,-123.030621
way/1102691051,Unnamed Feature,road,44.9427653,-123.0248047,,,service,44.9416565,-123.030621
way/1102691052,Unnamed Feature,road,44.9427594,-123.0245321,,,service,44.9416565,-123.030621
way/1102691053,Unnamed Feature,road,44.9429443,-123.0245893,,,service,44.9416565,-123.030621
way/1102691054,Unnamed Feature,road,44.9432526,-123.0255696,,,service,44.9416565,-123.030621
way/1102691055,Unnamed Feature,road,44.9433574,-123.0257078,,,service,44.9416565,-123.030621
way/1102691056,Unnamed Feature,road,44.9434167,-123.0292338,,,service,44.9416565,-123.030621
way/1102691057,Unnamed Feature,road,44.9434155,-123.0292272,,,service,44.9416565,-123.030621
way/1102691058,Unnamed Feature,road,44.9432294,-123.028466,,,service,44.9416565,-123.030621
way/1110836453,Unnamed Feature,road,44.9438155,-123.0359141,,,steps,44.9416565,-123.030621
way/1110836455,Unnamed Feature,road,44.943634,-123.0360347,,,footway,44.9416565,-123.030621
way/1110836456,Unnamed Feature,road,44.9443371,-123.0356575,,,footway,44.9416565,-123.030621
way/1110836457,Unnamed Feature,road,44.9443534,-123.035717,,,steps,44.9416565,-123.030621
way/1110836459,Unnamed Feature,road,44.9449951,-123.0347474,,,steps,44.9416565,-123.030621
way/1110836460,Unnamed Feature,road,44.9438484,-123.0358715,,,steps,44.9416565,-123.030621
way/1110836461,Unnamed Feature,road,44.9438126,-123.0359135,,,footway,44.9416565,-123.030621
way/1110836462,Unnamed Feature,road,44.9434561,-123.0355569,,,footway,44.9416565,-123.030621
way/1110839526,Unnamed Feature,road,44.9435166,-123.036186,,,footway,44.9416565,-123.030621
way/1117963970,Unnamed Feature,road,44.9439829,-123.0327305,,,service,44.9416565,-123.030621
way/1117963977,Unnamed Feature,road,44.9438537,-123.0318773,,,service,44.9416565,-123.030621
way/1117963978,Unnamed Feature,road,44.9442684,-123.0319906,,,service,44.9416565,-123.030621
way/1132272920,Unnamed Feature,road,44.944507,-123.0348282,,,service,44.9416565,-123.030621
way/1173214571,Union Street Northeast,road,44.9448277,-123.0332154,,,tertiary,44.9416565,-123.030621
way/1202390254,Unnamed Feature,road,44.9447569,-123.0355443,,,service,44.9416565,-123.030621
way/1202390255,Unnamed Feature,road,44.9449851,-123.0354313,,,service,44.9416565,-123.030621
way/1202390256,Unnamed Feature,road,44.9445338,-123.0356568,,,service,44.9416565,-123.030621
way/1202390257,Unnamed Feature,road,44.9446923,-123.0355775,,,service,44.9416565,-123.030621
way/1202390258,Unnamed Feature,road,44.9448373,-123.0355051,,,service,44.9416565,-123.030621
way/1202390259,Unnamed Feature,road,44.944766,-123.0339006,,,service,44.9416565,-123.030621
way/1202390260,Unnamed Feature,road,44.9444323,-123.0326548,,,service,44.9416565,-123.030621
way/1202390261,Unnamed Feature,road,44.9446185,-123.0339697,,,service,44.9416565,-123.030621
way/1202390262,Unnamed Feature,road,44.9444515,-123.0340062,,,service,44.9416565,-123.030621
way/1202390263,Unnamed Feature,road,44.9444118,-123.0322364,,,service,44.9416565,-123.030621
way/1202390265,Unnamed Feature,road,44.9445322,-123.0349365,,,service,44.9416565,-123.030621
way/1202390268,Unnamed Feature,road,44.9456009,-123.0331268,,,service,44.9416565,-123.030621
way/1202390269,Unnamed Feature,road,44.9450345,-123.0329974,,,service,44.9416565,-123.030621
way/1202390274,Unnamed Feature,road,44.9445122,-123.030629,,,service,44.9416565,-123.030621
way/1202390276,Unnamed Feature,road,44.9438368,-123.0303233,,,service,44.9416565,-123.030621
way/1202390277,Unnamed Feature,road,44.9436271,-123.0304168,,,service,44.9416565,-123.030621
way/1202390278,Unnamed Feature,road,44.9434779,-123.0305615,,,service,44.9416565,-123.030621
way/1202390281,Unnamed Feature,road,44.943904,-123.0307686,,,service,44.9416565,-123.030621
way/1202390282,Unnamed Feature,road,44.944356,-123.0303195,,,service,44.9416565,-123.030621
way/1202390285,Unnamed Feature,road,44.9449228,-123.0296194,,,service,44.9416565,-123.030621
way/1202390286,Unnamed Feature,road,44.9447837,-123.0292291,,,service,44.9416565,-123.030621
way/1202390287,Unnamed Feature,road,44.944823,-123.0294014,,,service,44.9416565,-123.030621
way/1202390288,Unnamed Feature,road,44.9448735,-123.029571,,,service,44.9416565,-123.030621
way/1202390289,Unnamed Feature,road,44.9448579,-123.0295787,,,service,44.9416565,-123.030621
way/1202390290,Unnamed Feature,road,44.944833,-123.0295862,,,service,44.9416565,-123.030621
way/1202390291,Unnamed Feature,road,44.9449242,-123.0297408,,,service,44.9416565,-123.030621
way/1202390292,Unnamed Feature,road,44.9448933,-123.029756,,,service,44.9416565,-123.030621
way/1202390293,Unnamed Feature,road,44.9448638,-123.0297708,,,service,44.9416565,-123.030621
way/1202390294,Unnamed Feature,road,44.9449497,-123.0298806,,,service,44.9416565,-123.030621
way/1202390295,Unnamed Feature,road,44.9449197,-123.0298954,,,service,44.9416565,-123.030621
way/1202390296,Unnamed Feature,road,44.9448919,-123.0299093,,,service,44.9416565,-123.030621
way/1202390297,Unnamed Feature,road,44.94597,-123.0317405,,,service,44.9416565,-123.030621
way/1206016208,Unnamed Feature,road,44.9440322,-123.0351324,,,footway,44.9416565,-123.030621
way/1206016209,Unnamed Feature,road,44.9443268,-123.0357503,,,footway,44.9416565,-123.030621
way/1206016212,Unnamed Feature,road,44.9452093,-123.0353444,,,footway,44.9416565,-123.030621
way/1457751109,Unnamed Feature,road,44.9450523,-123.0306205,,,service,44.9416565,-123.030621
way/1471889684,Union Street Northeast,road,44.9431163,-123.0267253,,,primary,44.9416565,-123.030621
way/1471889689,Capitol Street Northeast,road,44.9452476,-123.0251591,,,primary,44.9416565,-123.030621
way/1471890145,Capitol Street Northeast,road,44.9433995,-123.0261109,,,primary,44.9416565,-123.030621
way/1333438620,Unnamed Feature,road,11.4438344,78.1966727,,,unclassified,11.4462338,78.1859576
way/1333667787,Unnamed Feature,road,11.4425577,78.186088,,,residential,11.4462338,78.1859576
way/1333674558,Unnamed Feature,road,11.4172872,78.1776182,,,unclassified,11.4142039,78.17576299999999
way/1333674559,Unnamed Feature,road,11.4146455,78.182768,,,unclassified,11.4142039,78.17576299999999
node/2185116115,Housing Board,bus_stop,11.6869,78.1624677,,,bus_stop,11.6853088,78.1620798
node/9872118649,Housing Board,bus_stop,11.6868834,78.1625588,,,bus_stop,11.6853088,78.1620798
way/208184807,Unnamed Feature,road,11.6869576,78.1654227,,,residential,11.6853088,78.1620798
way/208184821,Unnamed Feature,road,11.6820814,78.1622301,,,residential,11.6853088,78.1620798
way/208184857,Unnamed Feature,road,11.6851532,78.1643003,,,residential,11.6853088,78.1620798
way/208184881,Unnamed Feature,road,11.6826182,78.1623826,,,residential,11.6853088,78.1620798
way/356405156,Unnamed Feature,road,11.688215,78.1653243,,,residential,11.6853088,78.1620798
way/356405169,Unnamed Feature,road,11.68659,78.165346,,,residential,11.6853088,78.1620798
way/356405188,Unnamed Feature,road,11.6882123,78.1653216,,,residential,11.6853088,78.1620798
way/356405198,Unnamed Feature,road,11.6876688,78.1657148,,,residential,11.6853088,78.1620798
way/356405200,Unnamed Feature,road,11.6875373,78.1654315,,,residential,11.6853088,78.1620798
way/356405205,Unnamed Feature,road,11.6858361,78.1647312,,,residential,11.6853088,78.1620798
way/356405209,Unnamed Feature,road,11.6867021,78.1654557,,,residential,11.6853088,78.1620798
way/356405261,Unnamed Feature,road,11.6861375,78.1648478,,,residential,11.6853088,78.1620798
way/356596963,Unnamed Feature,road,11.6889225,78.1649007,,,residential,11.6853088,78.1620798
way/1066306512,Unnamed Feature,road,11.6877226,78.1645996,,,residential,11.6853088,78.1620798
way/1066306513,Unnamed Feature,road,11.6861454,78.1662573,,,residential,11.6853088,78.1620798
way/1066306514,Unnamed Feature,road,11.686337,78.1662548,,,residential,11.6853088,78.1620798
way/1066306515,Unnamed Feature,road,11.6865356,78.1662583,,,residential,11.6853088,78.1620798
way/1066306516,Unnamed Feature,road,11.6862475,78.1653509,,,residential,11.6853088,78.1620798
way/1136595692,Unnamed Feature,road,11.6870208,78.1636961,,,residential,11.6853088,78.1620798
way/1136595693,Unnamed Feature,road,11.6870084,78.1633083,,,residential,11.6853088,78.1620798
way/1146469263,Unnamed Feature,road,11.6856711,78.1630612,,,residential,11.6853088,78.1620798
way/1228478262,Unnamed Feature,office,11.689656,78.1615606,,,,11.6853088,78.1620798
way/208184782,Unnamed Feature,road,11.6877343,78.16762,,,residential,11.6853088,78.1670798
way/208184853,Unnamed Feature,road,11.6890709,78.1659782,,,residential,11.6853088,78.1670798
way/208184862,Unnamed Feature,road,11.6876735,78.1671916,,,residential,11.6853088,78.1670798
way/208186437,Unnamed Feature,road,11.6914854,78.1679987,,,residential,11.6853088,78.1670798
way/356374005,Unnamed Feature,road,11.6886803,78.1676395,,,residential,11.6853088,78.1670798
way/356374015,Unnamed Feature,road,11.6861838,78.167379,,,residential,11.6853088,78.1670798
way/356374057,Unnamed Feature,road,11.6883335,78.1673632,,,residential,11.6853088,78.1670798
way/356374071,Unnamed Feature,road,11.6872176,78.1671123,,,residential,11.6853088,78.1670798
way/356374141,Unnamed Feature,road,11.6889956,78.1673055,,,residential,11.6853088,78.1670798
way/356374147,Unnamed Feature,road,11.6889924,78.1674648,,,residential,11.6853088,78.1670798
way/356405199,Unnamed Feature,road,11.6893369,78.167755,,,residential,11.6853088,78.1670798
way/356405201,Unnamed Feature,road,11.6862391,78.1668822,,,residential,11.6853088,78.1670798
way/356405224,Unnamed Feature,road,11.6898383,78.168512,,,residential,11.6853088,78.1670798
way/356405225,Unnamed Feature,road,11.68992,78.1672104,,,residential,11.6853088,78.1670798
way/356405228,Unnamed Feature,road,11.6885538,78.1658855,,,residential,11.6853088,78.1670798
way/356405231,Unnamed Feature,road,11.6900673,78.168436,,,residential,11.6853088,78.1670798
way/356405232,Unnamed Feature,road,11.690181,78.1670529,,,residential,11.6853088,78.1670798
way/356405234,Unnamed Feature,road,11.6899284,78.1672821,,,residential,11.6853088,78.1670798
way/356405241,Unnamed Feature,road,11.6897668,78.167271,,,residential,11.6853088,78.1670798
way/356405245,Unnamed Feature,road,11.6894848,78.1671729,,,residential,11.6853088,78.1670798
way/356405252,Unnamed Feature,road,11.6897084,78.1691642,,,residential,11.6853088,78.1670798
way/356405268,Unnamed Feature,road,11.6895836,78.1675128,,,residential,11.6853088,78.1670798
way/992415391,Unnamed Feature,road,11.6886477,78.1684544,,,residential,11.6853088,78.1670798
way/1141931748,Unnamed Feature,road,11.6890176,78.1667807,,,residential,11.6853088,78.1670798
way/1198860049,Unnamed Feature,road,11.6892242,78.168362,,,residential,11.6853088,78.1670798
way/207905998,Unnamed Feature,road,11.6751648,78.1209492,,,residential,11.6777737,78.1242606
way/1119578465,Unnamed Feature,road,11.6736899,78.1223767,,,primary_link,11.6777737,78.1242606
node/6934271064,"M.R. Hospital, Namakkal",healthcare,11.4613462,78.1861702,hospital,,,11.4612338,78.1859576
node/10188915792,Rasi Hospital,healthcare,11.4618368,78.1855695,hospital,,,11.4612338,78.1859576
node/11373726269,Unnamed Feature,education,11.4650966,78.1861159,school,,,11.4612338,78.1859576
node/11373726270,Government Hr Sec School,education,11.4654357,78.186985,school,,,11.4612338,78.1859576
way/175237481,Unnamed Feature,road,11.4604955,78.1892953,,,residential,11.4612338,78.1859576
way/175237572,Unnamed Feature,road,11.4608361,78.1903832,,,residential,11.4612338,78.1859576
way/175237591,Unnamed Feature,road,11.4597112,78.1881157,,,residential,11.4612338,78.1859576
way/175237592,Unnamed Feature,road,11.4601095,78.1870162,,,residential,11.4612338,78.1859576
way/175237604,Unnamed Feature,road,11.4615262,78.1910962,,,residential,11.4612338,78.1859576
way/175237636,Unnamed Feature,road,11.4596561,78.1910584,,,residential,11.4612338,78.1859576
way/232497137,Unnamed Feature,road,11.4650627,78.1876135,,,residential,11.4612338,78.1859576
way/965355827,Unnamed Feature,road,11.4630327,78.1899775,,,secondary,11.4612338,78.1859576
way/1130559664,Unnamed Feature,road,11.461443,78.1887832,,,residential,11.4612338,78.1859576
way/1130559665,Unnamed Feature,road,11.4610481,78.1881539,,,residential,11.4612338,78.1859576
way/1222151526,Unnamed Feature,road,11.4648436,78.1851239,,,residential,11.4612338,78.1859576
way/1222151528,Unnamed Feature,road,11.462738,78.1854754,,,residential,11.4612338,78.1859576
way/1222151529,Unnamed Feature,road,11.4626639,78.1859824,,,residential,11.4612338,78.1859576
way/1222151530,Unnamed Feature,road,11.463411,78.18588,,,residential,11.4612338,78.1859576
way/1222151531,Unnamed Feature,road,11.4640988,78.1865227,,,residential,11.4612338,78.1859576
way/1222151532,Unnamed Feature,road,11.4642481,78.1877445,,,residential,11.4612338,78.1859576
way/1222151533,Unnamed Feature,road,11.4640766,78.1871614,,,residential,11.4612338,78.1859576
way/1222151534,Unnamed Feature,road,11.4636404,78.1867111,,,residential,11.4612338,78.1859576
way/1222151535,Unnamed Feature,road,11.4633493,78.1875883,,,residential,11.4612338,78.1859576
way/1222151536,Unnamed Feature,road,11.4634376,78.1866793,,,residential,11.4612338,78.1859576
way/1222151537,Unnamed Feature,road,11.4636433,78.1866711,,,residential,11.4612338,78.1859576
way/1222152129,Unnamed Feature,road,11.4625803,78.1877985,,,residential,11.4612338,78.1859576
way/1222152130,Unnamed Feature,road,11.4616342,78.1877107,,,residential,11.4612338,78.1859576
way/1222152131,Unnamed Feature,road,11.4621994,78.1871788,,,living_street,11.4612338,78.1859576
way/1222152132,Unnamed Feature,road,11.4626076,78.1884373,,,residential,11.4612338,78.1859576
way/1222152133,Unnamed Feature,road,11.4621345,78.1883185,,,residential,11.4612338,78.1859576
way/1222152134,Unnamed Feature,road,11.4634531,78.1892078,,,residential,11.4612338,78.1859576
way/1222152135,Unnamed Feature,road,11.4637372,78.1892174,,,residential,11.4612338,78.1859576
way/1222152136,Unnamed Feature,road,11.4641271,78.1893932,,,residential,11.4612338,78.1859576
way/1222152137,Unnamed Feature,road,11.4637212,78.1896225,,,residential,11.4612338,78.1859576
way/1222152138,Unnamed Feature,road,11.4638106,78.1901908,,,residential,11.4612338,78.1859576
way/1222152139,Unnamed Feature,road,11.4631159,78.1896249,,,residential,11.4612338,78.1859576
way/1222152169,Unnamed Feature,road,11.4622599,78.1895578,,,residential,11.4612338,78.1859576
way/1222152170,Unnamed Feature,road,11.462386,78.1901764,,,residential,11.4612338,78.1859576
way/1222152171,Unnamed Feature,road,11.4611922,78.1888256,,,residential,11.4612338,78.1859576
way/1222152172,Unnamed Feature,road,11.459666,78.1879382,,,residential,11.4612338,78.1859576
way/1222152173,Unnamed Feature,road,11.4608549,78.1858,,,residential,11.4612338,78.1859576
way/1222152175,Unnamed Feature,road,11.4601855,78.1864272,,,residential,11.4612338,78.1859576
way/1222155628,Unnamed Feature,road,11.4584111,78.1864322,,,residential,11.4612338,78.1859576
way/1222155629,Unnamed Feature,road,11.4582876,78.1874787,,,residential,11.4612338,78.1859576
way/1222155630,Unnamed Feature,road,11.4585765,78.1869128,,,residential,11.4612338,78.1859576
way/1222155631,Unnamed Feature,road,11.4577019,78.1869045,,,residential,11.4612338,78.1859576
way/1222155632,Unnamed Feature,road,11.4578864,78.1880886,,,residential,11.4612338,78.1859576
way/1222155633,Unnamed Feature,road,11.4567049,78.188163,,,residential,11.4612338,78.1859576
way/1222155634,Unnamed Feature,road,11.4577277,78.1888113,,,residential,11.4612338,78.1859576
way/1222155635,Unnamed Feature,road,11.4574071,78.1887919,,,residential,11.4612338,78.1859576
way/1222155637,Unnamed Feature,road,11.4576884,78.1888342,,,residential,11.4612338,78.1859576
way/1222156039,Unnamed Feature,road,11.4585818,78.189752,,,residential,11.4612338,78.1859576
way/1222160969,Unnamed Feature,road,11.4604947,78.1902138,,,residential,11.4612338,78.1859576
way/1222160970,Unnamed Feature,road,11.4597281,78.190054,,,residential,11.4612338,78.1859576
way/1222160971,Unnamed Feature,road,11.4599907,78.1902585,,,residential,11.4612338,78.1859576
way/1222164173,Unnamed Feature,road,11.4644703,78.18591,,,residential,11.4612338,78.1859576
way/1222164174,Unnamed Feature,road,11.4654957,78.1852883,,,residential,11.4612338,78.1859576
way/1222164175,Unnamed Feature,road,11.4650862,78.1854971,,,residential,11.4612338,78.1859576
way/1222164176,Unnamed Feature,road,11.4652195,78.1858801,,,residential,11.4612338,78.1859576
way/1222164177,Unnamed Feature,road,11.4648597,78.1872949,,,residential,11.4612338,78.1859576
way/1222164178,Unnamed Feature,road,11.4654963,78.1873932,,,residential,11.4612338,78.1859576
way/1222165371,Unnamed Feature,road,11.4628712,78.1904814,,,residential,11.4612338,78.1859576
way/1226529880,Government Hr Sec School,education,11.4654519,78.1869866,school,,,11.4612338,78.1859576
way/1120037764,Bus Lane,road,11.4573045,78.1906027,,,service,11.4562338,78.1859576
way/1120037766,Bus Lane,road,11.4575516,78.1906561,,,service,11.4562338,78.1859576
way/1222155294,Unnamed Feature,road,11.4552461,78.1895069,,,residential,11.4562338,78.1859576
way/1222155295,Unnamed Feature,road,11.4556913,78.1883642,,,residential,11.4562338,78.1859576
way/1222155296,Unnamed Feature,road,11.4557942,78.1885215,,,residential,11.4562338,78.1859576
way/1222155636,Unnamed Feature,road,11.4570504,78.1887619,,,residential,11.4562338,78.1859576
way/1222155638,Unnamed Feature,road,11.4570638,78.1897053,,,residential,11.4562338,78.1859576
way/1222155639,Unnamed Feature,road,11.4565247,78.1890443,,,residential,11.4562338,78.1859576
way/1222155640,Unnamed Feature,road,11.4565141,78.1885403,,,residential,11.4562338,78.1859576
way/1222156032,Unnamed Feature,road,11.4550647,78.1914997,,,residential,11.4562338,78.1859576
way/1222156038,Unnamed Feature,road,11.4584634,78.19021,,,residential,11.4562338,78.1859576
node/343436821,Sengaliappan Nursing Home,healthcare,11.0165542,76.955239,hospital,,,11.0168,76.9558
node/832763979,Coffe Day,restaurant,11.01713,76.9580749,cafe,,,11.0168,76.9558
node/832770142,Power House,bus_stop,11.0169309,76.9591371,,,bus_stop,11.0168,76.9558
node/832773963,Spencers,grocery_store,11.0170651,76.9579314,,supermarket,,11.0168,76.9558
node/1464278789,Coimbatore Bone and Joint Foundation (P) Ltd.,healthcare,11.0149404,76.9543844,hospital,,,11.0168,76.9558
node/1464278818,Achi mess,restaurant,11.0189624,76.9569345,restaurant,,,11.0168,76.9558
node/1466790634,Giriyaas,grocery_store,11.0168427,76.960139,,supermarket,,11.0168,76.9558
node/1466793475,Karpagam Jewellery,shop_jewelry,11.0167953,76.9593879,,jewelry,,11.0168,76.9558
node/1468093966,Vadakovai,bus_stop,11.0155077,76.9546075,,,bus_stop,11.0168,76.9558
node/1472205751,North Coimbatore Corporation Higher Secondary School,education,11.0154056,76.958268,school,,,11.0168,76.9558
node/1472215560,Kumaran Clinic,healthcare,11.0152582,76.9519379,clinic,,,11.0168,76.9558
node/4315800697,Aravind Eye Hospital (City Centre),healthcare,11.0153158,76.9539881,hospital,,,11.0168,76.9558
node/4379089190,Bosch,shop_electronics,11.0139732,76.954633,,electronics,,11.0168,76.9558
node/4379089793,"Lotus Eye Care Hospital, Coimbatore",healthcare,11.0140006,76.9543624,hospital,,,11.0168,76.9558
node/4379170290,Unnamed Feature,shop_books,11.0136634,76.9545117,,books,,11.0168,76.9558
node/4379179689,Unnamed Feature,shop_furniture,11.0139535,76.9543058,,furniture,,11.0168,76.9558
node/4575378692,Unnamed Feature,shop_confectionery,11.0138739,76.9536,,confectionery,,11.0168,76.9558
node/4575507891,Unnamed Feature,restaurant,11.0138863,76.9537158,restaurant,,,11.0168,76.9558
node/4575565289,IndusInd Bank,bank,11.0138556,76.9534236,bank,,,11.0168,76.9558
node/4815778337,Unnamed Feature,healthcare,11.0151259,76.9516784,clinic,,,11.0168,76.9558
node/4878934411,Unnamed Feature,bank,11.0139032,76.9550029,bank,,,11.0168,76.9558
node/5300436333,North Coimbatore Bus Stop,bus_stop,11.0160188,76.954308,,,bus_stop,11.0168,76.9558
node/5325645821,vadakovai,bus_stop,11.0155588,76.9536315,,,bus_stop,11.0168,76.9558
node/6153156194,North coimbatore,bus_stop,11.0145077,76.9549702,,,bus_stop,11.0168,76.9558
node/6886497224,The Coimbatore Bio Medical Services Blood Bank,other,11.0148584,76.9532673,blood_bank,,,11.0168,76.9558
node/6915464620,Veeku Hospital,healthcare,11.0150799,76.9517022,hospital,,,11.0168,76.9558
node/6936443894,"Sankara Eye Hospital, Coimbatore",healthcare,11.0133673,76.9553728,hospital,,,11.0168,76.9558
node/7844131975,Parvathy Hospitals,healthcare,11.01472,76.952299,hospital,,,11.0168,76.9558
node/7844132010,PGS Hospital,healthcare,11.0153485,76.9524368,hospital,,,11.0168,76.9558
node/9921938862,Power House Bus Stop,bus_stop,11.0196386,76.9593056,,,bus_stop,11.0168,76.9558
node/13638915821,Power House Bus stop,bus_stop,11.017291,76.9581509,,,bus_stop,11.0168,76.9558
node/13638917285,Sivanandha Colony,bus_stop,11.0167128,76.9572417,,,bus_stop,11.0168,76.9558
node/13651447245,Sivanandha Colony,bus_stop,11.0167176,76.9564775,,,bus_stop,11.0168,76.9558
node/13985392201,Skyy and Skyy Agencies,shop_wholesale,11.0173707,76.9574356,,wholesale,,11.0168,76.9558
node/14072235024,P.Govindaraj vascular surgeon,healthcare,11.0154735,76.9543264,doctors,,,11.0168,76.9558
way/22917340,Unnamed Feature,road,11.01738,76.9582081,,,primary,11.0168,76.9558
way/25951184,North Coimbatore Flyover,road,11.0168089,76.957807,,,primary,11.0168,76.9558
way/27041530,Unnamed Feature,road,11.015675,76.959294,,,residential,11.0168,76.9558
way/27041813,Cross Cut Road,road,11.0177657,76.9592758,,,primary,11.0168,76.9558
way/29982722,Unnamed Feature,road,11.016005,76.959868,,,residential,11.0168,76.9558
way/62288367,North Coimbatore Flyover Ramp,road,11.0163117,76.9543331,,,primary_link,11.0168,76.9558
way/62289808,North Coimbatore Flyover Ramp,road,11.016637,76.9550373,,,primary_link,11.0168,76.9558
way/66102325,Power House Road,road,11.0192636,76.9597836,,,primary,11.0168,76.9558
way/66102347,Raju Naidu Road,road,11.0219481,76.9591238,,,secondary,11.0168,76.9558
way/66292228,Power House Road,road,11.0191827,76.9597615,,,primary,11.0168,76.9558
way/128978639,Unnamed Feature,road,11.0173981,76.9573279,,,residential,11.0168,76.9558
way/128978640,Unnamed Feature,road,11.0175081,76.9562582,,,service,11.0168,76.9558
way/128978641,Unnamed Feature,road,11.0179203,76.9556176,,,steps,11.0168,76.9558
way/131294142,4th street,road,11.0215005,76.957366,,,residential,11.0168,76.9558
way/134815520,Power House Road,road,11.0192018,76.9587044,,,primary,11.0168,76.9558
way/134815535,Unnamed Feature,road,11.0173912,76.9573243,,,residential,11.0168,76.9558
way/134815560,Unnamed Feature,road,11.0189422,76.9571275,,,tertiary,11.0168,76.9558
way/134815580,Dr Subbarayan Street,road,11.020593,76.9558836,,,residential,11.0168,76.9558
way/206609429,Unnamed Feature,road,11.0159941,76.9605356,,,residential,11.0168,76.9558
way/263298210,Pykara Office Road,road,11.0200924,76.9568297,,,residential,11.0168,76.9558
way/456019424,Unnamed Feature,road,11.0180919,76.9559517,,,service,11.0168,76.9558
way/456019425,Unnamed Feature,road,11.0179003,76.9555014,,,steps,11.0168,76.9558
way/456019426,Unnamed Feature,road,11.0181132,76.9557078,,,footway,11.0168,76.9558
way/456025481,Unnamed Feature,road,11.023223,76.9550273,,,service,11.0168,76.9558
way/456043919,North Coimbatore Flyover,road,11.0167847,76.9551861,,,primary,11.0168,76.9558
way/456043921,North Coimbatore Flyover,road,11.016812,76.9566453,,,primary,11.0168,76.9558
way/501930654,Unnamed Feature,road,11.0146835,76.9557243,,,residential,11.0168,76.9558
way/581641501,Unnamed Feature,road,11.016287,76.960083,,,residential,11.0168,76.9558
way/581641502,Unnamed Feature,road,11.0165436,76.9602592,,,residential,11.0168,76.9558
way/581641503,Unnamed Feature,road,11.0152302,76.9554845,,,residential,11.0168,76.9558
way/581641504,Unnamed Feature,road,11.0149457,76.955432,,,residential,11.0168,76.9558
way/581641505,Unnamed Feature,road,11.0139365,76.9559209,,,residential,11.0168,76.9558
way/593053229,Raju Naidu Road,road,11.0200346,76.959299,,,secondary,11.0168,76.9558
way/593359212,Unnamed Feature,road,11.0124869,76.9549061,,,trunk,11.0168,76.9558
way/740884933,Seesha Karunya Community Hospital,healthcare,11.0160493,76.9594132,hospital,,,11.0168,76.9558
way/741020155,"Ganga Medical Centre and Hospitals Pvt. Ltd ,Ramnagar",healthcare,11.0158471,76.9595292,hospital,,,11.0168,76.9558
way/741832184,Krishnasamy Road,road,11.0131022,76.9552911,,,secondary,11.0168,76.9558
way/741832185,Unnamed Feature,road,11.0130463,76.9552629,,,secondary,11.0168,76.9558
way/741850401,Unnamed Feature,road,11.019995,76.9581813,,,residential,11.0168,76.9558
way/744228766,Unnamed Feature,road,11.0180135,76.9545232,,,service,11.0168,76.9558
way/761625350,Unnamed Feature,road,11.0138147,76.9548878,,,residential,11.0168,76.9558
way/761625351,Unnamed Feature,road,11.0152652,76.9550038,,,service,11.0168,76.9558
way/761671785,Cross Cut Road,road,11.0170449,76.9643429,,,primary,11.0168,76.9558
way/789985243,Rajammal Layout( Patel Road),road,11.0144126,76.958556,,,residential,11.0168,76.9558
way/789985244,Unnamed Feature,road,11.0144617,76.9591546,,,residential,11.0168,76.9558
way/913428462,Easwaran Chettiyar Road,road,11.0159551,76.9568344,,,residential,11.0168,76.9558
way/923529431,Unnamed Feature,office,11.0194836,76.9574757,,,,11.0168,76.9558
way/923529432,Unnamed Feature,office,11.019571,76.9573085,,,,11.0168,76.9558
way/923529433,Unnamed Feature,office,11.019568,76.9576554,,,,11.0168,76.9558
way/923529435,Unnamed Feature,road,11.019626,76.957565,,,service,11.0168,76.9558
way/923529438,Unnamed Feature,office,11.01983,76.958111,,,,11.0168,76.9558
way/923529439,Unnamed Feature,office,11.0193287,76.9582049,,,,11.0168,76.9558
way/923529440,Unnamed Feature,office,11.0194914,76.9582414,,,,11.0168,76.9558
way/923529441,Unnamed Feature,office,11.019593,76.9583268,,,,11.0168,76.9558
way/923529443,Defence Motors,shop_car_repair,11.0207269,76.956977,,car_repair,,11.0168,76.9558
way/993559458,Unnamed Feature,road,11.0172829,76.9591885,,,service,11.0168,76.9558
way/993559459,Unnamed Feature,road,11.0161806,76.9579922,,,residential,11.0168,76.9558
way/993577217,Unnamed Feature,road,11.0150161,76.9591462,,,residential,11.0168,76.9558
way/1067499984,Unnamed Feature,road,11.0167816,76.9573506,,,tertiary,11.0168,76.9558
way/1067499985,Patel Road,road,11.01687,76.9575704,,,tertiary,11.0168,76.9558
way/1070634714,Unnamed Feature,road,11.0185874,76.9557506,,,service,11.0168,76.9558
way/1082630680,Power House Road,road,11.0195459,76.9592504,,,primary,11.0168,76.9558
way/1083692280,Unnamed Feature,road,11.0168007,76.9565015,,,tertiary,11.0168,76.9558
way/1088426464,Unnamed Feature,road,11.0160395,76.9530773,,,service,11.0168,76.9558
way/1088426465,Unnamed Feature,road,11.0156114,76.9531423,,,service,11.0168,76.9558
way/1088426466,Unnamed Feature,road,11.0154591,76.9507501,,,service,11.0168,76.9558
way/1100816167,Unnamed Feature,road,11.0169395,76.9536159,,,footway,11.0168,76.9558
way/1114889258,Unnamed Feature,road,11.0176445,76.9548703,,,residential,11.0168,76.9558
way/1114889259,Unnamed Feature,road,11.0170282,76.9552959,,,residential,11.0168,76.9558
way/1188791622,Unnamed Feature,road,11.0157949,76.9548501,,,residential,11.0168,76.9558
way/1188791623,Unnamed Feature,road,11.015766,76.9555754,,,residential,11.0168,76.9558
way/1216211477,Unnamed Feature,road,11.0140636,76.956998,,,residential,11.0168,76.9558
way/1240248192,Krishna Nursing Home,healthcare,11.0153062,76.9595053,hospital,,,11.0168,76.9558
way/1240248298,White Data Systems Pvt Ltd,office,11.0164484,76.9600073,,,,11.0168,76.9558
way/1240372428,Unnamed Feature,road,11.0180895,76.9586248,,,service,11.0168,76.9558
way/1290149172,Unnamed Feature,road,11.0168537,76.9567248,,,tertiary,11.0168,76.9558
way/1290149173,Unnamed Feature,road,11.0167459,76.9563016,,,residential,11.0168,76.9558
way/1290149174,North Coimbatore Flyover,road,11.0168143,76.9581773,,,primary,11.0168,76.9558
way/1290154738,Unnamed Feature,road,11.0192627,76.9586203,,,primary,11.0168,76.9558
way/1290154739,Power House Road,road,11.0187652,76.9580945,,,primary,11.0168,76.9558
way/1290154740,Unnamed Feature,road,11.0189392,76.9580577,,,primary,11.0168,76.9558
way/1290154741,Unnamed Feature,road,11.0189094,76.9571275,,,tertiary,11.0168,76.9558
way/1290154742,Unnamed Feature,road,11.0189327,76.9561276,,,service,11.0168,76.9558
way/1290154743,Unnamed Feature,road,11.0189061,76.9568642,,,residential,11.0168,76.9558
way/1290154744,Unnamed Feature,road,11.0189284,76.9576408,,,tertiary_link,11.0168,76.9558
way/1290154745,Unnamed Feature,road,11.0182803,76.9581135,,,primary,11.0168,76.9558
way/1290154746,Unnamed Feature,road,11.0187649,76.9580548,,,primary,11.0168,76.9558
way/1294650224,Mettupalayam Road,road,11.013076,76.9548636,,,trunk,11.0168,76.9558
way/1294650225,Mettupalayam Road,road,11.0114319,76.9550935,,,trunk,11.0168,76.9558
way/1294650226,Unnamed Feature,road,11.0132389,76.9550182,,,trunk,11.0168,76.9558
way/1317835069,North Coimbatore Flyover Ramp,road,11.0161195,76.9543522,,,primary_link,11.0168,76.9558
way/1337852599,Unnamed Feature,road,11.0190771,76.9590644,,,residential,11.0168,76.9558
way/1337852600,Unnamed Feature,road,11.0186652,76.9591775,,,residential,11.0168,76.9558
way/1337852601,Unnamed Feature,road,11.0188384,76.9594316,,,residential,11.0168,76.9558
way/1337852602,Unnamed Feature,road,11.0174425,76.9589931,,,residential,11.0168,76.9558
way/1337852603,Unnamed Feature,road,11.0173147,76.9596076,,,residential,11.0168,76.9558
way/1337852604,Unnamed Feature,road,11.0174018,76.9595637,,,residential,11.0168,76.9558
way/1337852617,Unnamed Feature,road,11.016363,76.9586471,,,residential,11.0168,76.9558
way/1337852618,Unnamed Feature,road,11.0164472,76.9591237,,,residential,11.0168,76.9558
way/1337852619,Unnamed Feature,road,11.0150797,76.957466,,,residential,11.0168,76.9558
way/1337852620,Unnamed Feature,road,11.0145602,76.9577696,,,residential,11.0168,76.9558
way/1338144778,Unnamed Feature,road,11.0163837,76.9550421,,,residential,11.0168,76.9558
way/1338144779,Unnamed Feature,road,11.0164994,76.9555261,,,residential,11.0168,76.9558
way/1489345090,Dr Rajendra Prasad Road,road,11.0188477,76.9568579,,,residential,11.0168,76.9558
way/208361895,Unnamed Feature,road,11.6752589,78.1144975,,,residential,11.6752737,78.1167606
way/481329175,Unnamed Feature,road,11.6744702,78.1135124,,,residential,11.6752737,78.1167606
way/481329180,Unnamed Feature,road,11.6741835,78.1132613,,,residential,11.6752737,78.1167606
way/481329198,Unnamed Feature,road,11.6746923,78.1135275,,,residential,11.6752737,78.1167606
way/481329220,Unnamed Feature,road,11.6760244,78.119314,,,residential,11.6752737,78.1167606
way/481329235,Unnamed Feature,road,11.6750137,78.1135617,,,residential,11.6752737,78.1167606
way/481329238,Unnamed Feature,road,11.6749417,78.1144913,,,residential,11.6752737,78.1167606
way/481329241,Unnamed Feature,road,11.6752527,78.1154325,,,residential,11.6752737,78.1167606
way/481329242,Unnamed Feature,road,11.6751857,78.1176045,,,residential,11.6752737,78.1167606
way/481329244,Unnamed Feature,road,11.6742783,78.1133589,,,residential,11.6752737,78.1167606
way/481329246,Unnamed Feature,road,11.6751487,78.1175223,,,residential,11.6752737,78.1167606
way/481329259,Unnamed Feature,road,11.6746467,78.1140658,,,residential,11.6752737,78.1167606
way/481329261,Unnamed Feature,road,11.6757428,78.1182106,,,residential,11.6752737,78.1167606
way/481329271,Unnamed Feature,road,11.6770927,78.1128328,,,residential,11.6752737,78.1167606
way/481329273,Unnamed Feature,road,11.6757099,78.1125382,,,residential,11.6752737,78.1167606
way/481329287,Unnamed Feature,road,11.6754387,78.1138582,,,residential,11.6752737,78.1167606
way/481329301,Unnamed Feature,road,11.6752111,78.1136593,,,residential,11.6752737,78.1167606
way/481329305,Unnamed Feature,road,11.6754921,78.1145332,,,residential,11.6752737,78.1167606
way/481329306,Unnamed Feature,road,11.6754173,78.1174628,,,residential,11.6752737,78.1167606
way/481329326,Unnamed Feature,road,11.6744302,78.1129111,,,residential,11.6752737,78.1167606
way/481329327,Unnamed Feature,road,11.6750191,78.1123961,,,residential,11.6752737,78.1167606
way/481329349,Unnamed Feature,road,11.6736255,78.1207337,,,residential,11.6752737,78.1167606
way/481329353,Unnamed Feature,road,11.6749204,78.1155639,,,residential,11.6752737,78.1167606
node/9546540528,Dailee Juice Company,office,11.4135191,78.1608614,,,,11.4142039,78.160763
way/232496609,Unnamed Feature,road,11.4127443,78.1599486,,,residential,11.4142039,78.160763
way/232496611,Unnamed Feature,road,11.4227261,78.1450689,,,tertiary,11.4142039,78.160763
way/1298521991,Unnamed Feature,road,11.4158171,78.1568866,,,tertiary,11.4142039,78.160763
node/2112634350,Gallagher Fitness Resources,shop_sports,44.9408913,-123.0404668,,sports,,44.936656500000005,-123.04062099999999
node/2113494983,Bike Peddler,shop_bicycle,44.9411195,-123.0398686,,bicycle,,44.936656500000005,-123.04062099999999
node/2113495073,Javis Fades,shop_hairdresser,44.9404737,-123.0400792,,hairdresser,,44.936656500000005,-123.04062099999999
node/2113495187,Amalia Boutique,shop_boutique,44.9404445,-123.039995,,boutique,,44.936656500000005,-123.04062099999999
node/2492904039,Wild Pear,restaurant,44.9399422,-123.0394006,restaurant,,,44.936656500000005,-123.04062099999999
node/4625301500,Cascadia Pizza Company,restaurant,44.9358614,-123.0406571,restaurant,,,44.936656500000005,-123.04062099999999
node/4691650496,Commercial @ Mission,bus_stop,44.9336385,-123.0439856,,,bus_stop,44.936656500000005,-123.04062099999999
node/4691650497,Commercial @ Trade,bus_stop,44.9386557,-123.041497,,,bus_stop,44.936656500000005,-123.04062099999999
node/4691698638,Marco Polo,restaurant,44.9373728,-123.0397693,restaurant,,,44.936656500000005,-123.04062099999999
node/7848115673,All City Sweets,shop_bakery,44.9403889,-123.039765,,bakery,,44.936656500000005,-123.04062099999999
node/8886552882,Ac+Co Architecture Community,office,44.9403197,-123.0395115,,,,44.936656500000005,-123.04062099999999
node/8886552884,Josh Kay & Lillian Kay Real Estate,office,44.9402956,-123.0394226,,,,44.936656500000005,-123.04062099999999
node/8886552885,OK Barber Shop,shop_hairdresser,44.940376,-123.0397243,,hairdresser,,44.936656500000005,-123.04062099999999
node/8886552889,Gorham Krasnik & Brownlee Attorneys at Law,office,44.9403649,-123.0396975,,,,44.936656500000005,-123.04062099999999
node/8886552891,The Arbor,shop_interior_decoration,44.9402767,-123.039334,,interior_decoration,,44.936656500000005,-123.04062099999999
node/8886552893,Uptown Insurance,office,44.9403475,-123.0396547,,,,44.936656500000005,-123.04062099999999
node/9344915278,Barber's Underground,shop_hairdresser,44.9371551,-123.0391766,,hairdresser,,44.936656500000005,-123.04062099999999
node/9894412875,Sweetsmith,shop_bakery,44.9405531,-123.0394099,,bakery,,44.936656500000005,-123.04062099999999
node/10178963339,Pentacle Theatre,shop_ticket,44.9392069,-123.0394843,,ticket,,44.936656500000005,-123.04062099999999
node/10251727030,Gentlemen's Choice,shop_hairdresser,44.9368828,-123.0389119,,hairdresser,,44.936656500000005,-123.04062099999999
node/10251727031,Illy's Closet,shop_clothes,44.9367745,-123.0389649,,clothes,,44.936656500000005,-123.04062099999999
node/10251727032,World Of Wigs,shop_fashion_accessories,44.9369784,-123.0388584,,fashion_accessories,,44.936656500000005,-123.04062099999999
node/10251727033,Pringle Park Plaza,shop_mall,44.9367943,-123.0392803,,mall,,44.936656500000005,-123.04062099999999
node/10251727035,Lush Lash Bar,shop_beauty,44.9373092,-123.0396682,,beauty,,44.936656500000005,-123.04062099999999
node/10251727036,Integrative Counseling Institute,office,44.9369834,-123.0389476,,,,44.936656500000005,-123.04062099999999
node/10251727038,Little Cannoli Bakery,shop_bakery,44.9371936,-123.0392535,,bakery,,44.936656500000005,-123.04062099999999
node/10251727039,Gamberreti's,restaurant,44.9397701,-123.0409624,restaurant,,,44.936656500000005,-123.04062099999999
node/10251727042,Salem Multicultural Institute,office,44.9372187,-123.0398926,,,,44.936656500000005,-123.04062099999999
node/10251727043,Drum Bug Music,shop_music,44.9370926,-123.0388467,,music,,44.936656500000005,-123.04062099999999
node/10251727044,PPP Hair Design,shop_hairdresser,44.9371169,-123.039804,,hairdresser,,44.936656500000005,-123.04062099999999
node/10281361732,Pink Eden Salon,shop_hairdresser,44.9333383,-123.0425095,,hairdresser,,44.936656500000005,-123.04062099999999
node/11335411404,Liquor Depot Downtown,shop_alcohol,44.9388883,-123.0414939,,alcohol,,44.936656500000005,-123.04062099999999
node/11335411411,Unnamed Feature,bank,44.9392181,-123.0413506,bank,,,44.936656500000005,-123.04062099999999
node/11340445020,Unnamed Feature,shop_tattoo,44.9405235,-123.0401739,,tattoo,,44.936656500000005,-123.04062099999999
node/11340445542,My Living Canvas,shop_tattoo,44.9371621,-123.0399202,,tattoo,,44.936656500000005,-123.04062099999999
node/11352825180,Commercial @ Bellevue,bus_stop,44.9366223,-123.0424897,,,bus_stop,44.936656500000005,-123.04062099999999
node/11360610995,Liberty @ Mill,bus_stop,44.9363406,-123.0405491,,,bus_stop,44.936656500000005,-123.04062099999999
node/11483942717,Friends of the Salem Public Library,shop_books,44.9350231,-123.0422638,,books,,44.936656500000005,-123.04062099999999
node/11907837459,AIYANA Aesthetics,healthcare,44.9405742,-123.0398052,clinic,,,44.936656500000005,-123.04062099999999
node/11907946850,Masonry Grill,restaurant,44.9406446,-123.0400682,restaurant,,,44.936656500000005,-123.04062099999999
node/12620757184,Reynolds Defense Firm,office,44.9390486,-123.0407509,,,,44.936656500000005,-123.04062099999999
node/13228773077,Chira's Restaurant,restaurant,44.9371575,-123.0390268,restaurant,,,44.936656500000005,-123.04062099999999
way/5501759,Oak Street Southeast,road,44.9355362,-123.0435046,,,residential,44.936656500000005,-123.04062099999999
way/5501760,Oak Street Southeast,road,44.934788,-123.0405616,,,residential,44.936656500000005,-123.04062099999999
way/5502940,Leslie Street Southeast,road,44.9345017,-123.0439415,,,residential,44.936656500000005,-123.04062099999999
way/5504526,Mission Street South,road,44.9332019,-123.0440557,,,residential,44.936656500000005,-123.04062099999999
way/5506188,Mill Street Southeast,road,44.9370174,-123.0402443,,,residential,44.936656500000005,-123.04062099999999
way/5509707,Church Street Southeast,road,44.9348504,-123.0377424,,,tertiary,44.936656500000005,-123.04062099999999
way/5512231,Bellevue Street Southeast,road,44.9366014,-123.043047,,,residential,44.936656500000005,-123.04062099999999
way/5512836,Trade Street Southeast,road,44.9387432,-123.0418277,,,trunk,44.936656500000005,-123.04062099999999
way/30264014,Unnamed Feature,road,44.9402448,-123.0430625,,,service,44.936656500000005,-123.04062099999999
way/30264027,Unnamed Feature,road,44.9403153,-123.0438543,,,footway,44.936656500000005,-123.04062099999999
way/30264030,Unnamed Feature,road,44.9394715,-123.0444775,,,cycleway,44.936656500000005,-123.04062099999999
way/30264034,Unnamed Feature,road,44.9401512,-123.0439105,,,footway,44.936656500000005,-123.04062099999999
way/30264036,Unnamed Feature,road,44.9399411,-123.0439511,,,footway,44.936656500000005,-123.04062099999999
way/30264037,Unnamed Feature,road,44.9396583,-123.0444998,,,footway,44.936656500000005,-123.04062099999999
way/30300723,Mission Street Southeast,road,44.9331447,-123.0427207,,,secondary,44.936656500000005,-123.04062099999999
way/30360907,State Street,road,44.9407161,-123.0418708,,,tertiary,44.936656500000005,-123.04062099999999
way/30455081,Commercial Street Southeast,road,44.9381764,-123.0415914,,,primary,44.936656500000005,-123.04062099999999
way/30455103,Front Street Southeast,road,44.9402652,-123.042417,,,trunk,44.936656500000005,-123.04062099999999
way/30455112,Liberty Street Southeast,road,44.9320826,-123.0422016,,,primary,44.936656500000005,-123.04062099999999
way/30633751,Trade Street Southeast,road,44.9381681,-123.0406804,,,service,44.936656500000005,-123.04062099999999
way/30633977,Unnamed Feature,road,44.9408959,-123.0426389,,,service,44.936656500000005,-123.04062099999999
way/30810585,Hops Alley,road,44.9396826,-123.0399349,,,service,44.936656500000005,-123.04062099999999
way/31068668,Front Street Northeast,road,44.9412854,-123.0421075,,,trunk,44.936656500000005,-123.04062099999999
way/31068680,Unnamed Feature,road,44.9403082,-123.0433114,,,footway,44.936656500000005,-123.04062099999999
way/31068681,Unnamed Feature,road,44.9401642,-123.0434111,,,footway,44.936656500000005,-123.04062099999999
way/31068682,Unnamed Feature,road,44.9403906,-123.0433555,,,footway,44.936656500000005,-123.04062099999999
way/32333643,Unnamed Feature,road,44.940094,-123.0415465,,,service,44.936656500000005,-123.04062099999999
way/34360347,Unnamed Feature,road,44.9403847,-123.0439685,,,footway,44.936656500000005,-123.04062099999999
way/34360348,Unnamed Feature,road,44.9407681,-123.0436835,,,footway,44.936656500000005,-123.04062099999999
way/34360351,Ferry Street Southeast,road,44.9402137,-123.0421134,,,trunk,44.936656500000005,-123.04062099999999
way/37824948,Unnamed Feature,road,44.9364286,-123.0415683,,,construction,44.936656500000005,-123.04062099999999
way/112758150,Unnamed Feature,road,44.9281938,-123.0434678,,,service,44.936656500000005,-123.04062099999999
way/162917379,Church Street Southeast,road,44.9345382,-123.0379324,,,tertiary,44.936656500000005,-123.04062099999999
way/162917382,Church Street Southeast,road,44.9332602,-123.038582,,,tertiary,44.936656500000005,-123.04062099999999
way/162917404,Leslie Street Southeast,road,44.9341834,-123.0426875,,,unclassified,44.936656500000005,-123.04062099999999
way/162917405,Leslie Street Southeast,road,44.9335586,-123.040249,,,residential,44.936656500000005,-123.04062099999999
way/162917419,State Street,road,44.9402277,-123.0399247,,,secondary,44.936656500000005,-123.04062099999999
way/162922279,Commercial Street Southeast,road,44.9389374,-123.0412215,,,primary,44.936656500000005,-123.04062099999999
way/162922285,Front Street Northeast,road,44.9413424,-123.041824,,,trunk,44.936656500000005,-123.04062099999999
way/167405412,Commercial Street Southeast,road,44.9370419,-123.0420309,,,footway,44.936656500000005,-123.04062099999999
way/167405413,Commercial Street Southeast,road,44.9348367,-123.0432119,,,primary,44.936656500000005,-123.04062099999999
way/167405414,Commercial Street Southeast,road,44.9377784,-123.0417824,,,primary,44.936656500000005,-123.04062099999999
way/167405415,Commercial Street Southeast,road,44.9366155,-123.0422875,,,footway,44.936656500000005,-123.04062099999999
way/167405416,Commercial Street Southeast,road,44.9377418,-123.0416514,,,footway,44.936656500000005,-123.04062099999999
way/167405417,Commercial Street Southeast,road,44.9381267,-123.0414446,,,footway,44.936656500000005,-123.04062099999999
way/167405420,High Street Southeast,road,44.9357261,-123.0391595,,,tertiary,44.936656500000005,-123.04062099999999
way/167405421,High Street Southeast,road,44.9345432,-123.0397473,,,tertiary,44.936656500000005,-123.04062099999999
way/167405423,Liberty Street Southeast,road,44.9374744,-123.0399388,,,footway,44.936656500000005,-123.04062099999999
way/167405425,Liberty Street Southeast,road,44.9361986,-123.0406142,,,footway,44.936656500000005,-123.04062099999999
way/167405426,Liberty Street Southeast,road,44.9370096,-123.0401763,,,footway,44.936656500000005,-123.04062099999999
way/167405427,Liberty Street Southeast,road,44.9375751,-123.0400651,,,primary,44.936656500000005,-123.04062099999999
way/167405428,Liberty Street Southeast,road,44.9362417,-123.0408839,,,footway,44.936656500000005,-123.04062099999999
way/167405429,Liberty Street Southeast,road,44.9366152,-123.0403737,,,footway,44.936656500000005,-123.04062099999999
way/167405430,Liberty Street Southeast,road,44.936754,-123.0404762,,,primary,44.936656500000005,-123.04062099999999
way/167405445,Trade Street Southeast,road,44.9379072,-123.039895,,,footway,44.936656500000005,-123.04062099999999
way/167405446,Trade Street Southeast,road,44.9381116,-123.0407039,,,footway,44.936656500000005,-123.04062099999999
way/167405457,Unnamed Feature,road,44.9371023,-123.0413221,,,cycleway,44.936656500000005,-123.04062099999999
way/167405463,Unnamed Feature,road,44.9366827,-123.0414224,,,footway,44.936656500000005,-123.04062099999999
way/167405465,Unnamed Feature,road,44.9353874,-123.0412361,,,service,44.936656500000005,-123.04062099999999
way/167405466,Unnamed Feature,road,44.9346746,-123.0421527,,,service,44.936656500000005,-123.04062099999999
way/167405467,Unnamed Feature,road,44.9356759,-123.042034,,,pedestrian,44.936656500000005,-123.04062099999999
way/167405468,Unnamed Feature,road,44.9372554,-123.0410981,,,footway,44.936656500000005,-123.04062099999999
way/167405469,Unnamed Feature,road,44.936247,-123.0387485,,,footway,44.936656500000005,-123.04062099999999
way/167405470,Unnamed Feature,road,44.9345718,-123.0428177,,,footway,44.936656500000005,-123.04062099999999
way/167405472,Unnamed Feature,road,44.9356832,-123.0426006,,,footway,44.936656500000005,-123.04062099999999
way/167405474,Unnamed Feature,road,44.9365622,-123.0413669,,,steps,44.936656500000005,-123.04062099999999
way/167405478,Unnamed Feature,road,44.9365929,-123.0413517,,,footway,44.936656500000005,-123.04062099999999
way/167405480,Unnamed Feature,road,44.9366741,-123.038899,,,footway,44.936656500000005,-123.04062099999999
way/167405482,Unnamed Feature,road,44.9365552,-123.0416109,,,footway,44.936656500000005,-123.04062099999999
way/167405483,Unnamed Feature,road,44.9345787,-123.0418063,,,service,44.936656500000005,-123.04062099999999
way/167405484,Pringle Creek Path,road,44.9366446,-123.0405351,,,cycleway,44.936656500000005,-123.04062099999999
way/167405485,Unnamed Feature,road,44.936878,-123.0419746,,,steps,44.936656500000005,-123.04062099999999
way/167405487,Unnamed Feature,road,44.936551,-123.0387621,,,footway,44.936656500000005,-123.04062099999999
way/167405488,Unnamed Feature,road,44.9366482,-123.0415651,,,footway,44.936656500000005,-123.04062099999999
way/167405492,Unnamed Feature,road,44.9365039,-123.0413958,,,footway,44.936656500000005,-123.04062099999999
way/167405493,Unnamed Feature,road,44.9339873,-123.0375208,,,cycleway,44.936656500000005,-123.04062099999999
way/167405498,Unnamed Feature,road,44.9368724,-123.0388076,,,footway,44.936656500000005,-123.04062099999999
way/167405499,Unnamed Feature,road,44.937606,-123.0397386,,,path,44.936656500000005,-123.04062099999999
way/167405505,Unnamed Feature,road,44.9358155,-123.0424668,,,footway,44.936656500000005,-123.04062099999999
way/167405509,Unnamed Feature,road,44.9356917,-123.0414176,,,footway,44.936656500000005,-123.04062099999999
way/167405511,Unnamed Feature,road,44.936615,-123.0415807,,,steps,44.936656500000005,-123.04062099999999
way/167405517,Pringle Creek Path,road,44.9355563,-123.0383209,,,cycleway,44.936656500000005,-123.04062099999999
way/167405523,Unnamed Feature,road,44.9351434,-123.0376031,,,footway,44.936656500000005,-123.04062099999999
way/167405524,Unnamed Feature,road,44.9367101,-123.0414251,,,footway,44.936656500000005,-123.04062099999999
way/167405527,Unnamed Feature,road,44.933955,-123.0376194,,,cycleway,44.936656500000005,-123.04062099999999
way/167405530,Unnamed Feature,road,44.9348088,-123.042631,,,footway,44.936656500000005,-123.04062099999999
way/167405533,Unnamed Feature,road,44.9365948,-123.0403003,,,steps,44.936656500000005,-123.04062099999999
way/167405534,Unnamed Feature,road,44.9337195,-123.0429233,,,service,44.936656500000005,-123.04062099999999
way/167405535,Unnamed Feature,road,44.9328886,-123.0396669,,,service,44.936656500000005,-123.04062099999999
way/167405536,Unnamed Feature,road,44.9369329,-123.0420183,,,footway,44.936656500000005,-123.04062099999999
way/167405537,Unnamed Feature,road,44.9361293,-123.04081,,,footway,44.936656500000005,-123.04062099999999
way/167405538,Unnamed Feature,road,44.9368049,-123.0413849,,,steps,44.936656500000005,-123.04062099999999
way/167405540,Unnamed Feature,road,44.9368504,-123.0413561,,,footway,44.936656500000005,-123.04062099999999
way/167405542,Unnamed Feature,road,44.9334787,-123.0431559,,,service,44.936656500000005,-123.04062099999999
way/167405546,Unnamed Feature,road,44.9366762,-123.0419376,,,footway,44.936656500000005,-123.04062099999999
way/167405547,Unnamed Feature,road,44.9364556,-123.0410705,,,footway,44.936656500000005,-123.04062099999999
way/167405548,Unnamed Feature,road,44.9337473,-123.0363689,,,service,44.936656500000005,-123.04062099999999
way/167405550,Unnamed Feature,road,44.9367983,-123.0413746,,,steps,44.936656500000005,-123.04062099999999
way/167405551,Pringle Creek Path,road,44.9365649,-123.0403039,,,cycleway,44.936656500000005,-123.04062099999999
way/167405552,Unnamed Feature,road,44.9369931,-123.0410141,,,footway,44.936656500000005,-123.04062099999999
way/167405555,Unnamed Feature,road,44.9380445,-123.0414618,,,footway,44.936656500000005,-123.04062099999999
way/167405558,Pringle Creek Path,road,44.9367386,-123.0408481,,,cycleway,44.936656500000005,-123.04062099999999
way/167405559,Unnamed Feature,road,44.9365685,-123.0407352,,,footway,44.936656500000005,-123.04062099999999
way/167405561,Unnamed Feature,road,44.9340101,-123.0373778,,,cycleway,44.936656500000005,-123.04062099999999
way/167405563,Unnamed Feature,road,44.9350005,-123.0375492,,,footway,44.936656500000005,-123.04062099999999
way/167405565,Unnamed Feature,road,44.9338593,-123.0378474,,,service,44.936656500000005,-123.04062099999999
way/167405567,Unnamed Feature,road,44.9339407,-123.0377696,,,service,44.936656500000005,-123.04062099999999
way/167405571,Unnamed Feature,road,44.9364968,-123.0415248,,,footway,44.936656500000005,-123.04062099999999
way/168058151,Mill Street Southeast,road,44.9367522,-123.0392079,,,residential,44.936656500000005,-123.04062099999999
way/168371517,Unnamed Feature,road,44.9361277,-123.0435389,,,service,44.936656500000005,-123.04062099999999
way/169308083,Unnamed Feature,road,44.9397407,-123.0442171,,,footway,44.936656500000005,-123.04062099999999
way/169516395,Commercial Street Southeast,road,44.9398884,-123.0407448,,,primary,44.936656500000005,-123.04062099999999
way/169516415,Unnamed Feature,road,44.9408899,-123.042418,,,footway,44.936656500000005,-123.04062099999999
way/169516420,Unnamed Feature,road,44.941803,-123.0423904,,,footway,44.936656500000005,-123.04062099999999
way/169516423,Unnamed Feature,road,44.9404579,-123.0434499,,,footway,44.936656500000005,-123.04062099999999
way/182802996,High Street Southeast,road,44.935972,-123.0390357,,,tertiary,44.936656500000005,-123.04062099999999
way/183376510,Mission Street South,road,44.9332793,-123.0447226,,,residential,44.936656500000005,-123.04062099999999
way/183376512,Mission Street South,road,44.9332584,-123.0440522,,,residential,44.936656500000005,-123.04062099999999
way/183811406,Church Street Southeast,road,44.9348613,-123.0378006,,,tertiary,44.936656500000005,-123.04062099999999
way/197951262,Commercial Street Northeast,road,44.9409396,-123.0402184,,,primary,44.936656500000005,-123.04062099999999
way/201304696,Pioneer Trust Bank,bank,44.9406966,-123.0407479,bank,,,44.936656500000005,-123.04062099999999
way/201314991,Manna Bakery,shop_bakery,44.9407794,-123.0410811,,bakery,,44.936656500000005,-123.04062099999999
way/201314993,Earle Antiques,shop_antiques,44.9408771,-123.0406495,,antiques,,44.936656500000005,-123.04062099999999
way/201318654,Scott's Cycle,shop_bicycle,44.9400666,-123.0411939,,bicycle,,44.936656500000005,-123.04062099999999
way/201329303,U.S. Bank,bank,44.940017,-123.040137,bank,,,44.936656500000005,-123.04062099999999
way/201329918,Sid's Home Furnishings,shop_furniture,44.9410925,-123.0394082,,furniture,,44.936656500000005,-123.04062099999999
way/201380971,The Freckled Bee,shop_clothes,44.9405235,-123.0399827,,clothes,,44.936656500000005,-123.04062099999999
way/201380973,Unnamed Feature,road,44.9409577,-123.0397527,,,service,44.936656500000005,-123.04062099999999
way/201380974,Unnamed Feature,road,44.9407918,-123.0398686,,,service,44.936656500000005,-123.04062099999999
way/241583078,Unnamed Feature,road,44.94077,-123.0404007,,,service,44.936656500000005,-123.04062099999999
way/241583079,Unnamed Feature,road,44.9410348,-123.0405566,,,service,44.936656500000005,-123.04062099999999
way/241583080,Unnamed Feature,road,44.940808,-123.0406723,,,service,44.936656500000005,-123.04062099999999
way/241584275,Unnamed Feature,road,44.9400591,-123.0418557,,,service,44.936656500000005,-123.04062099999999
way/241701020,Unnamed Feature,road,44.9398086,-123.0403283,,,service,44.936656500000005,-123.04062099999999
way/241704179,Durbin's Alley,road,44.9407361,-123.0394073,,,service,44.936656500000005,-123.04062099999999
way/241704182,Unnamed Feature,road,44.9396234,-123.0397152,,,footway,44.936656500000005,-123.04062099999999
way/241732519,Unnamed Feature,road,44.9392793,-123.0415342,,,service,44.936656500000005,-123.04062099999999
way/241732520,Unnamed Feature,road,44.939169,-123.0414971,,,service,44.936656500000005,-123.04062099999999
way/324547298,Unnamed Feature,road,44.9384253,-123.0415682,,,primary_link,44.936656500000005,-123.04062099999999
way/324547299,Unnamed Feature,road,44.9373093,-123.0437696,,,service,44.936656500000005,-123.04062099999999
way/415306235,Peter Courtney Minto Island Bridge,road,44.9386301,-123.0449586,,,cycleway,44.936656500000005,-123.04062099999999
way/476724560,Ferry Street Southeast,road,44.939528,-123.041442,,,trunk,44.936656500000005,-123.04062099999999
way/476724561,Front Street Southeast,road,44.939329,-123.0421888,,,trunk,44.936656500000005,-123.04062099999999
way/478493273,Unnamed Feature,road,44.9327689,-123.0368004,,,service,44.936656500000005,-123.04062099999999
way/497996429,Unnamed Feature,road,44.9344771,-123.0510903,,,cycleway,44.936656500000005,-123.04062099999999
way/525768458,Mill Street Southeast,road,44.9366498,-123.0388181,,,residential,44.936656500000005,-123.04062099999999
way/525768460,Mill Street Southeast,road,44.9369181,-123.0398527,,,residential,44.936656500000005,-123.04062099999999
way/543813322,Unnamed Feature,road,44.9350371,-123.0404253,,,service,44.936656500000005,-123.04062099999999
way/550174907,Liberty Street Southeast,road,44.9351829,-123.0412643,,,primary,44.936656500000005,-123.04062099999999
way/634779436,State Street,road,44.9408036,-123.0422203,,,tertiary,44.936656500000005,-123.04062099999999
way/634779437,State Street,road,44.9405736,-123.0413037,,,tertiary,44.936656500000005,-123.04062099999999
way/634779438,State Street,road,44.9404317,-123.0407386,,,tertiary,44.936656500000005,-123.04062099999999
way/698734253,Unnamed Feature,road,44.9387834,-123.0441854,,,footway,44.936656500000005,-123.04062099999999
way/698734258,Unnamed Feature,road,44.9391742,-123.0443886,,,cycleway,44.936656500000005,-123.04062099999999
way/698734263,Unnamed Feature,road,44.9389174,-123.0442681,,,cycleway,44.936656500000005,-123.04062099999999
way/741045852,Unnamed Feature,road,44.9387825,-123.0441654,,,footway,44.936656500000005,-123.04062099999999
way/741045853,Unnamed Feature,road,44.938704,-123.0442455,,,footway,44.936656500000005,-123.04062099999999
way/749706337,Unnamed Feature,road,44.9374684,-123.0403839,,,service,44.936656500000005,-123.04062099999999
way/783032741,Unnamed Feature,road,44.9405049,-123.040425,,,footway,44.936656500000005,-123.04062099999999
way/783032742,Unnamed Feature,road,44.9404286,-123.0406389,,,footway,44.936656500000005,-123.04062099999999
way/783032743,Unnamed Feature,road,44.9402745,-123.0405434,,,footway,44.936656500000005,-123.04062099999999
way/783032744,Unnamed Feature,road,44.9403508,-123.0403295,,,footway,44.936656500000005,-123.04062099999999
way/783032745,Unnamed Feature,road,44.9409857,-123.041043,,,footway,44.936656500000005,-123.04062099999999
way/783032747,Unnamed Feature,road,44.9401175,-123.0413449,,,footway,44.936656500000005,-123.04062099999999
way/783032749,Unnamed Feature,road,44.93948,-123.0409133,,,footway,44.936656500000005,-123.04062099999999
way/783032750,Unnamed Feature,road,44.9393676,-123.040812,,,footway,44.936656500000005,-123.04062099999999
way/783032751,Unnamed Feature,road,44.9393253,-123.041022,,,footway,44.936656500000005,-123.04062099999999
way/783032752,Unnamed Feature,road,44.9394566,-123.0411194,,,footway,44.936656500000005,-123.04062099999999
way/783032753,Unnamed Feature,road,44.9395212,-123.0410725,,,footway,44.936656500000005,-123.04062099999999
way/783032754,Unnamed Feature,road,44.9393776,-123.0411377,,,footway,44.936656500000005,-123.04062099999999
way/783032755,Unnamed Feature,road,44.9392983,-123.0408815,,,footway,44.936656500000005,-123.04062099999999
way/784129864,Unnamed Feature,road,44.9366973,-123.0398376,,,service,44.936656500000005,-123.04062099999999
way/787059139,Commercial Street Southeast,road,44.936982,-123.0421974,,,primary,44.936656500000005,-123.04062099999999
way/789159924,Unnamed Feature,road,44.9334315,-123.0428204,,,service,44.936656500000005,-123.04062099999999
way/789159925,Unnamed Feature,road,44.9345397,-123.0404195,,,service,44.936656500000005,-123.04062099999999
way/789159926,Unnamed Feature,road,44.9355989,-123.0396735,,,service,44.936656500000005,-123.04062099999999
way/789827629,Unnamed Feature,road,44.9360149,-123.0434612,,,service,44.936656500000005,-123.04062099999999
way/789827630,Unnamed Feature,road,44.9361591,-123.0430871,,,service,44.936656500000005,-123.04062099999999
way/791208234,Unnamed Feature,road,44.9367718,-123.0431301,,,service,44.936656500000005,-123.04062099999999
way/793971693,Unnamed Feature,road,44.9387326,-123.0404108,,,footway,44.936656500000005,-123.04062099999999
way/793971694,Unnamed Feature,road,44.9380151,-123.0398367,,,footway,44.936656500000005,-123.04062099999999
way/793971697,Unnamed Feature,road,44.9384408,-123.0414536,,,footway,44.936656500000005,-123.04062099999999
way/793971698,Unnamed Feature,road,44.9389953,-123.0413563,,,footway,44.936656500000005,-123.04062099999999
way/793971699,Unnamed Feature,road,44.9382414,-123.0417441,,,footway,44.936656500000005,-123.04062099999999
way/793971700,Unnamed Feature,road,44.9367115,-123.0423804,,,footway,44.936656500000005,-123.04062099999999
way/793971701,Unnamed Feature,road,44.9364312,-123.0424862,,,footway,44.936656500000005,-123.04062099999999
way/793974329,Unnamed Feature,road,44.9379809,-123.0414715,,,steps,44.936656500000005,-123.04062099999999
way/793974330,Unnamed Feature,road,44.9379848,-123.041216,,,cycleway,44.936656500000005,-123.04062099999999
way/793974331,Unnamed Feature,road,44.9374737,-123.0417262,,,steps,44.936656500000005,-123.04062099999999
way/793974332,Pringle Creek Path,road,44.9374481,-123.0415566,,,cycleway,44.936656500000005,-123.04062099999999
way/794757553,Unnamed Feature,road,44.9335346,-123.0452629,,,service,44.936656500000005,-123.04062099999999
way/798114004,Unnamed Feature,road,44.9408933,-123.0420363,,,footway,44.936656500000005,-123.04062099999999
way/798114005,Unnamed Feature,road,44.940851,-123.0419011,,,footway,44.936656500000005,-123.04062099999999
way/798114006,Unnamed Feature,road,44.9407657,-123.0419432,,,footway,44.936656500000005,-123.04062099999999
way/798116588,Unnamed Feature,road,44.9411743,-123.0412068,,,service,44.936656500000005,-123.04062099999999
way/800911362,Unnamed Feature,road,44.9389699,-123.0424376,,,service,44.936656500000005,-123.04062099999999
way/800911363,Unnamed Feature,road,44.9389871,-123.0424485,,,service,44.936656500000005,-123.04062099999999
way/803569023,Unnamed Feature,road,44.9339637,-123.0449243,,,service,44.936656500000005,-123.04062099999999
way/808984202,Unnamed Feature,road,44.9323141,-123.0390485,,,footway,44.936656500000005,-123.04062099999999
way/808984204,Unnamed Feature,road,44.9325211,-123.039836,,,footway,44.936656500000005,-123.04062099999999
way/808984205,Unnamed Feature,road,44.9326845,-123.0408119,,,footway,44.936656500000005,-123.04062099999999
way/808984206,Unnamed Feature,road,44.9324252,-123.0410216,,,footway,44.936656500000005,-123.04062099999999
way/808984213,Unnamed Feature,road,44.9325855,-123.0416238,,,footway,44.936656500000005,-123.04062099999999
way/808984214,Unnamed Feature,road,44.9330752,-123.0423019,,,footway,44.936656500000005,-123.04062099999999
way/851382837,Unnamed Feature,road,44.9380544,-123.0407785,,,service,44.936656500000005,-123.04062099999999
way/852330502,Unnamed Feature,road,44.9349524,-123.0391184,,,service,44.936656500000005,-123.04062099999999
way/898367146,Unnamed Feature,road,44.9327167,-123.0435747,,,service,44.936656500000005,-123.04062099999999
way/898403280,Unnamed Feature,road,44.9326469,-123.0377332,,,service,44.936656500000005,-123.04062099999999
way/899581870,Unnamed Feature,road,44.9350271,-123.0436376,,,service,44.936656500000005,-123.04062099999999
way/899581871,Unnamed Feature,road,44.9348022,-123.0417767,,,service,44.936656500000005,-123.04062099999999
way/899581872,Unnamed Feature,road,44.9350544,-123.0440756,,,service,44.936656500000005,-123.04062099999999
way/899581873,Unnamed Feature,road,44.9349005,-123.0437031,,,service,44.936656500000005,-123.04062099999999
way/899581874,Unnamed Feature,road,44.9353473,-123.0438984,,,service,44.936656500000005,-123.04062099999999
way/899581875,Unnamed Feature,road,44.935049,-123.0415815,,,service,44.936656500000005,-123.04062099999999
way/903708087,Unnamed Feature,road,44.9340678,-123.0385007,,,service,44.936656500000005,-123.04062099999999
way/903708088,Unnamed Feature,road,44.9342408,-123.0384558,,,service,44.936656500000005,-123.04062099999999
way/903779845,Unnamed Feature,road,44.9326766,-123.0424547,,,service,44.936656500000005,-123.04062099999999
way/903779846,Unnamed Feature,road,44.9337142,-123.0434503,,,service,44.936656500000005,-123.04062099999999
way/930680357,Unnamed Feature,road,44.934947,-123.040041,,,service,44.936656500000005,-123.04062099999999
way/962176933,Unnamed Feature,road,44.933092,-123.0441981,,,service,44.936656500000005,-123.04062099999999
way/962256865,Unnamed Feature,road,44.9370145,-123.0396118,,,service,44.936656500000005,-123.04062099999999
way/971057536,Unnamed Feature,road,44.934906,-123.0368088,,,service,44.936656500000005,-123.04062099999999
way/975888944,Unnamed Feature,road,44.9344509,-123.0425063,,,service,44.936656500000005,-123.04062099999999
way/975888949,Unnamed Feature,road,44.9345143,-123.0423884,,,service,44.936656500000005,-123.04062099999999
way/986603215,Unnamed Feature,road,44.937065,-123.0426911,,,footway,44.936656500000005,-123.04062099999999
way/986603225,Unnamed Feature,road,44.9378085,-123.041939,,,footway,44.936656500000005,-123.04062099999999
way/998176874,Unnamed Feature,road,44.9397145,-123.0432598,,,footway,44.936656500000005,-123.04062099999999
way/998176875,Unnamed Feature,road,44.9397946,-123.0436845,,,cycleway,44.936656500000005,-123.04062099999999
way/998176876,Unnamed Feature,road,44.9400503,-123.0444615,,,footway,44.936656500000005,-123.04062099999999
way/998176877,Unnamed Feature,road,44.9391661,-123.0435886,,,footway,44.936656500000005,-123.04062099999999
way/998176878,Unnamed Feature,road,44.9391553,-123.0436627,,,footway,44.936656500000005,-123.04062099999999
way/1012901508,Unnamed Feature,road,44.9407721,-123.0392471,,,footway,44.936656500000005,-123.04062099999999
way/1012901515,Unnamed Feature,road,44.9407857,-123.0391662,,,steps,44.936656500000005,-123.04062099999999
way/1012901516,Unnamed Feature,road,44.9409723,-123.039079,,,steps,44.936656500000005,-123.04062099999999
way/1012901518,Unnamed Feature,road,44.9409189,-123.0392284,,,footway,44.936656500000005,-123.04062099999999
way/1038018197,Trade Street Southeast,road,44.9384989,-123.0415336,,,trunk,44.936656500000005,-123.04062099999999
way/1038018198,Commercial Street Southeast,road,44.9383969,-123.0414904,,,primary,44.936656500000005,-123.04062099999999
way/1052627917,Mission Street Southeast,road,44.9324549,-123.0399126,,,secondary,44.936656500000005,-123.04062099999999
way/1077441688,Unnamed Feature,road,44.9396203,-123.0421425,,,footway,44.936656500000005,-123.04062099999999
way/1077441689,Unnamed Feature,road,44.9409538,-123.0423858,,,footway,44.936656500000005,-123.04062099999999
way/1077441690,Unnamed Feature,road,44.9409596,-123.0422815,,,footway,44.936656500000005,-123.04062099999999
way/1077441691,Unnamed Feature,road,44.9409263,-123.0421548,,,footway,44.936656500000005,-123.04062099999999
way/1087544129,Fortune's Corner,road,44.9411412,-123.0410221,,,service,44.936656500000005,-123.04062099999999
way/1094360598,Unnamed Feature,road,44.9327686,-123.0379507,,,footway,44.936656500000005,-123.04062099999999
way/1117963987,Unnamed Feature,road,44.9351632,-123.0371459,,,footway,44.936656500000005,-123.04062099999999
way/1117964003,Unnamed Feature,road,44.9364517,-123.0385019,,,footway,44.936656500000005,-123.04062099999999
way/1117964004,Unnamed Feature,road,44.9363327,-123.0385024,,,footway,44.936656500000005,-123.04062099999999
way/1117964005,Unnamed Feature,road,44.9355888,-123.0385513,,,footway,44.936656500000005,-123.04062099999999
way/1117964006,Unnamed Feature,road,44.9355855,-123.0383798,,,footway,44.936656500000005,-123.04062099999999
way/1117964007,Unnamed Feature,road,44.9359315,-123.0387698,,,footway,44.936656500000005,-123.04062099999999
way/1117964008,Unnamed Feature,road,44.9361629,-123.0383671,,,footway,44.936656500000005,-123.04062099999999
way/1117964009,Unnamed Feature,road,44.9361791,-123.0382662,,,footway,44.936656500000005,-123.04062099999999
way/1117964012,Unnamed Feature,road,44.9361539,-123.0382006,,,footway,44.936656500000005,-123.04062099999999
way/1117964013,Unnamed Feature,road,44.9350726,-123.0377989,,,footway,44.936656500000005,-123.04062099999999
way/1117964014,Unnamed Feature,road,44.935071,-123.0379376,,,footway,44.936656500000005,-123.04062099999999
way/1117964015,Unnamed Feature,road,44.9337636,-123.0384518,,,footway,44.936656500000005,-123.04062099999999
way/1117964016,Unnamed Feature,road,44.934619,-123.0379973,,,footway,44.936656500000005,-123.04062099999999
way/1117964017,Unnamed Feature,road,44.9345702,-123.0377828,,,footway,44.936656500000005,-123.04062099999999
way/1117964018,Unnamed Feature,road,44.9332544,-123.0383835,,,footway,44.936656500000005,-123.04062099999999
way/1117964019,Unnamed Feature,road,44.9331687,-123.0378464,,,footway,44.936656500000005,-123.04062099999999
way/1117964020,Unnamed Feature,road,44.9326862,-123.0378514,,,footway,44.936656500000005,-123.04062099999999
way/1117964021,Unnamed Feature,road,44.9326183,-123.0377725,,,footway,44.936656500000005,-123.04062099999999
way/1117964027,Unnamed Feature,road,44.9325501,-123.0378049,,,footway,44.936656500000005,-123.04062099999999
way/1117964032,Unnamed Feature,road,44.9327769,-123.0383863,,,footway,44.936656500000005,-123.04062099999999
way/1117964034,Unnamed Feature,road,44.9330992,-123.037242,,,footway,44.936656500000005,-123.04062099999999
way/1117964035,Unnamed Feature,road,44.9335686,-123.037663,,,footway,44.936656500000005,-123.04062099999999
way/1117964036,Unnamed Feature,road,44.933514,-123.0379683,,,footway,44.936656500000005,-123.04062099999999
way/1117964040,Unnamed Feature,road,44.9328357,-123.0370454,,,footway,44.936656500000005,-123.04062099999999
way/1117964041,Unnamed Feature,road,44.9329314,-123.0373061,,,footway,44.936656500000005,-123.04062099999999
way/1117964042,Unnamed Feature,road,44.9331413,-123.0371794,,,footway,44.936656500000005,-123.04062099999999
way/1117964043,Unnamed Feature,road,44.9329777,-123.0372283,,,footway,44.936656500000005,-123.04062099999999
way/1117964044,Unnamed Feature,road,44.9330803,-123.0372297,,,footway,44.936656500000005,-123.04062099999999
way/1117964045,Unnamed Feature,road,44.9328886,-123.037408,,,footway,44.936656500000005,-123.04062099999999
way/1117964046,Unnamed Feature,road,44.9328838,-123.0375245,,,footway,44.936656500000005,-123.04062099999999
way/1117964047,Unnamed Feature,road,44.932788,-123.0373968,,,footway,44.936656500000005,-123.04062099999999
way/1117964048,Unnamed Feature,road,44.9328495,-123.0376055,,,footway,44.936656500000005,-123.04062099999999
way/1117964050,Unnamed Feature,road,44.9327978,-123.0375093,,,footway,44.936656500000005,-123.04062099999999
way/1117964051,Unnamed Feature,road,44.9329343,-123.0373051,,,footway,44.936656500000005,-123.04062099999999
way/1117964069,Unnamed Feature,road,44.9337383,-123.0364936,,,footway,44.936656500000005,-123.04062099999999
way/1117964070,Unnamed Feature,road,44.9337951,-123.0367697,,,footway,44.936656500000005,-123.04062099999999
way/1117964071,Unnamed Feature,road,44.9338125,-123.0369568,,,footway,44.936656500000005,-123.04062099999999
way/1117964072,Unnamed Feature,road,44.9339493,-123.0372004,,,cycleway,44.936656500000005,-123.04062099999999
way/1117964073,Unnamed Feature,road,44.9341192,-123.0367232,,,cycleway,44.936656500000005,-123.04062099999999
way/1117964074,Unnamed Feature,road,44.933965,-123.0367884,,,cycleway,44.936656500000005,-123.04062099999999
way/1117964079,Unnamed Feature,road,44.9356454,-123.0381804,,,footway,44.936656500000005,-123.04062099999999
way/1117964080,Unnamed Feature,road,44.9361711,-123.0390941,,,service,44.936656500000005,-123.04062099999999
way/1117964081,Pringle Creek Path,road,44.9361812,-123.0390967,,,cycleway,44.936656500000005,-123.04062099999999
way/1117964082,Unnamed Feature,road,44.9364666,-123.0389916,,,footway,44.936656500000005,-123.04062099999999
way/1117964083,Unnamed Feature,road,44.9365899,-123.0389194,,,footway,44.936656500000005,-123.04062099999999
way/1117964084,Unnamed Feature,road,44.9367898,-123.0387359,,,footway,44.936656500000005,-123.04062099999999
way/1117964085,Unnamed Feature,road,44.9367938,-123.0388229,,,footway,44.936656500000005,-123.04062099999999
way/1117964086,Unnamed Feature,road,44.9357438,-123.0392344,,,footway,44.936656500000005,-123.04062099999999
way/1117964087,Unnamed Feature,road,44.9359388,-123.0389552,,,footway,44.936656500000005,-123.04062099999999
way/1117964088,Unnamed Feature,road,44.9360892,-123.0389749,,,service,44.936656500000005,-123.04062099999999
way/1117964089,Unnamed Feature,road,44.9350724,-123.039571,,,footway,44.936656500000005,-123.04062099999999
way/1117964090,Unnamed Feature,road,44.9353599,-123.0397205,,,service,44.936656500000005,-123.04062099999999
way/1117964091,Unnamed Feature,road,44.9353007,-123.0401978,,,service,44.936656500000005,-123.04062099999999
way/1117964092,Unnamed Feature,road,44.9357106,-123.0390927,,,footway,44.936656500000005,-123.04062099999999
way/1117964093,Unnamed Feature,road,44.9343751,-123.0394471,,,footway,44.936656500000005,-123.04062099999999
way/1117964094,Unnamed Feature,road,44.935695,-123.0407588,,,service,44.936656500000005,-123.04062099999999
way/1117964095,Unnamed Feature,road,44.9357673,-123.0404086,,,service,44.936656500000005,-123.04062099999999
way/1117964096,Unnamed Feature,road,44.9356732,-123.0404511,,,service,44.936656500000005,-123.04062099999999
way/1117964097,Unnamed Feature,road,44.9357696,-123.040228,,,service,44.936656500000005,-123.04062099999999
way/1117964098,Unnamed Feature,road,44.9358738,-123.0402406,,,service,44.936656500000005,-123.04062099999999
way/1117964099,Unnamed Feature,road,44.9355958,-123.0403754,,,service,44.936656500000005,-123.04062099999999
way/1117964100,Unnamed Feature,road,44.9356219,-123.0404783,,,service,44.936656500000005,-123.04062099999999
way/1117964101,Unnamed Feature,road,44.9355797,-123.0413708,,,footway,44.936656500000005,-123.04062099999999
way/1117964102,Unnamed Feature,road,44.9345701,-123.0424131,,,footway,44.936656500000005,-123.04062099999999
way/1117964103,Unnamed Feature,road,44.9342001,-123.0420053,,,footway,44.936656500000005,-123.04062099999999
way/1117964104,Unnamed Feature,road,44.9349323,-123.0415184,,,footway,44.936656500000005,-123.04062099999999
way/1117964105,Unnamed Feature,road,44.9349045,-123.0414088,,,footway,44.936656500000005,-123.04062099999999
way/1117964106,Unnamed Feature,road,44.9347013,-123.0405782,,,footway,44.936656500000005,-123.04062099999999
way/1117964107,Unnamed Feature,road,44.9342515,-123.0407695,,,footway,44.936656500000005,-123.04062099999999
way/1117964108,Unnamed Feature,road,44.934903,-123.0412862,,,footway,44.936656500000005,-123.04062099999999
way/1117964109,Unnamed Feature,road,44.9349673,-123.0412525,,,footway,44.936656500000005,-123.04062099999999
way/1117964110,Unnamed Feature,road,44.934855,-123.0404949,,,footway,44.936656500000005,-123.04062099999999
way/1117964111,Unnamed Feature,road,44.9355618,-123.0409205,,,footway,44.936656500000005,-123.04062099999999
way/1117964112,Unnamed Feature,road,44.9364536,-123.040865,,,footway,44.936656500000005,-123.04062099999999
way/1117964113,Unnamed Feature,road,44.9365913,-123.0407826,,,footway,44.936656500000005,-123.04062099999999
way/1173214576,Commercial Street Southeast,road,44.9317381,-123.0440315,,,primary,44.936656500000005,-123.04062099999999
way/1173214577,Mission Street Southeast,road,44.9328783,-123.0415121,,,secondary,44.936656500000005,-123.04062099999999
way/1173214578,Mission Street Southeast,road,44.9332194,-123.0435386,,,secondary,44.936656500000005,-123.04062099999999
way/1180398219,Unnamed Feature,road,44.9339812,-123.0444512,,,service,44.936656500000005,-123.04062099999999
way/1180398220,Unnamed Feature,road,44.9339857,-123.043826,,,service,44.936656500000005,-123.04062099999999
way/1180398221,Unnamed Feature,road,44.9340518,-123.0441166,,,service,44.936656500000005,-123.04062099999999
way/1180398222,Unnamed Feature,road,44.9337856,-123.0446202,,,service,44.936656500000005,-123.04062099999999
way/1214152235,High Street Southeast,road,44.9323984,-123.0408608,,,tertiary,44.936656500000005,-123.04062099999999
way/1222104582,Unnamed Feature,road,44.931826,-123.039835,,,path,44.936656500000005,-123.04062099999999
way/1222181998,Unnamed Feature,road,44.9345098,-123.037754,,,steps,44.936656500000005,-123.04062099999999
way/1222181999,Pringle Creek Path,road,44.9358045,-123.03905,,,cycleway,44.936656500000005,-123.04062099999999
way/1222182000,Pringle Creek Path,road,44.9359939,-123.0391818,,,cycleway,44.936656500000005,-123.04062099999999
way/1222182001,Pringle Creek Path,road,44.9364329,-123.0400674,,,cycleway,44.936656500000005,-123.04062099999999
way/1222182002,Unnamed Feature,road,44.9363493,-123.0397665,,,steps,44.936656500000005,-123.04062099999999
way/1222182003,Unnamed Feature,road,44.9363127,-123.039435,,,service,44.936656500000005,-123.04062099999999
way/1222182004,Commercial Street Southeast,road,44.9374619,-123.0417767,,,footway,44.936656500000005,-123.04062099999999
way/1222182008,Unnamed Feature,road,44.938903,-123.0440977,,,steps,44.936656500000005,-123.04062099999999
way/1222182009,Unnamed Feature,road,44.9390518,-123.0440444,,,footway,44.936656500000005,-123.04062099999999
way/1222182010,Unnamed Feature,road,44.9388876,-123.0439789,,,footway,44.936656500000005,-123.04062099999999
way/1222182014,Unnamed Feature,road,44.9382173,-123.0459079,,,cycleway,44.936656500000005,-123.04062099999999
way/1222182015,Unnamed Feature,road,44.9394319,-123.0441173,,,footway,44.936656500000005,-123.04062099999999
way/1222182016,Unnamed Feature,road,44.9395977,-123.0443437,,,cycleway,44.936656500000005,-123.04062099999999
way/1222182018,Pringle Creek Path,road,44.937258,-123.0416598,,,cycleway,44.936656500000005,-123.04062099999999
way/1222182019,Unnamed Feature,road,44.9373683,-123.0413121,,,steps,44.936656500000005,-123.04062099999999
way/1222188603,Unnamed Feature,road,44.9392243,-123.0415519,,,service,44.936656500000005,-123.04062099999999
way/1222188604,Unnamed Feature,road,44.9392934,-123.0417958,,,service,44.936656500000005,-123.04062099999999
way/1222188605,Unnamed Feature,road,44.9391425,-123.0413245,,,service,44.936656500000005,-123.04062099999999
way/1222188606,Unnamed Feature,road,44.9391206,-123.0416877,,,footway,44.936656500000005,-123.04062099999999
way/1223354365,Unnamed Feature,road,44.9321396,-123.0410959,,,footway,44.936656500000005,-123.04062099999999
way/1223386025,Unnamed Feature,road,44.9329564,-123.0414758,,,footway,44.936656500000005,-123.04062099999999
way/1223387624,Unnamed Feature,road,44.9331043,-123.0431374,,,footway,44.936656500000005,-123.04062099999999
way/1223387625,Unnamed Feature,road,44.9327181,-123.0438463,,,footway,44.936656500000005,-123.04062099999999
way/1223387626,Unnamed Feature,road,44.9332549,-123.0431278,,,footway,44.936656500000005,-123.04062099999999
way/1223387627,Unnamed Feature,road,44.9332508,-123.0439346,,,footway,44.936656500000005,-123.04062099999999
way/1223387628,Unnamed Feature,road,44.9331942,-123.0440728,,,footway,44.936656500000005,-123.04062099999999
way/1223387629,Unnamed Feature,road,44.9332605,-123.0440608,,,footway,44.936656500000005,-123.04062099999999
way/1223387630,Unnamed Feature,road,44.9331708,-123.0438165,,,footway,44.936656500000005,-123.04062099999999
way/1223387631,Unnamed Feature,road,44.933302,-123.0438167,,,footway,44.936656500000005,-123.04062099999999
way/1223483209,Unnamed Feature,road,44.9327303,-123.0440518,,,footway,44.936656500000005,-123.04062099999999
way/1224946051,Unnamed Feature,road,44.9326741,-123.0406,,,footway,44.936656500000005,-123.04062099999999
way/1224946052,Unnamed Feature,road,44.9325959,-123.0406654,,,footway,44.936656500000005,-123.04062099999999
way/1224946053,Unnamed Feature,road,44.9322341,-123.0396231,,,footway,44.936656500000005,-123.04062099999999
way/1234764121,Unnamed Feature,road,44.9406958,-123.0394853,,,footway,44.936656500000005,-123.04062099999999
way/1234764122,Unnamed Feature,road,44.940777,-123.0393328,,,footway,44.936656500000005,-123.04062099999999
way/1234764123,Unnamed Feature,road,44.9409339,-123.0392867,,,footway,44.936656500000005,-123.04062099999999
way/1234764124,Unnamed Feature,road,44.9406786,-123.0394071,,,footway,44.936656500000005,-123.04062099999999
way/1236719815,Unnamed Feature,road,44.9365041,-123.0414379,,,service,44.936656500000005,-123.04062099999999
way/1236719816,Unnamed Feature,road,44.9366597,-123.0414122,,,service,44.936656500000005,-123.04062099999999
way/1236719817,Unnamed Feature,road,44.934257,-123.0425215,,,service,44.936656500000005,-123.04062099999999
way/1236719818,Unnamed Feature,road,44.93654,-123.0415878,,,service,44.936656500000005,-123.04062099999999
way/1243938889,Unnamed Feature,road,44.9372592,-123.0393512,,,steps,44.936656500000005,-123.04062099999999
way/1283384863,Unnamed Feature,road,44.9406288,-123.0398373,,,footway,44.936656500000005,-123.04062099999999
way/1316866407,Unnamed Feature,road,44.9330586,-123.0429883,,,service,44.936656500000005,-123.04062099999999
way/1316866408,Unnamed Feature,road,44.9334565,-123.0431319,,,service,44.936656500000005,-123.04062099999999
way/1316866409,Unnamed Feature,road,44.9333401,-123.0433083,,,service,44.936656500000005,-123.04062099999999
way/1316866410,Unnamed Feature,road,44.9338588,-123.0433051,,,service,44.936656500000005,-123.04062099999999
way/1316866423,Unnamed Feature,road,44.9326263,-123.0420869,,,service,44.936656500000005,-123.04062099999999
way/1316866424,Unnamed Feature,road,44.9335203,-123.0409004,,,service,44.936656500000005,-123.04062099999999
way/1363429758,Unnamed Feature,road,44.9380166,-123.0403832,,,service,44.936656500000005,-123.04062099999999
way/1471890166,High Street Southeast,road,44.9331088,-123.0404816,,,tertiary,44.936656500000005,-123.04062099999999
way/1473526591,Unnamed Feature,road,44.9367825,-123.0387737,,,footway,44.936656500000005,-123.04062099999999
way/1487879250,Unnamed Feature,road,44.9399937,-123.0434024,,,footway,44.936656500000005,-123.04062099999999
way/1487883167,Unnamed Feature,road,44.9372798,-123.0393325,,,cycleway,44.936656500000005,-123.04062099999999
way/1487883168,Pringle Creek Path,road,44.9363709,-123.0394816,,,cycleway,44.936656500000005,-123.04062099999999
way/1487883169,Unnamed Feature,road,44.9364547,-123.0399818,,,cycleway,44.936656500000005,-123.04062099999999
way/1487883170,Unnamed Feature,road,44.9370693,-123.0419261,,,cycleway,44.936656500000005,-123.04062099999999
way/1494294353,Unnamed Feature,road,44.9384562,-123.0397194,,,service,44.936656500000005,-123.04062099999999
way/1494294354,Unnamed Feature,road,44.9386669,-123.0396125,,,service,44.936656500000005,-123.04062099999999
way/1512168647,Unnamed Feature,road,44.9359941,-123.0391229,,,footway,44.936656500000005,-123.04062099999999
way/1529506174,Unnamed Feature,road,44.9341157,-123.0434468,,,footway,44.936656500000005,-123.04062099999999
way/1551082706,Unnamed Feature,road,44.9372467,-123.0393589,,,steps,44.936656500000005,-123.04062099999999
way/1551552812,Pringle Creek Path,road,44.93828,-123.0428008,,,construction,44.936656500000005,-123.04062099999999
way/1551552813,Pringle Creek Path,road,44.937811,-123.0418918,,,construction,44.936656500000005,-123.04062099999999
way/1551552814,Pringle Creek Path,road,44.9375762,-123.0418394,,,cycleway,44.936656500000005,-123.04062099999999
way/1551610861,Unnamed Feature,road,44.937369,-123.0414573,,,footway,44.936656500000005,-123.04062099999999
way/1551611724,Unnamed Feature,road,44.9362937,-123.0398417,,,cycleway,44.936656500000005,-123.04062099999999
way/1551756065,Unnamed Feature,road,44.9332405,-123.037089,,,footway,44.936656500000005,-123.04062099999999
way/1551756066,Unnamed Feature,road,44.933214,-123.0371131,,,steps,44.936656500000005,-123.04062099999999
way/1551756067,Unnamed Feature,road,44.9331975,-123.0371282,,,footway,44.936656500000005,-123.04062099999999
way/1551756068,Unnamed Feature,road,44.9331847,-123.03714,,,steps,44.936656500000005,-123.04062099999999
node/330069980,Saravana Dental Care Hospital,healthcare,11.0028292,76.9513725,hospital,,,11.0,76.95
node/1468093950,Unnamed Feature,bus_stop,11.0002287,76.9493357,,,bus_stop,11.0,76.95
node/1468093970,TASMAC,shop_alcohol,11.0002656,76.949156,,alcohol,,11.0,76.95
node/1472703561,Archies,shop_gift,11.0032844,76.9511362,,gift,,11.0,76.95
node/1472703564,Pizza Hut,restaurant,11.0033266,76.951383,restaurant,,,11.0,76.95
node/1472703565,Karnataka Bank,bank,11.0025894,76.9514152,bank,,,11.0,76.95
node/1472703570,State Bank of India,bank,11.0035688,76.9519624,bank,,,11.0,76.95
node/1472703572,Bank of India,bank,11.0023261,76.9514474,bank,,,11.0,76.95
node/1472707364,Axis Bank,bank,11.0020944,76.9514903,bank,,,11.0,76.95
node/4479014898,Unnamed Feature,shop_confectionery,11.0027425,76.9483376,,confectionery,,11.0,76.95
node/6934424352,Shree Saravana Nursing Home,healthcare,11.002695,76.9513442,clinic,,,11.0,76.95
node/6936794080,"Maruthi Hospital, Coimbatore",healthcare,11.0031531,76.9513019,hospital,,,11.0,76.95
node/7187495085,Tasmac,shop_alcohol,10.9996009,76.9498519,,alcohol,,11.0,76.95
node/7257183914,Shanmuga Hospital Rs Puram,healthcare,11.0029,76.948869,hospital,,,11.0,76.95
node/7257183944,Rk Bai Corporation Health Centre,healthcare,10.9998322,76.949604,clinic,,,11.0,76.95
node/7257183974,"Seetharam Hospital, Coimbatore",healthcare,10.99941,76.948495,hospital,,,11.0,76.95
node/7257184001,"Guru Kirupa Hospital, Pn Palayam, Coimbatore",healthcare,10.9995252,76.9511992,hospital,,,11.0,76.95
node/7844131965,Alshifa Healing and Naturopathy Clinic,healthcare,10.998631,76.9512758,clinic,,,11.0,76.95
node/7844131988,Sri Vishnu Priya Hospital,healthcare,10.998711,76.951222,hospital,,,11.0,76.95
node/7844132004,Iswarya Hospital,healthcare,11.0002483,76.9518169,hospital,,,11.0,76.95
node/7844132014,K Jagathnathan Hospital,healthcare,10.999154,76.951549,hospital,,,11.0,76.95
way/26901876,Unnamed Feature,road,10.9945759,76.951053,,,secondary,11.0,76.95
way/29980787,Sundram Street,road,11.0012502,76.9533401,,,residential,11.0,76.95
way/29980788,Srinivasa Street,road,11.0018321,76.9500076,,,residential,11.0,76.95
way/66105411,Unnamed Feature,road,10.9967715,76.9515617,,,tertiary,11.0,76.95
way/66292214,Diwan Bhadur Road,road,11.0001911,76.9519323,,,unclassified,11.0,76.95
way/66292225,Sukrawarpettai Mill Road,road,10.999694,76.9510249,,,tertiary,11.0,76.95
way/133368413,Unnamed Feature,road,10.9984771,76.9542448,,,residential,11.0,76.95
way/134917672,Unnamed Feature,road,10.998497,76.9527214,,,residential,11.0,76.95
way/134917674,Unnamed Feature,road,10.999365,76.9470893,,,residential,11.0,76.95
way/134917684,Unnamed Feature,road,10.9986947,76.947471,,,residential,11.0,76.95
way/134917685,Unnamed Feature,road,10.9998244,76.9456297,,,residential,11.0,76.95
way/134917687,Unnamed Feature,road,10.9975766,76.9486292,,,residential,11.0,76.95
way/134917692,Unnamed Feature,road,11.0003358,76.9455041,,,residential,11.0,76.95
way/134917693,Unnamed Feature,road,11.0010971,76.9474206,,,residential,11.0,76.95
way/134917698,Unnamed Feature,road,10.9981003,76.9474379,,,residential,11.0,76.95
way/134917701,Unnamed Feature,road,10.9989064,76.9482555,,,residential,11.0,76.95
way/134917705,Unnamed Feature,road,10.9994051,76.947745,,,residential,11.0,76.95
way/134917709,Unnamed Feature,road,11.0005826,76.9478991,,,residential,11.0,76.95
way/134917715,Unnamed Feature,road,10.9983968,76.9477873,,,residential,11.0,76.95
way/134938582,Unnamed Feature,road,10.9942498,76.9497176,,,residential,11.0,76.95
way/134938586,Unnamed Feature,road,10.9961827,76.9481052,,,residential,11.0,76.95
way/134938591,Unnamed Feature,road,10.9959877,76.948431,,,residential,11.0,76.95
way/134938595,Unnamed Feature,road,10.9968171,76.9493806,,,residential,11.0,76.95
way/206788461,Unnamed Feature,road,10.9975787,76.948815,,,residential,11.0,76.95
way/206788464,Unnamed Feature,road,10.9974822,76.948116,,,residential,11.0,76.95
way/501940841,Unnamed Feature,road,10.9999926,76.9465687,,,residential,11.0,76.95
way/501940842,Unnamed Feature,road,11.0004407,76.9471673,,,residential,11.0,76.95
way/501940843,Unnamed Feature,road,10.9998996,76.947418,,,residential,11.0,76.95
way/502561585,Unnamed Feature,road,10.9976417,76.9464249,,,residential,11.0,76.95
way/502561587,Unnamed Feature,road,10.9986935,76.9456852,,,residential,11.0,76.95
way/502561588,Unnamed Feature,road,10.9990681,76.9455991,,,residential,11.0,76.95
way/502561590,Unnamed Feature,road,10.9989942,76.9461541,,,residential,11.0,76.95
way/593055652,Unnamed Feature,road,10.9959062,76.9481182,,,residential,11.0,76.95
way/593055669,Unnamed Feature,road,10.9957434,76.9487246,,,residential,11.0,76.95
way/593055679,Unnamed Feature,road,10.998365,76.9460029,,,service,11.0,76.95
way/594392934,Coimbatore - Anaikatti Road,road,10.9999246,76.9500651,,,primary,11.0,76.95
way/594392936,Sundram Street,road,11.0003667,76.9509528,,,unclassified,11.0,76.95
way/663085139,Unnamed Feature,road,10.9983126,76.9524225,,,residential,11.0,76.95
way/910713201,Unnamed Feature,road,10.9987342,76.953948,,,residential,11.0,76.95
way/913733941,Unnamed Feature,road,10.9966544,76.9526885,,,residential,11.0,76.95
way/913769410,Unnamed Feature,road,11.0023958,76.9488928,,,residential,11.0,76.95
way/914575725,Unnamed Feature,road,10.9991119,76.9520091,,,service,11.0,76.95
way/914575726,Unnamed Feature,road,10.9987619,76.9525756,,,service,11.0,76.95
way/992425918,Unnamed Feature,road,10.9954613,76.9492374,,,residential,11.0,76.95
way/992425919,Unnamed Feature,road,10.99741,76.9474567,,,residential,11.0,76.95
way/992425920,Unnamed Feature,road,10.9984803,76.9463469,,,residential,11.0,76.95
way/993568908,Unnamed Feature,road,10.9979056,76.9508479,,,residential,11.0,76.95
way/993568909,Unnamed Feature,road,10.9960601,76.9526047,,,residential,11.0,76.95
way/1004661390,Sundram Street,road,11.0000471,76.9502717,,,unclassified,11.0,76.95
way/1015026834,Unnamed Feature,road,10.9982593,76.9502153,,,secondary,11.0,76.95
way/1062095070,Unnamed Feature,road,11.0028012,76.9482016,,,tertiary,11.0,76.95
way/1062095071,Unnamed Feature,road,11.0026544,76.9482495,,,tertiary,11.0,76.95
way/1112211240,Unnamed Feature,road,10.9961463,76.9521406,,,residential,11.0,76.95
way/1124952295,Unnamed Feature,road,10.9968281,76.9468041,,,residential,11.0,76.95
way/1124952296,Unnamed Feature,road,10.9969144,76.9471227,,,residential,11.0,76.95
way/1190160446,Unnamed Feature,road,10.998704,76.9535742,,,residential,11.0,76.95
way/1190160447,Unnamed Feature,road,10.999976,76.9480934,,,residential,11.0,76.95
way/1192798513,Unnamed Feature,road,10.9986033,76.9532713,,,residential,11.0,76.95
way/1215972761,Unnamed Feature,road,10.9963046,76.9474613,,,residential,11.0,76.95
way/1225593360,Unnamed Feature,road,10.9979517,76.9500281,,,service,11.0,76.95
way/1225593361,Unnamed Feature,road,10.997557,76.9496381,,,service,11.0,76.95
way/1225593362,Unnamed Feature,road,10.9979009,76.9494827,,,service,11.0,76.95
way/1225593363,Unnamed Feature,road,10.9978878,76.949607,,,service,11.0,76.95
way/1227934465,Unnamed Feature,road,11.0022888,76.9518583,,,service,11.0,76.95
way/1227934466,Unnamed Feature,road,11.0023338,76.9522848,,,service,11.0,76.95
way/1236528948,Unnamed Feature,road,11.0021956,76.9529578,,,residential,11.0,76.95
way/1236528949,Unnamed Feature,road,11.003375,76.952737,,,residential,11.0,76.95
way/1338514073,Unnamed Feature,road,11.0005008,76.9546486,,,residential,11.0,76.95
node/6937449595,Karthic Nursing Home Pvt. Ltd.,healthcare,10.9909191,76.9529521,clinic,,,10.99,76.95
node/7257183960,Karthic Nursing Home,healthcare,10.99135,76.95416,clinic,,,10.99,76.95
node/7257184029,Annai Nursing Home,healthcare,10.99386,76.951744,clinic,,,10.99,76.95
node/7844131997,G.K.P Clinics,healthcare,10.9922284,76.9516612,clinic,,,10.99,76.95
node/7844132002,Subu Hospital,healthcare,10.9920096,76.9520898,hospital,,,10.99,76.95
way/29976383,Vysial Street,road,10.9919538,76.9528696,,,primary,10.99,76.95
way/131290311,Unnamed Feature,road,10.9880988,76.9461951,,,primary_link,10.99,76.95
way/131290319,Unnamed Feature,road,10.9912054,76.9531976,,,residential,10.99,76.95
way/131290322,Unnamed Feature,road,10.9895533,76.9482799,,,residential,10.99,76.95
way/131290325,Unnamed Feature,road,10.9908547,76.9553617,,,tertiary,10.99,76.95
way/134736738,Unnamed Feature,road,10.9910444,76.9505717,,,residential,10.99,76.95
way/134823125,Raja Street,road,10.9939174,76.9516084,,,tertiary,10.99,76.95
way/134938585,Unnamed Feature,road,10.9891134,76.9505938,,,residential,10.99,76.95
way/134938589,Unnamed Feature,road,10.9881499,76.9472121,,,residential,10.99,76.95
way/134938593,Unnamed Feature,road,10.9888039,76.9546204,,,residential,10.99,76.95
way/134938597,Unnamed Feature,road,10.9870019,76.9495017,,,residential,10.99,76.95
way/134949281,Unnamed Feature,road,10.9891982,76.9560669,,,residential,10.99,76.95
way/134949338,Unnamed Feature,road,10.9909203,76.9520296,,,residential,10.99,76.95
way/206235587,Unnamed Feature,road,10.990035,76.9536921,,,residential,10.99,76.95
way/206235592,Unnamed Feature,road,10.9903067,76.9540825,,,residential,10.99,76.95
way/206235593,Unnamed Feature,road,10.9897255,76.9536969,,,residential,10.99,76.95
way/206235595,Unnamed Feature,road,10.9894731,76.9537125,,,residential,10.99,76.95
way/206235599,Unnamed Feature,road,10.9899775,76.9536815,,,residential,10.99,76.95
way/206804303,Unnamed Feature,road,10.9889141,76.9483204,,,residential,10.99,76.95
way/206804305,Unnamed Feature,road,10.9887398,76.9478433,,,residential,10.99,76.95
way/206804309,Unnamed Feature,road,10.9905102,76.9489963,,,residential,10.99,76.95
way/206804310,Unnamed Feature,road,10.9889858,76.948729,,,residential,10.99,76.95
way/206804315,Unnamed Feature,road,10.9869216,76.9476631,,,residential,10.99,76.95
way/206804319,Unnamed Feature,road,10.988419,76.9470731,,,unclassified,10.99,76.95
way/206804320,Unnamed Feature,road,10.9877702,76.947987,,,residential,10.99,76.95
way/240377651,Unnamed Feature,road,10.990634,76.9525797,,,residential,10.99,76.95
way/374784967,Unnamed Feature,road,10.987789,76.9466398,,,unclassified,10.99,76.95
way/374784971,Unnamed Feature,road,10.9878618,76.9483704,,,residential,10.99,76.95
way/374784974,Unnamed Feature,road,10.9874194,76.9524488,,,unclassified,10.99,76.95
way/374784977,Unnamed Feature,road,10.9872493,76.9538466,,,unclassified,10.99,76.95
way/374784978,Unnamed Feature,road,10.9858459,76.9501556,,,residential,10.99,76.95
way/374784981,Unnamed Feature,road,10.9874901,76.9496696,,,residential,10.99,76.95
way/374784983,Unnamed Feature,road,10.9865643,76.9527006,,,unclassified,10.99,76.95
way/374784984,Unnamed Feature,road,10.9863606,76.9522318,,,unclassified,10.99,76.95
way/374784985,Unnamed Feature,road,10.9863211,76.9484135,,,residential,10.99,76.95
way/374784988,Unnamed Feature,road,10.9868342,76.9481718,,,residential,10.99,76.95
way/374784990,Unnamed Feature,road,10.9894441,76.955202,,,residential,10.99,76.95
way/374784993,Unnamed Feature,road,10.9875691,76.9487585,,,residential,10.99,76.95
way/377997463,Unnamed Feature,road,10.9866991,76.9502246,,,residential,10.99,76.95
way/377997464,Unnamed Feature,road,10.9868024,76.9531382,,,unclassified,10.99,76.95
way/501935217,Unnamed Feature,road,10.9910446,76.9494777,,,residential,10.99,76.95
way/501935218,Unnamed Feature,road,10.9882524,76.9495698,,,residential,10.99,76.95
way/501935219,Unnamed Feature,road,10.9895928,76.9469682,,,residential,10.99,76.95
way/501935221,Unnamed Feature,road,10.9878091,76.9458961,,,residential,10.99,76.95
way/581645033,Unnamed Feature,road,10.9883847,76.9481882,,,residential,10.99,76.95
way/581645034,Unnamed Feature,road,10.9892528,76.9500885,,,residential,10.99,76.95
way/581645035,Unnamed Feature,road,10.988818,76.9496302,,,residential,10.99,76.95
way/581645036,Unnamed Feature,road,10.9891196,76.9495357,,,residential,10.99,76.95
way/581645037,Unnamed Feature,road,10.9901219,76.9494783,,,residential,10.99,76.95
way/581645038,Unnamed Feature,road,10.9923061,76.949546,,,residential,10.99,76.95
way/581645039,Unnamed Feature,road,10.9938225,76.9498416,,,residential,10.99,76.95
way/581645040,Unnamed Feature,road,10.9944627,76.9502767,,,residential,10.99,76.95
way/593055672,Unnamed Feature,road,10.9929741,76.9502115,,,service,10.99,76.95
way/593055673,Unnamed Feature,road,10.9933015,76.9470119,,,unclassified,10.99,76.95
way/593055675,Unnamed Feature,road,10.9939945,76.9480052,,,unclassified,10.99,76.95
way/594662194,Unnamed Feature,road,10.9914288,76.9528341,,,residential,10.99,76.95
way/909831928,Unnamed Feature,road,10.9907736,76.9545825,,,unclassified,10.99,76.95
way/914534032,Unnamed Feature,road,10.9925594,76.950659,,,residential,10.99,76.95
way/992425907,Unnamed Feature,road,10.9918674,76.9458597,,,residential,10.99,76.95
way/992428535,Unnamed Feature,road,10.9904007,76.9499502,,,residential,10.99,76.95
way/992428536,Unnamed Feature,road,10.9907504,76.9494686,,,residential,10.99,76.95
way/992428537,Unnamed Feature,road,10.9868015,76.9489821,,,residential,10.99,76.95
way/992428538,Unnamed Feature,road,10.9870973,76.9492209,,,residential,10.99,76.95
way/992428539,Unnamed Feature,road,10.986775,76.9499798,,,residential,10.99,76.95
way/993568910,Unnamed Feature,road,10.9855637,76.9507355,,,residential,10.99,76.95
way/993568911,Unnamed Feature,road,10.9863953,76.9526765,,,unclassified,10.99,76.95
way/993568912,Unnamed Feature,road,10.9874908,76.9532836,,,unclassified,10.99,76.95
way/993568913,Unnamed Feature,road,10.9868741,76.9535914,,,unclassified,10.99,76.95
way/993568914,Unnamed Feature,road,10.9883471,76.9507664,,,residential,10.99,76.95
way/993568915,Unnamed Feature,road,10.9897817,76.9511524,,,residential,10.99,76.95
way/993568916,Unnamed Feature,road,10.9889345,76.953225,,,residential,10.99,76.95
way/1014054395,Unnamed Feature,road,10.9945714,76.948585,,,residential,10.99,76.95
way/1015026832,Unnamed Feature,road,10.9921767,76.9515768,,,secondary,10.99,76.95
way/1015026833,Unnamed Feature,road,10.9923369,76.9509949,,,secondary,10.99,76.95
way/1190160445,Unnamed Feature,road,10.9893438,76.9474565,,,residential,10.99,76.95
way/1192796496,Unnamed Feature,road,10.9898976,76.9527245,,,residential,10.99,76.95
way/1196985216,Unnamed Feature,road,10.9899605,76.9512749,,,residential,10.99,76.95
way/1196985217,Unnamed Feature,road,10.9874133,76.9499249,,,residential,10.99,76.95
way/1207660676,Coimbatore - Siruvani Road,road,10.9919857,76.9510795,,,primary,10.99,76.95
way/1207660678,Karuppa Gounder Street,road,10.9915679,76.9540392,,,tertiary,10.99,76.95
way/1207660679,Unnamed Feature,road,10.9926698,76.9527497,,,secondary,10.99,76.95
way/1215919841,Unnamed Feature,road,10.9858526,76.9487529,,,residential,10.99,76.95
way/1215919842,Unnamed Feature,road,10.9854765,76.949697,,,residential,10.99,76.95
way/1215919843,Unnamed Feature,road,10.9890322,76.9493029,,,residential,10.99,76.95
way/1225591565,Unnamed Feature,road,10.9933703,76.951115,,,service,10.99,76.95
way/1225591566,Unnamed Feature,road,10.9933167,76.9509242,,,service,10.99,76.95
way/1225591964,Unnamed Feature,road,10.9937363,76.9509606,,,service,10.99,76.95
way/1225591965,Unnamed Feature,road,10.9936411,76.9505823,,,service,10.99,76.95
way/1225591966,Unnamed Feature,road,10.9937238,76.9516486,,,residential,10.99,76.95
way/1225591967,Unnamed Feature,road,10.9933798,76.9516637,,,residential,10.99,76.95
way/1234242998,Unnamed Feature,road,10.9902202,76.9488511,,,residential,10.99,76.95
way/1234242999,Unnamed Feature,road,10.9900577,76.9483675,,,residential,10.99,76.95
way/1234243000,Unnamed Feature,road,10.9903748,76.9486022,,,residential,10.99,76.95
way/1235003656,Unnamed Feature,road,10.9873012,76.9481776,,,residential,10.99,76.95
way/1235006266,Unnamed Feature,road,10.9881731,76.9488161,,,residential,10.99,76.95
way/1235262835,Unnamed Feature,road,10.9932087,76.9471889,,,residential,10.99,76.95
way/1338513982,Unnamed Feature,road,10.9861984,76.9486486,,,residential,10.99,76.95
way/1338513983,Unnamed Feature,road,10.9869595,76.9504929,,,residential,10.99,76.95
way/1338513984,Unnamed Feature,road,10.9872078,76.9506527,,,residential,10.99,76.95
way/1338513985,Unnamed Feature,road,10.9866411,76.9505385,,,residential,10.99,76.95
way/1338513986,Unnamed Feature,road,10.9870413,76.952035,,,residential,10.99,76.95
way/1338513987,Unnamed Feature,road,10.9873563,76.9521928,,,residential,10.99,76.95
way/1338513988,Unnamed Feature,road,10.9867684,76.9523316,,,residential,10.99,76.95
way/1338513989,Unnamed Feature,road,10.9885744,76.9538605,,,residential,10.99,76.95
way/1338513990,Unnamed Feature,road,10.9884493,76.953981,,,residential,10.99,76.95
way/1338513991,Unnamed Feature,road,10.9881404,76.9539044,,,residential,10.99,76.95
way/1338513993,Unnamed Feature,road,10.9888252,76.9534354,,,residential,10.99,76.95
way/1338513994,Unnamed Feature,road,10.9893604,76.9538491,,,residential,10.99,76.95
way/1341785167,Unnamed Feature,road,10.9903033,76.9502544,,,residential,10.99,76.95
way/1341785168,Unnamed Feature,road,10.9900077,76.9501728,,,residential,10.99,76.95
way/1385752005,Unnamed Feature,road,10.9894884,76.9522496,,,unclassified,10.99,76.95
way/1385752006,Unnamed Feature,road,10.9885507,76.9522879,,,unclassified,10.99,76.95
way/1459347295,Unnamed Feature,road,10.9865336,76.9485522,,,residential,10.99,76.95
way/207906002,Unnamed Feature,road,11.6788987,78.1371051,,,residential,11.680273699999999,78.13176059999999
way/207906014,Unnamed Feature,road,11.680798,78.1378997,,,residential,11.680273699999999,78.13176059999999
way/207906020,Unnamed Feature,road,11.6794181,78.1388101,,,residential,11.680273699999999,78.13176059999999
way/356793922,Unnamed Feature,road,11.6809581,78.1342962,,,residential,11.680273699999999,78.13176059999999
way/356793925,Unnamed Feature,road,11.6805241,78.133572,,,residential,11.680273699999999,78.13176059999999
way/356793947,Unnamed Feature,road,11.680183,78.1336159,,,residential,11.680273699999999,78.13176059999999
way/356793948,Unnamed Feature,road,11.6812745,78.1348609,,,residential,11.680273699999999,78.13176059999999
way/356793950,Unnamed Feature,road,11.6794944,78.1356598,,,residential,11.680273699999999,78.13176059999999
way/356793956,Unnamed Feature,road,11.679569,78.1357771,,,residential,11.680273699999999,78.13176059999999
way/356793960,Unnamed Feature,road,11.6815127,78.1355903,,,residential,11.680273699999999,78.13176059999999
way/356793962,Unnamed Feature,road,11.6821711,78.1361562,,,residential,11.680273699999999,78.13176059999999
way/356793966,Unnamed Feature,road,11.6805699,78.1322486,,,residential,11.680273699999999,78.13176059999999
way/356793967,Unnamed Feature,road,11.6823501,78.1365875,,,residential,11.680273699999999,78.13176059999999
way/356793970,Unnamed Feature,road,11.6798299,78.1367725,,,residential,11.680273699999999,78.13176059999999
way/356793986,Unnamed Feature,road,11.6806501,78.1328854,,,residential,11.680273699999999,78.13176059999999
way/356793994,Unnamed Feature,road,11.6804161,78.1352354,,,residential,11.680273699999999,78.13176059999999
way/356793997,Unnamed Feature,road,11.6785755,78.1359592,,,residential,11.680273699999999,78.13176059999999
way/356793998,Unnamed Feature,road,11.6810432,78.1355329,,,residential,11.680273699999999,78.13176059999999
way/356880929,Unnamed Feature,road,11.6823054,78.1357515,,,residential,11.680273699999999,78.13176059999999
way/1066303177,Unnamed Feature,road,11.6818714,78.1349276,,,residential,11.680273699999999,78.13176059999999
way/1066303178,Unnamed Feature,road,11.681097,78.1350276,,,residential,11.680273699999999,78.13176059999999
way/1066303179,Unnamed Feature,road,11.6806626,78.1350555,,,residential,11.680273699999999,78.13176059999999
way/1066303180,Unnamed Feature,road,11.6800766,78.1353154,,,residential,11.680273699999999,78.13176059999999
way/1066303181,Unnamed Feature,road,11.6787643,78.1360033,,,residential,11.680273699999999,78.13176059999999
node/321420801,Punjab National Bank,bank,11.0113022,76.9667545,bank,,,11.01,76.97
node/321420807,Punjab National Bank,bank,11.0112887,76.9672054,bank,,,11.01,76.97
node/321420833,Arunn Surgery,healthcare,11.0110912,76.9671438,clinic,,,11.01,76.97
node/330070079,Sunday Market,grocery_store,11.0087589,76.9667366,,supermarket,,11.01,76.97
node/337578514,Stanes Higher Secondary School,education,11.0063593,76.9724885,school,,,11.01,76.97
node/1314013924,Boomerang Ice Creams,restaurant,11.0057376,76.9692491,restaurant,,,11.01,76.97
node/1473814193,Unnamed Feature,bus_stop,11.0089396,76.9671695,,,bus_stop,11.01,76.97
node/1473814211,Unnamed Feature,bus_stop,11.010206,76.9670675,,,bus_stop,11.01,76.97
node/1482717579,Unnamed Feature,shop_clothes,11.0061218,76.9701007,,clothes,,11.01,76.97
node/4432729289,Unnamed Feature,shop_toys,11.0063314,76.9700185,,toys,,11.01,76.97
node/4456100789,Unnamed Feature,shop_car_parts,11.0062423,76.9700236,,car_parts,,11.01,76.97
node/4456100889,Unnamed Feature,shop_car_parts,11.0061773,76.9700235,,car_parts,,11.01,76.97
node/5420294421,Unnamed Feature,shop_travel_agency,11.0101816,76.9663798,,travel_agency,,11.01,76.97
way/22933593,Park Road,road,11.006071,76.9703223,,,secondary,11.01,76.97
way/26764258,Ketrala Club Road,road,11.0078837,76.974147,,,residential,11.01,76.97
way/29982713,Unnamed Feature,road,11.0071488,76.9656495,,,residential,11.01,76.97
way/66102306,Nehru Stadium Road,road,11.0069017,76.9694071,,,residential,11.01,76.97
way/66102339,Nehru Stadium Road,road,11.0077957,76.9689106,,,residential,11.01,76.97
way/66292218,Dr Nanjappa Road,road,11.0060613,76.966623,,,trunk,11.01,76.97
way/66293772,Unnamed Feature,education,11.0059604,76.9734367,school,,,11.01,76.97
way/116587831,VOC Park Road,road,11.0059686,76.9711344,,,residential,11.01,76.97
way/116588886,Grey Town,road,11.0062596,76.9676434,,,residential,11.01,76.97
way/134764500,Kalinganagar Street,road,11.0127904,76.9659998,,,residential,11.01,76.97
way/156335518,Unnamed Feature,road,11.0099933,76.9671339,,,service,11.01,76.97
way/172098485,Unnamed Feature,road,11.0136476,76.9672236,,,service,11.01,76.97
way/206609431,ranga konar st,road,11.0058201,76.9678215,,,residential,11.01,76.97
way/206609433,ranga konar st,road,11.0084812,76.9652764,,,residential,11.01,76.97
way/206775516,VOC Park Road,road,11.0044371,76.9701879,,,residential,11.01,76.97
way/232505840,Unnamed Feature,road,11.0083039,76.9717653,,,residential,11.01,76.97
way/329852895,Unnamed Feature,road,11.0080991,76.9741489,,,residential,11.01,76.97
way/377995936,Unnamed Feature,road,11.0085946,76.9692455,,,unclassified,11.01,76.97
way/581494293,Dr Nanjappa Road,road,11.012496,76.9674955,,,tertiary,11.01,76.97
way/581494297,Sarojini Naidu Road,road,11.0102244,76.966523,,,residential,11.01,76.97
way/581494303,Gandhipuram Flyover,road,11.0171592,76.9699795,,,trunk,11.01,76.97
way/581494313,Dr Nanjappa Road,road,11.0115212,76.9675381,,,tertiary,11.01,76.97
way/588403098,Pathway,road,11.0067497,76.970814,,,footway,11.01,76.97
way/588403099,Pathway,road,11.0065471,76.9708857,,,footway,11.01,76.97
way/588403100,Pathway,road,11.0067734,76.9705682,,,footway,11.01,76.97
way/588403101,Pathway,road,11.0067469,76.9707926,,,footway,11.01,76.97
way/588403102,Pathway ,road,11.0067556,76.9711127,,,footway,11.01,76.97
way/588403103,Pathway,road,11.0068306,76.9708744,,,footway,11.01,76.97
way/592906256,Unnamed Feature,road,11.0059683,76.9702473,,,residential,11.01,76.97
way/598051490,Park Road,road,11.0046642,76.9710155,,,residential,11.01,76.97
way/633920869,Gandhipuram Flyover,road,11.017143,76.9700811,,,trunk,11.01,76.97
way/651641257,Global Ortho & Trauma Hospital,healthcare,11.0108233,76.9661375,hospital,,,11.01,76.97
way/651641873,Unnamed Feature,road,11.0113781,76.9685365,,,unclassified,11.01,76.97
way/651641874,Unnamed Feature,road,11.0113543,76.9679811,,,unclassified,11.01,76.97
way/651641875,Unnamed Feature,road,11.0117915,76.9694163,,,unclassified,11.01,76.97
way/651641876,Unnamed Feature,road,11.0098864,76.9711736,,,unclassified,11.01,76.97
way/651641877,Unnamed Feature,road,11.0104159,76.9720268,,,unclassified,11.01,76.97
way/651641878,Unnamed Feature,road,11.0121508,76.9697341,,,unclassified,11.01,76.97
way/651641879,Unnamed Feature,road,11.0127636,76.9703643,,,unclassified,11.01,76.97
way/651641880,Unnamed Feature,road,11.0126201,76.9700764,,,unclassified,11.01,76.97
way/651641881,Unnamed Feature,road,11.0110709,76.9705286,,,unclassified,11.01,76.97
way/651641882,Unnamed Feature,road,11.0108141,76.9715184,,,unclassified,11.01,76.97
way/651641883,Unnamed Feature,road,11.0116886,76.9711138,,,unclassified,11.01,76.97
way/651641884,Unnamed Feature,road,11.0137032,76.9694407,,,unclassified,11.01,76.97
way/651641885,Unnamed Feature,road,11.0153014,76.9715419,,,unclassified,11.01,76.97
way/740883509,Dr N S Palaniappan Nursing Home,healthcare,11.0078696,76.9662789,hospital,,,11.01,76.97
way/742398428,Unnamed Feature,road,11.0144903,76.9688839,,,residential,11.01,76.97
way/761438347,Unnamed Feature,road,11.0088733,76.9741928,,,residential,11.01,76.97
way/777638193,Coimbatore Corporation Maternity Centre,healthcare,11.0068131,76.9669045,hospital,,,11.01,76.97
way/780268231,Park Road,road,11.0080891,76.9677025,,,secondary,11.01,76.97
way/780268232,Unnamed Feature,road,11.0080076,76.967697,,,secondary,11.01,76.97
way/842246922,Dr Nanjappa Road,road,11.009914,76.9671738,,,tertiary,11.01,76.97
way/854415006,Shri chaithanya Techno School,education,11.0066005,76.9672178,school,,,11.01,76.97
way/854440593,Unnamed Feature,road,11.0066629,76.9677891,,,residential,11.01,76.97
way/854440594,Unnamed Feature,road,11.0066638,76.9683628,,,residential,11.01,76.97
way/910682533,ranga konar st,road,11.0086943,76.9657716,,,residential,11.01,76.97
way/910682534,Unnamed Feature,road,11.0084529,76.965931,,,residential,11.01,76.97
way/960623378,Nehru Stadium Road,road,11.0061446,76.9694027,,,residential,11.01,76.97
way/960623379,Nehru Stadium,road,11.0059904,76.9701606,,,residential,11.01,76.97
way/960623380,Park Road,road,11.0060717,76.970252,,,residential,11.01,76.97
way/960623381,Unnamed Feature,road,11.0070924,76.968495,,,residential,11.01,76.97
way/960623382,Unnamed Feature,road,11.0070891,76.9680842,,,residential,11.01,76.97
way/960623383,Unnamed Feature,road,11.0071015,76.9673289,,,residential,11.01,76.97
way/993568924,Unnamed Feature,road,11.0076354,76.9743596,,,residential,11.01,76.97
way/993568925,Unnamed Feature,road,11.0121383,76.9668225,,,service,11.01,76.97
way/1002513564,Unnamed Feature,road,11.0124528,76.9743276,,,residential,11.01,76.97
way/1002513565,Unnamed Feature,road,11.013574,76.9722694,,,residential,11.01,76.97
way/1002513566,Unnamed Feature,road,11.0134213,76.971395,,,residential,11.01,76.97
way/1002513567,Unnamed Feature,road,11.0126982,76.9713822,,,residential,11.01,76.97
way/1013107778,Unnamed Feature,road,11.0136259,76.9677062,,,service,11.01,76.97
way/1082630677,Dr Nanjappa Road,road,11.0151053,76.9681707,,,tertiary,11.01,76.97
way/1092803707,Unnamed Feature,road,11.0069346,76.9666757,,,trunk_link,11.01,76.97
way/1104623839,Unnamed Feature,road,11.0092537,76.9727826,,,residential,11.01,76.97
way/1104623840,Unnamed Feature,road,11.0098009,76.9736055,,,residential,11.01,76.97
way/1192840406,Ketrala Club Road,road,11.007496,76.9722962,,,residential,11.01,76.97
way/1208983187,Kalinganagar Street,road,11.0096573,76.9653361,,,residential,11.01,76.97
way/1208983188,Kalinganagar Street,road,11.0107803,76.9658876,,,residential,11.01,76.97
way/1208983189,Sastri Road,road,11.0111884,76.966625,,,residential,11.01,76.97
way/1225579078,Unnamed Feature,road,11.0090768,76.9744827,,,service,11.01,76.97
way/1225579079,Unnamed Feature,road,11.00938,76.9744877,,,service,11.01,76.97
way/1230291768,Unnamed Feature,road,11.0130787,76.9671594,,,service,11.01,76.97
way/1230291769,Unnamed Feature,road,11.0131794,76.9669889,,,service,11.01,76.97
way/1230296769,Unnamed Feature,road,11.0122975,76.9663676,,,service,11.01,76.97
way/1230297718,Unnamed Feature,road,11.0119361,76.9660976,,,service,11.01,76.97
way/1230297719,Unnamed Feature,road,11.0119256,76.9663082,,,service,11.01,76.97
way/1290162184,Dr Nanjappa Road,road,11.0088056,76.9672017,,,trunk,11.01,76.97
way/1290162185,Dr Nanjappa Road,road,11.0088798,76.9670353,,,trunk,11.01,76.97
way/1290162186,Unnamed Feature,road,11.0080741,76.9670267,,,trunk,11.01,76.97
way/1317841913,Gandhipuram Flyover,road,11.0095973,76.9672857,,,trunk,11.01,76.97
way/1317841914,Gandhipuram Flyover,road,11.0096753,76.9671938,,,trunk,11.01,76.97
way/1337852636,Unnamed Feature,road,11.0113878,76.9667115,,,residential,11.01,76.97
way/1337852637,Unnamed Feature,road,11.0115781,76.9661012,,,residential,11.01,76.97
way/1337852640,Unnamed Feature,road,11.0127648,76.9663256,,,residential,11.01,76.97
way/1337852641,Unnamed Feature,road,11.0136522,76.9680644,,,residential,11.01,76.97
way/1337852642,Unnamed Feature,road,11.0132384,76.968057,,,residential,11.01,76.97
way/1337852643,Unnamed Feature,road,11.013711,76.9691943,,,residential,11.01,76.97
way/1337852644,Unnamed Feature,road,11.0138258,76.969746,,,residential,11.01,76.97
way/1337852646,Unnamed Feature,road,11.0148428,76.9704916,,,residential,11.01,76.97
way/1338144762,Unnamed Feature,road,11.0093787,76.9720004,,,residential,11.01,76.97
way/1338144763,Unnamed Feature,road,11.0088789,76.9713159,,,residential,11.01,76.97
way/1338144768,Unnamed Feature,road,11.0079051,76.9664123,,,residential,11.01,76.97
way/1338144769,Unnamed Feature,road,11.0093919,76.9659056,,,residential,11.01,76.97
way/1338144770,Unnamed Feature,road,11.0089253,76.9659008,,,residential,11.01,76.97
way/1338144771,Unnamed Feature,road,11.0104721,76.9666431,,,residential,11.01,76.97
way/1343856651,Unnamed Feature,road,11.0098675,76.9667846,,,service,11.01,76.97
way/1343856652,Unnamed Feature,road,11.0101174,76.9668744,,,service,11.01,76.97
way/1336418929,Unnamed Feature,road,11.3974353,78.1654999,,,unclassified,11.3992039,78.165763
way/1336418930,Unnamed Feature,road,11.396264,78.1658122,,,unclassified,11.3992039,78.165763
way/1336418931,Unnamed Feature,road,11.3945291,78.1627645,,,unclassified,11.3992039,78.165763
node/1752690709,ThiruvaGoundanur,bus_stop,11.6675072,78.1246674,,,bus_stop,11.6702737,78.1217606
node/1752690710,ThiruvaGoundanur,bus_stop,11.6675364,78.1246673,,,bus_stop,11.6702737,78.1217606
node/1752690714,ThiruvaGoundanur,bus_stop,11.6675588,78.1249525,,,bus_stop,11.6702737,78.1217606
node/1752690717,ThiruvaGoundanur,bus_stop,11.6673988,78.1248849,,,bus_stop,11.6702737,78.1217606
node/1752690718,ThiruvaGoundanur,bus_stop,11.6675834,78.1246808,,,bus_stop,11.6702737,78.1217606
node/10688153227,Axis Bank,bank,11.6732727,78.1215229,bank,,,11.6702737,78.1217606
node/13348664901,Shri Sanjhana Stores,grocery_store,11.6721999,78.1230684,,grocery,,11.6702737,78.1217606
node/13348666401,Sakthi Medicals,shop_medical_supply,11.6721594,78.1230541,,medical_supply,,11.6702737,78.1217606
node/13349340101,Sri Vetri Saloon,shop_hairdresser,11.6721273,78.1230619,,hairdresser,,11.6702737,78.1217606
way/31857704,Unnamed Feature,road,11.6657506,78.1216055,,,residential,11.6702737,78.1217606
way/163604262,Roundabout,road,11.667522,78.1248123,,,primary,11.6702737,78.1217606
way/207894449,Unnamed Feature,road,11.6700651,78.1224413,,,residential,11.6702737,78.1217606
way/207894451,Unnamed Feature,road,11.6701093,78.1248522,,,residential,11.6702737,78.1217606
way/207894452,Unnamed Feature,road,11.6704845,78.1233418,,,residential,11.6702737,78.1217606
way/207894454,Kennadi Nagar 2nd street,road,11.6718545,78.1224472,,,residential,11.6702737,78.1217606
way/207894456,Unnamed Feature,road,11.6715849,78.1224313,,,residential,11.6702737,78.1217606
way/207894457,Unnamed Feature,road,11.6703582,78.1223734,,,residential,11.6702737,78.1217606
way/207894459,Kennadi Nagar,road,11.6720936,78.1225417,,,residential,11.6702737,78.1217606
way/207894461,Unnamed Feature,road,11.6696266,78.1245153,,,residential,11.6702737,78.1217606
way/207894498,Gangai Street,road,11.6706139,78.12459,,,residential,11.6702737,78.1217606
way/208362000,Unnamed Feature,road,11.6677111,78.1211737,,,residential,11.6702737,78.1217606
way/309127278,Unnamed Feature,road,11.667783,78.1218054,,,residential,11.6702737,78.1217606
way/309127280,Unnamed Feature,road,11.6657485,78.1223358,,,residential,11.6702737,78.1217606
way/309127281,Unnamed Feature,road,11.666016,78.1227334,,,residential,11.6702737,78.1217606
way/309127283,Unnamed Feature,road,11.6671299,78.1210722,,,residential,11.6702737,78.1217606
way/309127284,Unnamed Feature,road,11.6707785,78.122409,,,residential,11.6702737,78.1217606
way/309127288,Unnamed Feature,road,11.6680187,78.1218274,,,residential,11.6702737,78.1217606
way/309127290,Unnamed Feature,road,11.6668981,78.1232372,,,residential,11.6702737,78.1217606
way/480605771,Unnamed Feature,road,11.668002,78.1254208,,,residential,11.6702737,78.1217606
way/660564033,Unnamed Feature,road,11.6657785,78.1238504,,,tertiary,11.6702737,78.1217606
way/660564034,Unnamed Feature,road,11.6675755,78.1248751,,,trunk,11.6702737,78.1217606
way/660564036,Flyover,road,11.6686325,78.1253994,,,trunk,11.6702737,78.1217606
way/951921731,"3rd Cross, Nedunchalai Nagar",road,11.6691326,78.1244195,,,residential,11.6702737,78.1217606
way/1043795544,Pallapatti - Suramangalam Road,road,11.6658633,78.1283408,,,primary,11.6702737,78.1217606
way/1043795545,Unnamed Feature,road,11.6657335,78.1236733,,,trunk,11.6702737,78.1217606
way/1043795546,Unnamed Feature,road,11.665796,78.1236566,,,tertiary,11.6702737,78.1217606
way/1078150868,Unnamed Feature,road,11.6701229,78.1231317,,,residential,11.6702737,78.1217606
way/1078150869,Unnamed Feature,road,11.6699481,78.1237423,,,residential,11.6702737,78.1217606
way/1078150870,Unnamed Feature,road,11.6701676,78.1237361,,,residential,11.6702737,78.1217606
way/1078150871,Unnamed Feature,road,11.6696093,78.123224,,,residential,11.6702737,78.1217606
way/1078150872,Unnamed Feature,road,11.6695121,78.1236113,,,residential,11.6702737,78.1217606
way/1078150873,Unnamed Feature,road,11.6692547,78.1234922,,,residential,11.6702737,78.1217606
way/1078150874,Unnamed Feature,road,11.6690839,78.1232428,,,residential,11.6702737,78.1217606
way/1078150875,Unnamed Feature,road,11.6692494,78.1228866,,,residential,11.6702737,78.1217606
way/1078150876,Unnamed Feature,road,11.6686958,78.1231479,,,residential,11.6702737,78.1217606
way/1078150877,Unnamed Feature,road,11.6688029,78.1233447,,,residential,11.6702737,78.1217606
way/1120042002,Unnamed Feature,road,11.666186,78.1280326,,,primary,11.6702737,78.1217606
way/1120323843,Unnamed Feature,road,11.6671018,78.1214781,,,residential,11.6702737,78.1217606
way/1188625420,Unnamed Feature,road,11.6673998,78.1243135,,,primary_link,11.6702737,78.1217606
way/1214250720,Unnamed Feature,road,11.6660425,78.1211266,,,residential,11.6702737,78.1217606
way/1214250721,Unnamed Feature,road,11.6661653,78.1208936,,,residential,11.6702737,78.1217606
way/1214250722,Unnamed Feature,road,11.6658534,78.1220307,,,residential,11.6702737,78.1217606
way/1214250723,Unnamed Feature,road,11.6662854,78.1222503,,,residential,11.6702737,78.1217606
way/1214250724,Unnamed Feature,road,11.6667123,78.1221172,,,residential,11.6702737,78.1217606
way/1214250725,Unnamed Feature,road,11.6670917,78.1225974,,,residential,11.6702737,78.1217606
way/1214250726,Unnamed Feature,road,11.6675946,78.1229168,,,residential,11.6702737,78.1217606
way/1214250727,Unnamed Feature,road,11.6676846,78.1227639,,,residential,11.6702737,78.1217606
way/1214250728,Unnamed Feature,road,11.6675013,78.1218267,,,residential,11.6702737,78.1217606
way/1214252287,Unnamed Feature,road,11.6671542,78.1237578,,,residential,11.6702737,78.1217606
way/1214253922,Unnamed Feature,road,11.6731451,78.1224352,,,residential,11.6702737,78.1217606
way/1214253923,Unnamed Feature,road,11.6728544,78.1219022,,,residential,11.6702737,78.1217606
way/1214253924,Unnamed Feature,road,11.6728093,78.122407,,,residential,11.6702737,78.1217606
way/1214253925,Unnamed Feature,road,11.6723469,78.1226286,,,residential,11.6702737,78.1217606
way/1214253926,Unnamed Feature,road,11.6727852,78.1217211,,,residential,11.6702737,78.1217606
way/1214253927,Unnamed Feature,road,11.6715618,78.123223,,,residential,11.6702737,78.1217606
way/1214253928,Unnamed Feature,road,11.6694312,78.1252927,,,residential,11.6702737,78.1217606
way/1225964500,Narmada Street,road,11.6710441,78.1249322,,,residential,11.6702737,78.1217606
way/1391368779,Unnamed Feature,road,11.6673354,78.1245531,,,tertiary,11.6702737,78.1217606
way/1391372213,Unnamed Feature,road,11.667301,78.1248233,,,tertiary,11.6702737,78.1217606
node/5349549821,Greyhound,bus_stop,44.9319574,-123.029788,,,bus_stop,44.9316565,-123.03562099999999
node/9971400883,Andrea's Salon de Fleur,shop_beauty,44.9316923,-123.0292797,,beauty,,44.9316565,-123.03562099999999
node/10119891407,"Salem Pulmonary Associates, PC & Sleep Center",healthcare,44.9315307,-123.0353649,doctors,,,44.9316565,-123.03562099999999
node/10119959217,Salem Health Specialty Clinic - Cardiology,healthcare,44.931321,-123.034634,doctors,,,44.9316565,-123.03562099999999
node/11363194536,Mission @ University,bus_stop,44.9303157,-123.0320749,,,bus_stop,44.9316565,-123.03562099999999
node/11363194537,Mission @ University,bus_stop,44.9304184,-123.0315906,,,bus_stop,44.9316565,-123.03562099999999
node/11363208125,12th @ Lee,bus_stop,44.9290587,-123.0308062,,,bus_stop,44.9316565,-123.03562099999999
way/5495923,Capitol Street Southeast,road,44.9311872,-123.0329616,,,tertiary,44.9316565,-123.03562099999999
way/5502616,Kearney Street Southeast,road,44.9321551,-123.0417002,,,residential,44.9316565,-123.03562099999999
way/5503514,Lee Street Southeast,road,44.9287543,-123.0308869,,,residential,44.9316565,-123.03562099999999
way/5505905,Waller Street Southeast,road,44.9277804,-123.0315344,,,residential,44.9316565,-123.03562099999999
way/5511913,Bush Street Southeast,road,44.9311606,-123.0417749,,,residential,44.9316565,-123.03562099999999
way/30596536,Unnamed Feature,road,44.93115,-123.0298822,,,trunk,44.9316565,-123.03562099999999
way/30637380,Unnamed Feature,road,44.929916,-123.0281716,,,trunk,44.9316565,-123.03562099999999
way/31126713,Mission Street Southeast,road,44.9298126,-123.0298222,,,cycleway,44.9316565,-123.03562099999999
way/31126714,12th Street Southeast,road,44.9266465,-123.0306386,,,secondary,44.9316565,-123.03562099999999
way/31126715,Mission Street Southeast,road,44.9299331,-123.0302409,,,secondary,44.9316565,-123.03562099999999
way/31126716,Mission Street Southeast,road,44.9298014,-123.029601,,,secondary,44.9316565,-123.03562099999999
way/34894574,Mission Street Southeast,road,44.9299306,-123.0295385,,,secondary,44.9316565,-123.03562099999999
way/37097529,Unnamed Feature,road,44.9316355,-123.0379801,,,footway,44.9316565,-123.03562099999999
way/38608632,Mission Street Southeast,road,44.9302731,-123.0315324,,,secondary,44.9316565,-123.03562099999999
way/38608634,12th Street Southeast,road,44.9309876,-123.0301117,,,secondary,44.9316565,-123.03562099999999
way/38608636,Unnamed Feature,road,44.9316573,-123.0372064,,,service,44.9316565,-123.03562099999999
way/133919907,Leslie Street Southeast,road,44.9311589,-123.030755,,,residential,44.9316565,-123.03562099999999
way/133919908,Unnamed Feature,road,44.9316901,-123.0318201,,,service,44.9316565,-123.03562099999999
way/133919911,Unnamed Feature,road,44.9318598,-123.0324777,,,service,44.9316565,-123.03562099999999
way/162922287,Mission Street Southeast,road,44.9301105,-123.030039,,,footway,44.9316565,-123.03562099999999
way/162922288,Mission Street Southeast,road,44.9301863,-123.0307401,,,secondary,44.9316565,-123.03562099999999
way/162922289,Mission Street Southeast,road,44.9299277,-123.0306369,,,footway,44.9316565,-123.03562099999999
way/163751246,Mission Street Southeast,road,44.930064,-123.03017,,,secondary,44.9316565,-123.03562099999999
way/167405402,Bush Street Southeast,road,44.9310261,-123.0401333,,,service,44.9316565,-123.03562099999999
way/169070012,Unnamed Feature,road,44.9303508,-123.0344447,,,service,44.9316565,-123.03562099999999
way/169949625,Mission Street Southeast,road,44.9302161,-123.0305306,,,footway,44.9316565,-123.03562099999999
way/169949629,Mission Street Southeast,road,44.9300099,-123.0297424,,,cycleway,44.9316565,-123.03562099999999
way/169949632,Mission Street Southeast,road,44.9298403,-123.0301405,,,footway,44.9316565,-123.03562099999999
way/169949638,Unnamed Feature,road,44.9311804,-123.0292768,,,service,44.9316565,-123.03562099999999
way/169949641,Unnamed Feature,road,44.9304807,-123.0295642,,,service,44.9316565,-123.03562099999999
way/169949643,Unnamed Feature,road,44.9293837,-123.0300734,,,service,44.9316565,-123.03562099999999
way/169949652,Unnamed Feature,road,44.930586,-123.0296754,,,service,44.9316565,-123.03562099999999
way/169949653,Unnamed Feature,road,44.9291635,-123.030203,,,service,44.9316565,-123.03562099999999
way/169949660,Unnamed Feature,road,44.9307352,-123.0296151,,,service,44.9316565,-123.03562099999999
way/169949697,Unnamed Feature,road,44.9302339,-123.029786,,,service,44.9316565,-123.03562099999999
way/169949701,Unnamed Feature,road,44.9303889,-123.0296512,,,service,44.9316565,-123.03562099999999
way/169949703,Unnamed Feature,road,44.9307748,-123.0292551,,,service,44.9316565,-123.03562099999999
way/169949719,Unnamed Feature,road,44.9314853,-123.0295015,,,service,44.9316565,-123.03562099999999
way/169949720,Unnamed Feature,road,44.929131,-123.0302109,,,service,44.9316565,-123.03562099999999
way/181492266,Winter Street Southeast,road,44.9325584,-123.0352369,,,tertiary,44.9316565,-123.03562099999999
way/181492271,Winter Street Southeast,road,44.9319122,-123.0355631,,,tertiary,44.9316565,-123.03562099999999
way/181492273,Unnamed Feature,road,44.9314849,-123.0373833,,,service,44.9316565,-123.03562099999999
way/181492924,Unnamed Feature,road,44.928268,-123.0315056,,,service,44.9316565,-123.03562099999999
way/182810358,Mission Street Southeast,road,44.9310053,-123.0343802,,,secondary,44.9316565,-123.03562099999999
way/182810359,Mission Street Southeast,road,44.9308298,-123.0337229,,,secondary,44.9316565,-123.03562099999999
way/182810360,Unnamed Feature,road,44.927323,-123.0340804,,,footway,44.9316565,-123.03562099999999
way/182810364,Unnamed Feature,road,44.9310456,-123.0353452,,,service,44.9316565,-123.03562099999999
way/182810365,Unnamed Feature,road,44.9308662,-123.0389605,,,footway,44.9316565,-123.03562099999999
way/182810366,Unnamed Feature,road,44.9315267,-123.0373462,,,footway,44.9316565,-123.03562099999999
way/182810370,Unnamed Feature,road,44.9286417,-123.0378219,,,path,44.9316565,-123.03562099999999
way/182810374,Unnamed Feature,road,44.9301667,-123.0355383,,,footway,44.9316565,-123.03562099999999
way/182810375,Unnamed Feature,road,44.9269867,-123.0372741,,,footway,44.9316565,-123.03562099999999
way/182810380,Unnamed Feature,road,44.9313337,-123.0390512,,,service,44.9316565,-123.03562099999999
way/182810382,Unnamed Feature,road,44.931412,-123.0359193,,,footway,44.9316565,-123.03562099999999
way/182810384,Unnamed Feature,road,44.9274958,-123.0341914,,,footway,44.9316565,-123.03562099999999
way/182810386,Unnamed Feature,road,44.930881,-123.0370783,,,cycleway,44.9316565,-123.03562099999999
way/182810390,Unnamed Feature,road,44.9275647,-123.0374937,,,footway,44.9316565,-123.03562099999999
way/182810395,Unnamed Feature,road,44.9286669,-123.0396156,,,path,44.9316565,-123.03562099999999
way/182942235,Unnamed Feature,road,44.930818,-123.0358966,,,path,44.9316565,-123.03562099999999
way/182942237,Unnamed Feature,road,44.9304643,-123.0348343,,,service,44.9316565,-123.03562099999999
way/182942239,Unnamed Feature,road,44.93076,-123.0378547,,,service,44.9316565,-123.03562099999999
way/182942245,Unnamed Feature,road,44.93086,-123.0384547,,,footway,44.9316565,-123.03562099999999
way/182942247,Unnamed Feature,road,44.9290124,-123.0383346,,,footway,44.9316565,-123.03562099999999
way/182942253,Unnamed Feature,road,44.9312135,-123.0360944,,,footway,44.9316565,-123.03562099999999
way/182942258,Unnamed Feature,road,44.9307921,-123.0360295,,,cycleway,44.9316565,-123.03562099999999
way/182942264,Unnamed Feature,road,44.9304243,-123.0324969,,,footway,44.9316565,-123.03562099999999
way/182942266,Unnamed Feature,road,44.9278608,-123.0327671,,,footway,44.9316565,-123.03562099999999
way/182942268,Unnamed Feature,road,44.931316,-123.0358563,,,cycleway,44.9316565,-123.03562099999999
way/182942270,Unnamed Feature,road,44.9300714,-123.0383255,,,service,44.9316565,-123.03562099999999
way/182942274,Unnamed Feature,road,44.9313379,-123.0356531,,,footway,44.9316565,-123.03562099999999
way/182942276,Unnamed Feature,road,44.9269265,-123.0380897,,,footway,44.9316565,-123.03562099999999
way/182942279,Unnamed Feature,road,44.9317789,-123.0390842,,,footway,44.9316565,-123.03562099999999
way/182942281,Unnamed Feature,road,44.9291841,-123.0381689,,,service,44.9316565,-123.03562099999999
way/182942284,Unnamed Feature,road,44.9286773,-123.035182,,,footway,44.9316565,-123.03562099999999
way/182942292,Unnamed Feature,road,44.9298965,-123.0347372,,,path,44.9316565,-123.03562099999999
way/182942293,Unnamed Feature,road,44.9309524,-123.0347239,,,footway,44.9316565,-123.03562099999999
way/182942295,Unnamed Feature,road,44.927817,-123.0325555,,,footway,44.9316565,-123.03562099999999
way/182942301,Unnamed Feature,road,44.9313103,-123.0358192,,,footway,44.9316565,-123.03562099999999
way/182942303,Unnamed Feature,road,44.9312222,-123.0358927,,,cycleway,44.9316565,-123.03562099999999
way/182942304,Unnamed Feature,road,44.9317051,-123.0380289,,,footway,44.9316565,-123.03562099999999
way/182942305,Unnamed Feature,road,44.9308107,-123.0346374,,,footway,44.9316565,-123.03562099999999
way/182942306,Unnamed Feature,road,44.9308957,-123.0348235,,,footway,44.9316565,-123.03562099999999
way/182942307,Unnamed Feature,road,44.9277645,-123.0338771,,,footway,44.9316565,-123.03562099999999
way/182942316,Unnamed Feature,road,44.9284545,-123.0338254,,,footway,44.9316565,-123.03562099999999
way/182942321,Unnamed Feature,road,44.9289176,-123.036243,,,cycleway,44.9316565,-123.03562099999999
way/182942327,Unnamed Feature,road,44.9309434,-123.0343762,,,footway,44.9316565,-123.03562099999999
way/182942330,Unnamed Feature,road,44.9309388,-123.0345981,,,footway,44.9316565,-123.03562099999999
way/182942334,Unnamed Feature,road,44.9280079,-123.0330651,,,path,44.9316565,-123.03562099999999
way/182942341,Unnamed Feature,road,44.9295525,-123.0338545,,,path,44.9316565,-123.03562099999999
way/182942343,Unnamed Feature,road,44.9300873,-123.0353476,,,path,44.9316565,-123.03562099999999
way/182942346,Unnamed Feature,road,44.9295482,-123.0388402,,,cycleway,44.9316565,-123.03562099999999
way/182942371,Unnamed Feature,road,44.9307424,-123.0352565,,,footway,44.9316565,-123.03562099999999
way/182942372,Unnamed Feature,road,44.9284421,-123.0379677,,,path,44.9316565,-123.03562099999999
way/182942379,Unnamed Feature,road,44.9313188,-123.0366449,,,path,44.9316565,-123.03562099999999
way/182942382,Unnamed Feature,road,44.9310434,-123.039141,,,service,44.9316565,-123.03562099999999
way/182944846,Unnamed Feature,road,44.9301003,-123.0307417,,,footway,44.9316565,-123.03562099999999
way/183376514,Mission Street Southeast,road,44.9303066,-123.0314084,,,secondary,44.9316565,-123.03562099999999
way/183811430,Unnamed Feature,road,44.9316649,-123.0304993,,,service,44.9316565,-123.03562099999999
way/183811432,Unnamed Feature,road,44.9306465,-123.0310142,,,service,44.9316565,-123.03562099999999
way/183811454,Unnamed Feature,road,44.9310301,-123.0347694,,,service,44.9316565,-123.03562099999999
way/183811463,Unnamed Feature,road,44.9307058,-123.0348271,,,service,44.9316565,-123.03562099999999
way/197954695,Mission Street Southeast,road,44.9312126,-123.03517,,,secondary,44.9316565,-123.03562099999999
way/222714942,12th Street Southeast,road,44.930077,-123.030577,,,secondary,44.9316565,-123.03562099999999
way/260503592,Unnamed Feature,road,44.9314486,-123.0357701,,,footway,44.9316565,-123.03562099999999
way/260503593,Unnamed Feature,road,44.9307171,-123.0331875,,,footway,44.9316565,-123.03562099999999
way/260552693,Pioneer Trust Bank,bank,44.93191,-123.0299826,bank,,,44.9316565,-123.03562099999999
way/345612382,Unnamed Feature,road,44.9282394,-123.0334781,,,path,44.9316565,-123.03562099999999
way/345612383,Unnamed Feature,road,44.9295284,-123.0343686,,,path,44.9316565,-123.03562099999999
way/345612384,Unnamed Feature,road,44.930483,-123.0354353,,,path,44.9316565,-123.03562099999999
way/345612386,Unnamed Feature,road,44.9307901,-123.0390462,,,service,44.9316565,-123.03562099999999
way/345612387,Unnamed Feature,road,44.9307043,-123.039251,,,service,44.9316565,-123.03562099999999
way/345612389,Unnamed Feature,road,44.9275952,-123.0351938,,,footway,44.9316565,-123.03562099999999
way/345612390,Unnamed Feature,road,44.9278946,-123.0331834,,,path,44.9316565,-123.03562099999999
way/476730755,Mission Street Southeast,road,44.9317318,-123.0371521,,,secondary,44.9316565,-123.03562099999999
way/478493264,Unnamed Feature,road,44.9328646,-123.0349042,,,service,44.9316565,-123.03562099999999
way/478493265,Unnamed Feature,road,44.9332233,-123.0348827,,,service,44.9316565,-123.03562099999999
way/478493266,Unnamed Feature,road,44.9331246,-123.0350197,,,service,44.9316565,-123.03562099999999
way/478493267,Unnamed Feature,road,44.932463,-123.0357925,,,service,44.9316565,-123.03562099999999
way/478493268,Unnamed Feature,road,44.9321961,-123.0358265,,,service,44.9316565,-123.03562099999999
way/478493269,Unnamed Feature,road,44.9323358,-123.0374624,,,service,44.9316565,-123.03562099999999
way/478493270,Unnamed Feature,road,44.9321789,-123.0376013,,,service,44.9316565,-123.03562099999999
way/478493271,Unnamed Feature,road,44.932032,-123.0371207,,,service,44.9316565,-123.03562099999999
way/478493272,Unnamed Feature,road,44.932032,-123.0371299,,,service,44.9316565,-123.03562099999999
way/478493274,Unnamed Feature,road,44.9322948,-123.0366214,,,service,44.9316565,-123.03562099999999
way/478493275,Unnamed Feature,road,44.9323291,-123.0362192,,,service,44.9316565,-123.03562099999999
way/478493282,Unnamed Feature,road,44.9329828,-123.035016,,,footway,44.9316565,-123.03562099999999
way/478493287,Hanger Clinic,healthcare,44.9313654,-123.0302624,doctors,,,44.9316565,-123.03562099999999
way/478493304,Unnamed Feature,road,44.9317336,-123.0334677,,,service,44.9316565,-123.03562099999999
way/478493305,Unnamed Feature,road,44.931679,-123.0332468,,,service,44.9316565,-123.03562099999999
way/478493306,Unnamed Feature,road,44.9311859,-123.0330583,,,service,44.9316565,-123.03562099999999
way/478493307,Unnamed Feature,road,44.931937,-123.0341926,,,service,44.9316565,-123.03562099999999
way/478493308,Unnamed Feature,road,44.9320471,-123.0341854,,,service,44.9316565,-123.03562099999999
way/478493309,Unnamed Feature,road,44.9317936,-123.0341472,,,service,44.9316565,-123.03562099999999
way/478493310,Unnamed Feature,road,44.9312204,-123.0338934,,,service,44.9316565,-123.03562099999999
way/478493311,Unnamed Feature,road,44.9320228,-123.0346613,,,service,44.9316565,-123.03562099999999
way/478493313,Unnamed Feature,road,44.9310742,-123.0322788,,,service,44.9316565,-123.03562099999999
way/478493316,Unnamed Feature,road,44.9320449,-123.0318004,,,service,44.9316565,-123.03562099999999
way/478493317,Unnamed Feature,road,44.9318885,-123.0318775,,,service,44.9316565,-123.03562099999999
way/478493318,Unnamed Feature,road,44.9309143,-123.0323576,,,service,44.9316565,-123.03562099999999
way/478493319,Unnamed Feature,road,44.9312051,-123.0328047,,,service,44.9316565,-123.03562099999999
way/478493320,Unnamed Feature,road,44.9312313,-123.0322014,,,service,44.9316565,-123.03562099999999
way/478493321,Unnamed Feature,road,44.9313985,-123.0321189,,,service,44.9316565,-123.03562099999999
way/478493322,Unnamed Feature,road,44.931563,-123.0320379,,,service,44.9316565,-123.03562099999999
way/494034844,Capitol Street Southeast,road,44.9320206,-123.0325402,,,tertiary,44.9316565,-123.03562099999999
way/494034845,Capitol Street Southeast,road,44.9314023,-123.032854,,,tertiary,44.9316565,-123.03562099999999
way/494034846,Capitol Street Southeast,road,44.930877,-123.0331149,,,tertiary,44.9316565,-123.03562099999999
way/494034847,Capitol Street Southeast,road,44.9316922,-123.0327068,,,tertiary,44.9316565,-123.03562099999999
way/494034848,Mission Street Southeast,road,44.9305998,-123.0328004,,,secondary,44.9316565,-123.03562099999999
way/494034849,Mission Street Southeast,road,44.9304457,-123.0321362,,,secondary,44.9316565,-123.03562099999999
way/494034850,Mission Street Southeast,road,44.9300866,-123.0308996,,,secondary,44.9316565,-123.03562099999999
way/663083628,Unnamed Feature,road,44.9280042,-123.037688,,,path,44.9316565,-123.03562099999999
way/695751707,Mission Street Southeast,road,44.9321611,-123.038793,,,secondary,44.9316565,-123.03562099999999
way/771856609,Unnamed Feature,road,44.9318914,-123.036089,,,service,44.9316565,-123.03562099999999
way/776289290,Raw Automotive,shop_car_repair,44.9284311,-123.0311841,,car_repair,,44.9316565,-123.03562099999999
way/808984192,Unnamed Feature,road,44.9319863,-123.0356325,,,footway,44.9316565,-123.03562099999999
way/808984193,Unnamed Feature,road,44.9319063,-123.0354262,,,footway,44.9316565,-123.03562099999999
way/808984201,Unnamed Feature,road,44.9318849,-123.0374204,,,footway,44.9316565,-123.03562099999999
way/808984203,Unnamed Feature,road,44.9321931,-123.0388934,,,footway,44.9316565,-123.03562099999999
way/808984208,Unnamed Feature,road,44.9320275,-123.0325175,,,footway,44.9316565,-123.03562099999999
way/808984210,Unnamed Feature,road,44.9318643,-123.032502,,,footway,44.9316565,-123.03562099999999
way/808984211,Unnamed Feature,road,44.9319771,-123.0323611,,,footway,44.9316565,-123.03562099999999
way/818445837,Unnamed Feature,road,44.9317145,-123.0352094,,,service,44.9316565,-123.03562099999999
way/818445838,Unnamed Feature,road,44.9318238,-123.0352412,,,service,44.9316565,-123.03562099999999
way/818445839,Unnamed Feature,road,44.9320701,-123.0352597,,,service,44.9316565,-123.03562099999999
way/898403281,Unnamed Feature,road,44.9325867,-123.0370856,,,service,44.9316565,-123.03562099999999
way/904000024,Unnamed Feature,road,44.9275335,-123.0324244,,,service,44.9316565,-123.03562099999999
way/906021917,Unnamed Feature,road,44.9318612,-123.0421458,,,service,44.9316565,-123.03562099999999
way/906021918,Unnamed Feature,road,44.9320499,-123.0418452,,,service,44.9316565,-123.03562099999999
way/906038336,Unnamed Feature,road,44.9319443,-123.0299547,,,service,44.9316565,-123.03562099999999
way/906038337,Unnamed Feature,road,44.9317567,-123.0297044,,,service,44.9316565,-123.03562099999999
way/906038338,Unnamed Feature,road,44.9317453,-123.0302671,,,service,44.9316565,-123.03562099999999
way/906055632,Unnamed Feature,road,44.9290116,-123.031166,,,service,44.9316565,-123.03562099999999
way/906055633,Unnamed Feature,road,44.9295436,-123.0304013,,,service,44.9316565,-123.03562099999999
way/906055634,Unnamed Feature,road,44.9295783,-123.0300084,,,service,44.9316565,-123.03562099999999
way/906055635,Unnamed Feature,road,44.9296678,-123.0302951,,,service,44.9316565,-123.03562099999999
way/930883707,Unnamed Feature,road,44.9309368,-123.0310204,,,service,44.9316565,-123.03562099999999
way/930883708,Unnamed Feature,road,44.9308199,-123.0308302,,,service,44.9316565,-123.03562099999999
way/930883709,Unnamed Feature,road,44.9319292,-123.0309178,,,service,44.9316565,-123.03562099999999
way/930883710,Unnamed Feature,road,44.9321445,-123.0293996,,,service,44.9316565,-123.03562099999999
way/930883711,Unnamed Feature,road,44.931844,-123.0295768,,,service,44.9316565,-123.03562099999999
way/937918083,Unnamed Feature,road,44.9298876,-123.0312603,,,footway,44.9316565,-123.03562099999999
way/937918085,Unnamed Feature,road,44.929574,-123.0314953,,,footway,44.9316565,-123.03562099999999
way/937918086,Unnamed Feature,road,44.9293858,-123.0309831,,,footway,44.9316565,-123.03562099999999
way/937934549,Unnamed Feature,road,44.9301083,-123.0360437,,,cycleway,44.9316565,-123.03562099999999
way/937934550,Unnamed Feature,road,44.9271686,-123.0351383,,,cycleway,44.9316565,-123.03562099999999
way/962176934,Unnamed Feature,road,44.931837,-123.0413297,,,service,44.9316565,-123.03562099999999
way/986603202,Unnamed Feature,road,44.9325491,-123.0353492,,,footway,44.9316565,-123.03562099999999
way/986603206,Unnamed Feature,road,44.9328224,-123.0352043,,,footway,44.9316565,-123.03562099999999
way/986603238,Unnamed Feature,road,44.9324946,-123.0351759,,,footway,44.9316565,-123.03562099999999
way/1052627918,High Street Southeast,road,44.9296234,-123.041169,,,tertiary,44.9316565,-123.03562099999999
way/1088334481,Unnamed Feature,road,44.9318509,-123.0294296,,,footway,44.9316565,-123.03562099999999
way/1094360583,Unnamed Feature,road,44.9328691,-123.0347856,,,footway,44.9316565,-123.03562099999999
way/1094360584,Unnamed Feature,road,44.9329574,-123.0350362,,,service,44.9316565,-123.03562099999999
way/1094360587,Emergency,road,44.9322564,-123.0329028,,,service,44.9316565,-123.03562099999999
way/1094360588,Unnamed Feature,road,44.93231,-123.0324592,,,service,44.9316565,-123.03562099999999
way/1094360589,Emergency,road,44.9324185,-123.0329624,,,service,44.9316565,-123.03562099999999
way/1094360591,Emergency,road,44.9324248,-123.0333835,,,service,44.9316565,-123.03562099999999
way/1094360592,Unnamed Feature,road,44.9322814,-123.0332773,,,service,44.9316565,-123.03562099999999
way/1094360593,Unnamed Feature,road,44.9319591,-123.032672,,,service,44.9316565,-123.03562099999999
way/1094360594,Unnamed Feature,road,44.9319022,-123.0328511,,,service,44.9316565,-123.03562099999999
way/1095096759,Unnamed Feature,road,44.9324166,-123.0334807,,,footway,44.9316565,-123.03562099999999
way/1095096760,Unnamed Feature,road,44.9311473,-123.0341481,,,service,44.9316565,-123.03562099999999
way/1095096762,Unnamed Feature,road,44.9319932,-123.0328064,,,service,44.9316565,-123.03562099999999
way/1095096763,Unnamed Feature,road,44.9316952,-123.0333571,,,service,44.9316565,-123.03562099999999
way/1095096768,Unnamed Feature,road,44.931866,-123.0327185,,,service,44.9316565,-123.03562099999999
way/1095096769,Unnamed Feature,road,44.9321843,-123.0333236,,,service,44.9316565,-123.03562099999999
way/1095096770,Unnamed Feature,road,44.9327296,-123.0348196,,,service,44.9316565,-123.03562099999999
way/1105928925,Unnamed Feature,road,44.9315038,-123.0351887,,,service,44.9316565,-123.03562099999999
way/1105928926,Unnamed Feature,road,44.9316769,-123.0355395,,,service,44.9316565,-123.03562099999999
way/1105928927,Unnamed Feature,road,44.9312803,-123.0350854,,,service,44.9316565,-123.03562099999999
way/1105928929,Unnamed Feature,road,44.9314042,-123.0347423,,,service,44.9316565,-123.03562099999999
way/1105928930,Unnamed Feature,road,44.9312118,-123.0348512,,,service,44.9316565,-123.03562099999999
way/1105928931,Unnamed Feature,road,44.9316024,-123.0347329,,,service,44.9316565,-123.03562099999999
way/1117964022,Unnamed Feature,road,44.9325575,-123.0376653,,,footway,44.9316565,-123.03562099999999
way/1117964023,Unnamed Feature,road,44.9325074,-123.0375237,,,footway,44.9316565,-123.03562099999999
way/1117964024,Unnamed Feature,road,44.9324892,-123.0375054,,,footway,44.9316565,-123.03562099999999
way/1117964025,Unnamed Feature,road,44.9324457,-123.0375255,,,footway,44.9316565,-123.03562099999999
way/1117964026,Unnamed Feature,road,44.9324714,-123.0373977,,,footway,44.9316565,-123.03562099999999
way/1117964028,Unnamed Feature,road,44.9324013,-123.0375466,,,footway,44.9316565,-123.03562099999999
way/1117964029,Unnamed Feature,road,44.9323644,-123.0374519,,,footway,44.9316565,-123.03562099999999
way/1117964030,Unnamed Feature,road,44.932108,-123.0372624,,,footway,44.9316565,-123.03562099999999
way/1117964031,Unnamed Feature,road,44.9322741,-123.0379418,,,footway,44.9316565,-123.03562099999999
way/1117964033,Unnamed Feature,road,44.9326316,-123.0374588,,,footway,44.9316565,-123.03562099999999
way/1117964037,Unnamed Feature,road,44.932531,-123.0371004,,,footway,44.9316565,-123.03562099999999
way/1117964038,Unnamed Feature,road,44.9327038,-123.0368118,,,footway,44.9316565,-123.03562099999999
way/1117964039,Unnamed Feature,road,44.9327493,-123.0367246,,,footway,44.9316565,-123.03562099999999
way/1117964049,Unnamed Feature,road,44.9327369,-123.0374365,,,footway,44.9316565,-123.03562099999999
way/1117964052,Unnamed Feature,road,44.9327517,-123.0366265,,,footway,44.9316565,-123.03562099999999
way/1117964053,Unnamed Feature,road,44.9326431,-123.0365187,,,footway,44.9316565,-123.03562099999999
way/1117964054,Unnamed Feature,road,44.932751,-123.0364847,,,footway,44.9316565,-123.03562099999999
way/1117964055,Unnamed Feature,road,44.9320205,-123.0365302,,,footway,44.9316565,-123.03562099999999
way/1117964056,Unnamed Feature,road,44.932251,-123.0370245,,,footway,44.9316565,-123.03562099999999
way/1117964057,Unnamed Feature,road,44.932329,-123.0370913,,,footway,44.9316565,-123.03562099999999
way/1117964058,Unnamed Feature,road,44.9323579,-123.0369707,,,footway,44.9316565,-123.03562099999999
way/1117964059,Unnamed Feature,road,44.9322799,-123.0369039,,,footway,44.9316565,-123.03562099999999
way/1117964060,Unnamed Feature,road,44.9323074,-123.0367788,,,footway,44.9316565,-123.03562099999999
way/1117964061,Unnamed Feature,road,44.9322699,-123.0366357,,,footway,44.9316565,-123.03562099999999
way/1117964062,Unnamed Feature,road,44.9322164,-123.0362338,,,footway,44.9316565,-123.03562099999999
way/1117964063,Unnamed Feature,road,44.9320658,-123.0358644,,,footway,44.9316565,-123.03562099999999
way/1117964064,Unnamed Feature,road,44.9321767,-123.0358268,,,footway,44.9316565,-123.03562099999999
way/1117964065,Unnamed Feature,road,44.9321495,-123.0356684,,,footway,44.9316565,-123.03562099999999
way/1117964066,Unnamed Feature,road,44.9320409,-123.0357126,,,footway,44.9316565,-123.03562099999999
way/1117964067,Unnamed Feature,road,44.9324915,-123.0356987,,,footway,44.9316565,-123.03562099999999
way/1117964068,Unnamed Feature,road,44.9327806,-123.035235,,,footway,44.9316565,-123.03562099999999
way/1117964078,Unnamed Feature,road,44.933181,-123.0350989,,,footway,44.9316565,-123.03562099999999
way/1214156716,Bush Street Southeast,road,44.9311303,-123.0408925,,,service,44.9316565,-123.03562099999999
way/1214156717,Bush Street Southeast,road,44.9308824,-123.0393805,,,service,44.9316565,-123.03562099999999
way/1214449137,Unnamed Feature,road,44.9311886,-123.039015,,,footway,44.9316565,-123.03562099999999
way/1214449138,Unnamed Feature,road,44.9312005,-123.0390695,,,footway,44.9316565,-123.03562099999999
way/1222104583,Unnamed Feature,road,44.9311262,-123.0411013,,,footway,44.9316565,-123.03562099999999
way/1222181997,Unnamed Feature,road,44.9306333,-123.0388187,,,steps,44.9316565,-123.03562099999999
way/1223345632,Unnamed Feature,road,44.9310636,-123.0409916,,,footway,44.9316565,-123.03562099999999
way/1223345633,Unnamed Feature,road,44.9310524,-123.0410155,,,footway,44.9316565,-123.03562099999999
way/1223345634,Unnamed Feature,road,44.9311335,-123.0409859,,,footway,44.9316565,-123.03562099999999
way/1223345635,Unnamed Feature,road,44.9311803,-123.0410023,,,footway,44.9316565,-123.03562099999999
way/1223345636,Unnamed Feature,road,44.9312194,-123.0410017,,,footway,44.9316565,-123.03562099999999
way/1223345637,Unnamed Feature,road,44.9311713,-123.0409463,,,footway,44.9316565,-123.03562099999999
way/1223345638,Unnamed Feature,road,44.9310476,-123.0401349,,,footway,44.9316565,-123.03562099999999
way/1223345639,Unnamed Feature,road,44.9309046,-123.0393712,,,footway,44.9316565,-123.03562099999999
way/1223350096,Unnamed Feature,road,44.930726,-123.0391255,,,footway,44.9316565,-123.03562099999999
way/1223350099,Unnamed Feature,road,44.9306812,-123.0388985,,,footway,44.9316565,-123.03562099999999
way/1223354362,Unnamed Feature,road,44.9301347,-123.0412407,,,footway,44.9316565,-123.03562099999999
way/1223354364,Unnamed Feature,road,44.9316484,-123.0411386,,,footway,44.9316565,-123.03562099999999
way/1223354366,Unnamed Feature,road,44.9312265,-123.0417408,,,footway,44.9316565,-123.03562099999999
way/1223384561,Unnamed Feature,road,44.9310766,-123.0417527,,,footway,44.9316565,-123.03562099999999
way/1223384565,Unnamed Feature,road,44.9320803,-123.0416833,,,footway,44.9316565,-123.03562099999999
way/1224642288,Unnamed Feature,road,44.9305515,-123.0394567,,,footway,44.9316565,-123.03562099999999
way/1224642289,Unnamed Feature,road,44.9306519,-123.0393198,,,footway,44.9316565,-123.03562099999999
way/1224646648,Unnamed Feature,road,44.930791,-123.0392827,,,footway,44.9316565,-123.03562099999999
way/1224646649,Unnamed Feature,road,44.9308382,-123.0393165,,,footway,44.9316565,-123.03562099999999
way/1224646650,Unnamed Feature,road,44.9308168,-123.0392278,,,footway,44.9316565,-123.03562099999999
way/1224919341,Unnamed Feature,road,44.9307989,-123.0392626,,,footway,44.9316565,-123.03562099999999
way/1224919342,Unnamed Feature,road,44.9305283,-123.0393612,,,footway,44.9316565,-123.03562099999999
way/1224919343,Unnamed Feature,road,44.9305475,-123.0395289,,,footway,44.9316565,-123.03562099999999
way/1224919345,Unnamed Feature,road,44.930697,-123.0393322,,,footway,44.9316565,-123.03562099999999
way/1224919346,Unnamed Feature,road,44.9299186,-123.0394931,,,footway,44.9316565,-123.03562099999999
way/1224919905,Unnamed Feature,road,44.930616,-123.038777,,,footway,44.9316565,-123.03562099999999
way/1224946054,Unnamed Feature,road,44.932253,-123.0388646,,,footway,44.9316565,-123.03562099999999
way/1224946055,Unnamed Feature,road,44.9321414,-123.0389186,,,footway,44.9316565,-123.03562099999999
way/1224946056,Unnamed Feature,road,44.9310041,-123.0346056,,,footway,44.9316565,-123.03562099999999
way/1224946057,Unnamed Feature,road,44.9313974,-123.0356212,,,footway,44.9316565,-123.03562099999999
way/1224946058,Unnamed Feature,road,44.9313522,-123.0359486,,,footway,44.9316565,-123.03562099999999
way/1224946059,Unnamed Feature,road,44.9314723,-123.0358824,,,footway,44.9316565,-123.03562099999999
way/1224946060,Unnamed Feature,road,44.9312817,-123.0356831,,,footway,44.9316565,-123.03562099999999
way/1224946061,Unnamed Feature,road,44.9314141,-123.0356424,,,footway,44.9316565,-123.03562099999999
way/1224946062,Unnamed Feature,road,44.9313469,-123.035387,,,footway,44.9316565,-123.03562099999999
way/1224946063,Unnamed Feature,road,44.9310621,-123.034375,,,footway,44.9316565,-123.03562099999999
way/1224946064,Unnamed Feature,road,44.9311895,-123.0348243,,,footway,44.9316565,-123.03562099999999
way/1224946065,Unnamed Feature,road,44.9309181,-123.0337492,,,footway,44.9316565,-123.03562099999999
way/1224946066,Unnamed Feature,road,44.930762,-123.0330043,,,footway,44.9316565,-123.03562099999999
way/1225288000,Unnamed Feature,road,44.931316,-123.0358389,,,cycleway,44.9316565,-123.03562099999999
way/1286462037,Unnamed Feature,road,44.9311544,-123.0303208,,,service,44.9316565,-123.03562099999999
way/1286462038,Unnamed Feature,road,44.9315275,-123.0302435,,,service,44.9316565,-123.03562099999999
way/1286462041,Unnamed Feature,road,44.9308213,-123.0307289,,,service,44.9316565,-123.03562099999999
way/1286462042,Unnamed Feature,road,44.9307965,-123.030459,,,service,44.9316565,-123.03562099999999
way/1286462043,Unnamed Feature,road,44.9310231,-123.0304936,,,service,44.9316565,-123.03562099999999
way/1286462045,Unnamed Feature,road,44.9304654,-123.030703,,,service,44.9316565,-123.03562099999999
way/1286462046,Unnamed Feature,road,44.9308233,-123.0313343,,,service,44.9316565,-123.03562099999999
way/1286462047,Unnamed Feature,road,44.9304474,-123.03078,,,service,44.9316565,-123.03562099999999
way/1286462048,Unnamed Feature,road,44.9302964,-123.0307255,,,service,44.9316565,-123.03562099999999
way/1286462049,Unnamed Feature,road,44.930345,-123.0309582,,,service,44.9316565,-123.03562099999999
way/1286462051,Unnamed Feature,road,44.9315479,-123.0340981,,,service,44.9316565,-123.03562099999999
way/1286462054,Unnamed Feature,road,44.9316379,-123.0300836,,,service,44.9316565,-123.03562099999999
way/1286462057,Unnamed Feature,road,44.9318634,-123.0305113,,,service,44.9316565,-123.03562099999999
way/1286469985,Unnamed Feature,road,44.9300535,-123.0317684,,,footway,44.9316565,-123.03562099999999
way/1286469986,Unnamed Feature,road,44.9300908,-123.0315265,,,footway,44.9316565,-123.03562099999999
way/1286469987,Unnamed Feature,road,44.9293221,-123.031196,,,footway,44.9316565,-123.03562099999999
way/1286469988,Unnamed Feature,road,44.9293497,-123.0319776,,,footway,44.9316565,-123.03562099999999
way/1286469989,Unnamed Feature,road,44.9293138,-123.0320799,,,footway,44.9316565,-123.03562099999999
way/1286469990,Unnamed Feature,road,44.9293334,-123.0316703,,,footway,44.9316565,-123.03562099999999
way/1286469991,Unnamed Feature,road,44.9294625,-123.0318425,,,footway,44.9316565,-123.03562099999999
way/1286469994,Unnamed Feature,road,44.9291669,-123.0316652,,,footway,44.9316565,-123.03562099999999
way/1286469995,Unnamed Feature,road,44.9297599,-123.0317564,,,footway,44.9316565,-123.03562099999999
way/1286469996,Unnamed Feature,road,44.9296324,-123.0319076,,,footway,44.9316565,-123.03562099999999
way/1286469997,Unnamed Feature,road,44.929518,-123.0317407,,,footway,44.9316565,-123.03562099999999
way/1286469998,Unnamed Feature,road,44.9291721,-123.0315107,,,footway,44.9316565,-123.03562099999999
way/1286469999,Unnamed Feature,road,44.9299742,-123.0318702,,,footway,44.9316565,-123.03562099999999
way/1286470000,Unnamed Feature,road,44.9297955,-123.032223,,,footway,44.9316565,-123.03562099999999
way/1286470001,Unnamed Feature,road,44.9294256,-123.0319406,,,footway,44.9316565,-123.03562099999999
way/1286470002,Unnamed Feature,road,44.9293841,-123.0316162,,,footway,44.9316565,-123.03562099999999
way/1286470004,Unnamed Feature,road,44.9294206,-123.0314697,,,footway,44.9316565,-123.03562099999999
way/1286470005,Unnamed Feature,road,44.9299142,-123.0320937,,,footway,44.9316565,-123.03562099999999
way/1286470006,Unnamed Feature,road,44.9298225,-123.0318001,,,footway,44.9316565,-123.03562099999999
way/1286470007,Unnamed Feature,road,44.9298499,-123.0319468,,,footway,44.9316565,-123.03562099999999
way/1286470008,Unnamed Feature,road,44.9298113,-123.0320603,,,footway,44.9316565,-123.03562099999999
way/1316866356,Unnamed Feature,road,44.9295673,-123.0414013,,,service,44.9316565,-123.03562099999999
way/1316866361,Unnamed Feature,road,44.9298596,-123.0413703,,,service,44.9316565,-123.03562099999999
way/1316866362,Unnamed Feature,road,44.930304,-123.0413553,,,service,44.9316565,-123.03562099999999
way/1460408220,Unnamed Feature,road,44.9280318,-123.0322995,,,service,44.9316565,-123.03562099999999
way/1496918792,Unnamed Feature,road,44.9315214,-123.0299605,,,footway,44.9316565,-123.03562099999999
way/1496918793,Unnamed Feature,road,44.9305955,-123.0304218,,,footway,44.9316565,-123.03562099999999
way/1496918794,Unnamed Feature,road,44.9310158,-123.030213,,,footway,44.9316565,-123.03562099999999
way/1496918795,Unnamed Feature,road,44.9320352,-123.0297027,,,footway,44.9316565,-123.03562099999999
way/1496918796,Unnamed Feature,road,44.9321068,-123.0296667,,,footway,44.9316565,-123.03562099999999
way/1552100976,Unnamed Feature,road,44.9280152,-123.0334364,,,path,44.9316565,-123.03562099999999
node/341447766,First Tech Credit Union,bank,44.9355944,-123.022639,bank,,,44.936656500000005,-123.025621
node/1169477715,Kaneko Dining,restaurant,44.9328306,-123.0271285,cafe,,,44.936656500000005,-123.025621
node/1887615439,King Donuts,restaurant,44.9354786,-123.020432,restaurant,,,44.936656500000005,-123.025621
node/8855966896,Safeway,pharmacy,44.9409359,-123.0241533,pharmacy,,,44.936656500000005,-123.025621
node/8934337711,Modern Nails & Salon,shop_beauty,44.935304,-123.0198559,,beauty,,44.936656500000005,-123.025621
node/9036456765,Unnamed Feature,bus_stop,44.9400006,-123.024446,,,bus_stop,44.936656500000005,-123.025621
node/9036700759,Unnamed Feature,bus_stop,44.9363471,-123.0239922,,,bus_stop,44.936656500000005,-123.025621
node/9429593885,Studio 12|5,shop_hairdresser,44.9358143,-123.020414,,hairdresser,,44.936656500000005,-123.025621
node/11159663205,Unnamed Feature,shop_vacant,44.9355448,-123.0198743,,vacant,,44.936656500000005,-123.025621
node/13037843202,Armstrong Wellness,healthcare,44.9358024,-123.0205225,clinic,,,44.936656500000005,-123.025621
way/5502222,15th Street Northeast,road,44.9376503,-123.0222922,,,residential,44.936656500000005,-123.025621
way/5506368,17th Street Southeast,road,44.9319818,-123.0218307,,,secondary,44.936656500000005,-123.025621
way/5507472,15th Street Southeast,road,44.9356997,-123.0231053,,,residential,44.936656500000005,-123.025621
way/5508573,14th Street Northeast,road,44.9399547,-123.0225174,,,tertiary,44.936656500000005,-123.025621
way/5509789,Strand Avenue Southeast,road,44.9326882,-123.0234941,,,service,44.936656500000005,-123.025621
way/5512230,Bellevue Street Southeast,road,44.9320189,-123.02516,,,residential,44.936656500000005,-123.025621
way/5512838,Trade Street Southeast,road,44.9328207,-123.0194531,,,residential,44.936656500000005,-123.025621
way/5513815,Unnamed Feature,road,44.9370336,-123.0197984,,,service,44.936656500000005,-123.025621
way/5513825,16th Street Southeast,road,44.9324753,-123.0227309,,,residential,44.936656500000005,-123.025621
way/30366464,Center Street Northeast,road,44.9393484,-123.0201782,,,secondary,44.936656500000005,-123.025621
way/30366466,Center Street Northeast,road,44.9395536,-123.0223767,,,secondary,44.936656500000005,-123.025621
way/30809046,First Tech Credit Union,road,44.9356702,-123.0226831,,,service,44.936656500000005,-123.025621
way/30809420,State Street,road,44.9357671,-123.0222778,,,secondary,44.936656500000005,-123.025621
way/30810865,Unnamed Feature,road,44.9358955,-123.0238699,,,service,44.936656500000005,-123.025621
way/30830083,Unnamed Feature,road,44.9353754,-123.0222774,,,service,44.936656500000005,-123.025621
way/31148058,Unnamed Feature,road,44.9385886,-123.0233558,,,cycleway,44.936656500000005,-123.025621
way/31148059,Chemeketa Street Northeast,road,44.9379701,-123.0212346,,,residential,44.936656500000005,-123.025621
way/32077955,Unnamed Feature,road,44.9353984,-123.0230344,,,service,44.936656500000005,-123.025621
way/32334922,Unnamed Feature,road,44.9350251,-123.0198785,,,service,44.936656500000005,-123.025621
way/32335445,15th Street Southeast,road,44.934236,-123.0238368,,,residential,44.936656500000005,-123.025621
way/32358468,Mill Street Southeast,road,44.9325547,-123.0227677,,,residential,44.936656500000005,-123.025621
way/37102147,U.S. Market,grocery_store,44.9347162,-123.0199789,,convenience,,44.936656500000005,-123.025621
way/37102148,Word of Mouth Bistro,restaurant,44.9357173,-123.0198176,restaurant,,,44.936656500000005,-123.025621
way/37102150,American Market,grocery_store,44.9359199,-123.0241029,,convenience,,44.936656500000005,-123.025621
way/162922277,Center Street Northeast,road,44.9397236,-123.0230724,,,secondary,44.936656500000005,-123.025621
way/162922296,Penny Lane,road,44.9365056,-123.0227339,,,service,44.936656500000005,-123.025621
way/162922302,Unnamed Feature,road,44.937958,-123.0226259,,,service,44.936656500000005,-123.025621
way/164560314,Unnamed Feature,road,44.9323891,-123.0267921,,,footway,44.936656500000005,-123.025621
way/164560326,Unnamed Feature,road,44.9324229,-123.0269284,,,footway,44.936656500000005,-123.025621
way/167146206,Unnamed Feature,road,44.9333133,-123.0191703,,,service,44.936656500000005,-123.025621
way/167146207,Unnamed Feature,road,44.9328709,-123.0219727,,,service,44.936656500000005,-123.025621
way/167147801,Center Street Northeast,road,44.9399777,-123.023804,,,secondary,44.936656500000005,-123.025621
way/167147830,13th Street Northeast,road,44.9405234,-123.0237925,,,secondary,44.936656500000005,-123.025621
way/169069988,Bush Elementary,education,44.9326458,-123.0252961,school,,,44.936656500000005,-123.025621
way/169069989,Chemeketa Street Northeast,road,44.9387275,-123.024,,,residential,44.936656500000005,-123.025621
way/169070014,Unnamed Feature,road,44.93244,-123.0237628,,,footway,44.936656500000005,-123.025621
way/169070022,Unnamed Feature,road,44.9328733,-123.025205,,,pedestrian,44.936656500000005,-123.025621
way/169070023,Unnamed Feature,road,44.9324871,-123.0252248,,,footway,44.936656500000005,-123.025621
way/169070026,Unnamed Feature,road,44.9326564,-123.0254047,,,footway,44.936656500000005,-123.025621
way/169070027,Unnamed Feature,road,44.932091,-123.0244994,,,footway,44.936656500000005,-123.025621
way/169070028,Unnamed Feature,road,44.932365,-123.024629,,,footway,44.936656500000005,-123.025621
way/169070045,Unnamed Feature,road,44.9325908,-123.0254276,,,footway,44.936656500000005,-123.025621
way/169070049,Unnamed Feature,road,44.9331509,-123.02541,,,service,44.936656500000005,-123.025621
way/169070052,Unnamed Feature,road,44.9327449,-123.0254277,,,footway,44.936656500000005,-123.025621
way/169949663,Unnamed Feature,road,44.9323938,-123.0264711,,,service,44.936656500000005,-123.025621
way/169949725,Unnamed Feature,road,44.9322035,-123.0270606,,,service,44.936656500000005,-123.025621
way/183244807,14th Street Southeast,road,44.9318186,-123.0265841,,,tertiary,44.936656500000005,-123.025621
way/197952025,State Street,road,44.9348621,-123.0188096,,,secondary,44.936656500000005,-123.025621
way/197952027,17th Street Northeast,road,44.9363553,-123.0197654,,,secondary,44.936656500000005,-123.025621
way/241405473,Unnamed Feature,road,44.9367869,-123.0225408,,,service,44.936656500000005,-123.025621
way/247301553,Wyatt Court Northeast,road,44.9389771,-123.0200158,,,residential,44.936656500000005,-123.025621
way/543788167,Unnamed Feature,road,44.9356604,-123.019334,,,service,44.936656500000005,-123.025621
way/634756098,State Street,road,44.9352032,-123.0201214,,,secondary,44.936656500000005,-123.025621
way/634757624,State Street,road,44.9353036,-123.02051,,,secondary,44.936656500000005,-123.025621
way/674614805,17th Street Southeast,road,44.9347733,-123.020548,,,secondary,44.936656500000005,-123.025621
way/674614806,Ferry Street Southeast,road,44.933777,-123.0187422,,,residential,44.936656500000005,-123.025621
way/695032864,Center Street Northeast,road,44.939904,-123.0238459,,,secondary,44.936656500000005,-123.025621
way/743248420,Unnamed Feature,road,44.9335771,-123.0221678,,,footway,44.936656500000005,-123.025621
way/743248440,Unnamed Feature,road,44.9335363,-123.0222809,,,footway,44.936656500000005,-123.025621
way/743248466,Unnamed Feature,road,44.9334914,-123.0221149,,,footway,44.936656500000005,-123.025621
way/743248494,Unnamed Feature,road,44.9334506,-123.0222279,,,footway,44.936656500000005,-123.025621
way/743248789,Unnamed Feature,road,44.9338258,-123.022936,,,footway,44.936656500000005,-123.025621
way/743249130,Unnamed Feature,road,44.9336589,-123.023005,,,footway,44.936656500000005,-123.025621
way/743249169,Unnamed Feature,road,44.9336986,-123.022924,,,footway,44.936656500000005,-123.025621
way/743249327,Unnamed Feature,road,44.9336839,-123.0225767,,,footway,44.936656500000005,-123.025621
way/743249376,Unnamed Feature,road,44.933551,-123.0226281,,,footway,44.936656500000005,-123.025621
way/743249437,Unnamed Feature,road,44.9334545,-123.0216786,,,footway,44.936656500000005,-123.025621
way/743249515,Unnamed Feature,road,44.9333228,-123.021742,,,footway,44.936656500000005,-123.025621
way/753637294,Unnamed Feature,road,44.9352578,-123.0203243,,,footway,44.936656500000005,-123.025621
way/753638058,Unnamed Feature,road,44.9362715,-123.0242306,,,footway,44.936656500000005,-123.025621
way/753638780,Unnamed Feature,road,44.9358844,-123.0222749,,,footway,44.936656500000005,-123.025621
way/753638837,Unnamed Feature,road,44.9355044,-123.021712,,,footway,44.936656500000005,-123.025621
way/753638855,Unnamed Feature,road,44.9358393,-123.023021,,,footway,44.936656500000005,-123.025621
way/753638868,Unnamed Feature,road,44.9360156,-123.0236971,,,footway,44.936656500000005,-123.025621
way/787044968,Unnamed Feature,road,44.9394415,-123.0208243,,,service,44.936656500000005,-123.025621
way/791565424,Salem Health Orthopedics,healthcare,44.9348243,-123.0215099,doctors,,,44.936656500000005,-123.025621
way/791565430,"Dunn & Roy, PC",office,44.9361659,-123.022686,,,,44.936656500000005,-123.025621
way/796856261,Unnamed Feature,road,44.9373976,-123.0201026,,,service,44.936656500000005,-123.025621
way/796856262,Unnamed Feature,road,44.9373463,-123.0199004,,,service,44.936656500000005,-123.025621
way/796856263,Unnamed Feature,road,44.9372901,-123.0196969,,,service,44.936656500000005,-123.025621
way/796856264,Unnamed Feature,road,44.9373423,-123.0196638,,,service,44.936656500000005,-123.025621
way/807939046,Unnamed Feature,road,44.9333756,-123.0257682,,,footway,44.936656500000005,-123.025621
way/807939047,Unnamed Feature,road,44.9329858,-123.0246005,,,footway,44.936656500000005,-123.025621
way/898366599,Unnamed Feature,road,44.9350007,-123.0220475,,,service,44.936656500000005,-123.025621
way/898498228,Unnamed Feature,road,44.9362512,-123.0239143,,,service,44.936656500000005,-123.025621
way/903993527,Unnamed Feature,road,44.9359385,-123.0236836,,,service,44.936656500000005,-123.025621
way/903993528,Unnamed Feature,road,44.9356633,-123.0236996,,,service,44.936656500000005,-123.025621
way/903993529,Unnamed Feature,road,44.9356822,-123.023816,,,service,44.936656500000005,-123.025621
way/903993530,Unnamed Feature,road,44.936041,-123.0231095,,,service,44.936656500000005,-123.025621
way/903993531,Unnamed Feature,road,44.9358879,-123.0219481,,,service,44.936656500000005,-123.025621
way/906021449,Unnamed Feature,road,44.9356698,-123.0200022,,,service,44.936656500000005,-123.025621
way/918507931,Unnamed Feature,road,44.9353964,-123.0198883,,,service,44.936656500000005,-123.025621
way/926102997,Unnamed Feature,road,44.9405881,-123.024293,,,footway,44.936656500000005,-123.025621
way/926310906,Unnamed Feature,road,44.9398355,-123.0235021,,,footway,44.936656500000005,-123.025621
way/926310922,Unnamed Feature,road,44.9385531,-123.0245755,,,service,44.936656500000005,-123.025621
way/930587371,Unnamed Feature,road,44.9354406,-123.0207614,,,service,44.936656500000005,-123.025621
way/930587372,Unnamed Feature,road,44.9356,-123.0204296,,,service,44.936656500000005,-123.025621
way/932505279,Unnamed Feature,road,44.9377883,-123.019718,,,service,44.936656500000005,-123.025621
way/932505280,Unnamed Feature,road,44.9378935,-123.0199568,,,service,44.936656500000005,-123.025621
way/937918102,14th Street Northeast,road,44.9385183,-123.0232372,,,residential,44.936656500000005,-123.025621
way/962465324,Unnamed Feature,road,44.9339541,-123.024718,,,service,44.936656500000005,-123.025621
way/962477872,Unnamed Feature,road,44.9359939,-123.0242601,,,service,44.936656500000005,-123.025621
way/962477873,Unnamed Feature,road,44.9361232,-123.0234254,,,service,44.936656500000005,-123.025621
way/962477875,Unnamed Feature,road,44.9360795,-123.0224026,,,service,44.936656500000005,-123.025621
way/962477876,Unnamed Feature,road,44.9363321,-123.0225454,,,service,44.936656500000005,-123.025621
way/965277257,Unnamed Feature,road,44.93961,-123.0231648,,,service,44.936656500000005,-123.025621
way/965277258,Unnamed Feature,road,44.9393991,-123.0229599,,,service,44.936656500000005,-123.025621
way/965277259,Unnamed Feature,road,44.9392422,-123.0229896,,,service,44.936656500000005,-123.025621
way/965277260,Unnamed Feature,road,44.9395442,-123.0241688,,,service,44.936656500000005,-123.025621
way/965277303,First Tech Credit Union,road,44.9353746,-123.0228055,,,service,44.936656500000005,-123.025621
way/965277304,First Tech Credit Union,road,44.9354368,-123.0227526,,,service,44.936656500000005,-123.025621
way/986862888,Unnamed Feature,road,44.9348844,-123.0203348,,,service,44.936656500000005,-123.025621
way/986862894,Unnamed Feature,road,44.9351942,-123.0213371,,,footway,44.936656500000005,-123.025621
way/986862898,Unnamed Feature,road,44.9349066,-123.0200796,,,service,44.936656500000005,-123.025621
way/986862904,Unnamed Feature,road,44.9349206,-123.0209804,,,footway,44.936656500000005,-123.025621
way/1040690877,Unnamed Feature,road,44.9406089,-123.0232975,,,footway,44.936656500000005,-123.025621
way/1040690881,Unnamed Feature,road,44.9396625,-123.0227589,,,footway,44.936656500000005,-123.025621
way/1040974287,Unnamed Feature,road,44.9411534,-123.0235593,,,footway,44.936656500000005,-123.025621
way/1070584219,Unnamed Feature,road,44.9372189,-123.0194144,,,service,44.936656500000005,-123.025621
way/1233195550,Unnamed Feature,road,44.9358227,-123.0197261,,,service,44.936656500000005,-123.025621
way/1233195553,Unnamed Feature,road,44.9357794,-123.019576,,,service,44.936656500000005,-123.025621
way/1234870281,Unnamed Feature,road,44.934805,-123.0189772,,,footway,44.936656500000005,-123.025621
way/1234870284,Unnamed Feature,road,44.9349778,-123.01891,,,footway,44.936656500000005,-123.025621
way/1236132461,State Street,road,44.9361985,-123.0239261,,,secondary,44.936656500000005,-123.025621
way/1293414162,Unnamed Feature,road,44.9364142,-123.0198321,,,footway,44.936656500000005,-123.025621
way/1306750560,Unnamed Feature,road,44.9384843,-123.0232524,,,footway,44.936656500000005,-123.025621
way/1306750561,Unnamed Feature,road,44.9390718,-123.0230631,,,footway,44.936656500000005,-123.025621
way/1306750562,Unnamed Feature,road,44.9395413,-123.0227762,,,footway,44.936656500000005,-123.025621
way/1306750563,Unnamed Feature,road,44.9397643,-123.0226636,,,footway,44.936656500000005,-123.025621
way/1306750564,Unnamed Feature,road,44.9392596,-123.0238524,,,footway,44.936656500000005,-123.025621
way/1306750565,Unnamed Feature,road,44.9388753,-123.0245991,,,footway,44.936656500000005,-123.025621
way/1306791407,Unnamed Feature,road,44.9388471,-123.0228805,,,service,44.936656500000005,-123.025621
way/1314290013,Unnamed Feature,road,44.9351613,-123.0212813,,,service,44.936656500000005,-123.025621
way/1314290014,Unnamed Feature,road,44.935287,-123.0214068,,,service,44.936656500000005,-123.025621
way/1314290015,Unnamed Feature,road,44.9350489,-123.0214055,,,service,44.936656500000005,-123.025621
way/1314290016,Unnamed Feature,road,44.9349126,-123.0209061,,,service,44.936656500000005,-123.025621
way/1314290017,Unnamed Feature,road,44.9346135,-123.0207605,,,service,44.936656500000005,-123.025621
way/1314290018,Unnamed Feature,road,44.9358505,-123.0215546,,,service,44.936656500000005,-123.025621
way/1314290019,Unnamed Feature,road,44.9361246,-123.0214091,,,service,44.936656500000005,-123.025621
way/1314290020,Unnamed Feature,road,44.9357411,-123.0212361,,,service,44.936656500000005,-123.025621
way/1314290021,Unnamed Feature,road,44.9360236,-123.0212843,,,service,44.936656500000005,-123.025621
way/1316552406,Unnamed Feature,road,44.9357906,-123.0202181,,,service,44.936656500000005,-123.025621
way/1316552408,Unnamed Feature,road,44.935021,-123.0220343,,,service,44.936656500000005,-123.025621
way/1316552409,Unnamed Feature,road,44.9352832,-123.0220386,,,service,44.936656500000005,-123.025621
way/1316552410,Unnamed Feature,road,44.935493,-123.022087,,,service,44.936656500000005,-123.025621
way/1354971064,Unnamed Feature,road,44.9403335,-123.0230454,,,path,44.936656500000005,-123.025621
way/1554647664,Cajun El Tijuanense,restaurant,44.9358241,-123.0243016,fast_food,,,44.936656500000005,-123.025621
